iso_alpha_3,year,cap_liberal_democracy_idx,cap_corruption_idx,cap_control_corruption,cap_govt_effectiveness,cap_political_stability,cap_regulatory_quality,cap_voice_accountability,con_ndgain_score,con_ndgain_vulnerability,con_renewables_share_elec_pct,inc_has_carbon_tax,inc_has_framework_law,inc_has_renewable_target,x_log_signed_con_coal,x_log_signed_con_hydro,x_log_signed_con_edgar_ghg_mt,x_log_signed_con_demand,x_log_signed_con_primary_energy_twh,x_log_signed_con_other_fossil,x_log_signed_con_demand_per_capita,x_log_signed_con_energy_per_capita_kwh,x_log_signed_cap_gdp_per_capita_ppp_current,x_log_signed_inc_carbon_pricing_coverage,x_log_signed_con_electricity_access_pct,em_lag_1y
AFG,2003,0.086,0.919,-1.34417974948883,-1.17576801776886,-2.19837236404419,-1.46310782432556,-1.1775711774826,35.5420415419219,0.59345123684489,69.231,0.0,0.0,0.0,2.387844936944869,0.173953307123438,3.310673112836601,0.6981347220709844,1.6030173446311777,0.039220713153281295,0.039220713153281295,5.167969472638488,6.875192863424461,0.0,2.995732273553991,3.2874526292921082
AFG,2004,0.091,0.931,-1.35064733028412,-0.945146262645721,-2.29568219184875,-1.51154899597168,-1.20303392410278,35.4097697721394,0.595817105304166,70.886,0.0,0.0,0.0,2.150598735996164,0.173953307123438,3.3156153923945797,0.636576829071551,1.5511730043021246,0.04879016416943201,0.039220713153281295,5.067381030203869,6.880007344267898,0.0,3.2108436531709366,3.310673112836601
AFG,2005,0.113,0.942,-1.44725239276886,-1.2288156747818,-2.06750988960266,-1.64344024658203,-1.12542963027954,32.0981979446875,0.602123845251527,71.951,0.0,0.0,0.0,2.1186622548331173,0.173953307123438,3.321104312247349,0.6523251860396903,1.7940900845663372,0.04879016416943201,0.039220713153281295,5.330145436712589,6.982015781210643,0.0,3.391147045808654,3.3156153923945797
AFG,2006,0.199,0.955,-1.44629228115082,-1.47365152835846,-2.21913456916809,-1.68946862220764,-1.11029398441315,30.5904862286104,0.604628709316117,71.111,0.0,0.0,0.0,2.871868286331605,0.18232155679395462,3.3280709135573328,0.8458682675776092,2.0190278351192146,0.04879016416943201,0.04879016416943201,5.552443948127844,7.0236115447445515,0.0,3.5409593240373143,3.321104312247349
AFG,2007,0.2,0.957,-1.61325109004974,-1.44011056423187,-2.4133734703064,-1.70887231826782,-1.05765390396118,30.1639516686315,0.600051012497378,74.257,0.0,0.0,0.0,2.7631695003232895,0.18232155679395462,3.3692816945504274,0.9631743177730056,2.1699675683792066,0.04879016416943201,0.058268908123975775,5.705228095908768,7.160806964234275,0.0,3.673765816303888,3.3280709135573328
AFG,2008,0.202,0.957,-1.67209553718567,-1.52779507637024,-2.69136095046997,-1.60716688632965,-1.16890180110931,29.8777643980503,0.599393182526088,69.231,0.0,0.0,0.0,2.871868286331605,0.1906203596086497,3.478343341886547,0.9282193027394289,2.7750856024383683,0.058268908123975775,0.058268908123975775,6.343743342128598,7.196497239518277,0.0,3.770459441106359,3.3692816945504274
AFG,2009,0.198,0.957,-1.55229878425598,-1.50775218009949,-2.71142148971558,-1.66450762748718,-1.37549519538879,30.2536360442018,0.599693542389519,87.64,0.0,0.0,0.0,2.046401687601636,0.1906203596086497,3.5669519662304268,1.1118575154181303,3.2679707045119186,0.12221763272424921,0.06765864847381481,6.8250386662753755,7.359911934945105,0.0,3.8979240810486444,3.478343341886547
AFG,2010,0.196,0.958,-1.64539110660553,-1.47831559181213,-2.57915186882019,-1.51652824878693,-1.40446734428406,30.5109470299072,0.583799555533243,85.227,0.0,0.0,0.0,2.05668455455722,0.2151113796169455,3.6715942016694028,1.3217558399823195,3.50387429969078,0.15700374880966475,0.09531017980432487,7.039648956282708,7.476776994054693,0.0,3.7773481021015445,3.5669519662304268
AFG,2011,0.199,0.958,-1.60047078132629,-1.47410047054291,-2.50205969810486,-1.53632390499115,-1.33597695827484,29.8264582001116,0.59053916243912,77.922,0.0,1.0,0.0,2.63834278867739,0.2151113796169455,3.7714913340439025,1.5040773967762742,3.7469360755557455,0.20701416938432615,0.11332868530700317,7.252320394029352,7.464544575130823,0.0,3.7887247890836524,3.6715942016694028
AFG,2012,0.2,0.961,-1.43037283420563,-1.37553513050079,-2.41856145858765,-1.19257974624634,-1.26743006706238,30.8188271328623,0.58448305398306,84.091,0.0,1.0,0.0,2.191653532286764,0.23901690047049992,3.7209919885661242,1.599387576580599,3.689404316349652,0.2151113796169455,0.12221763272424921,7.152948343218098,7.595603094586474,0.0,4.249922794040544,3.7714913340439025
AFG,2013,0.202,0.941,-1.44596064090729,-1.40146291255951,-2.51934909820557,-1.19309020042419,-1.24013912677765,30.6525351705406,0.589309821840208,80.18,0.0,0.0,0.0,2.468946630209271,0.2468600779315258,3.6807954719251366,1.7457155307266483,3.4925299643353385,0.2151113796169455,0.13976194237515868,6.916513810815995,7.665866485914368,0.0,4.23410650459726,3.7209919885661242
AFG,2014,0.201,0.927,-1.36493408679962,-1.36164617538452,-2.41106843948364,-1.12413370609283,-1.13552260398865,31.5441618304546,0.587004201260283,86.207,0.0,1.0,1.0,2.349468678892896,0.2468600779315258,3.6863898082920707,1.769854633840005,3.318902138935325,0.2151113796169455,0.13976194237515868,6.700831965470291,7.707732731247605,0.0,4.505349850705881,3.6807954719251366
AFG,2015,0.204,0.904,-1.35471308231354,-1.39739489555359,-2.56262516975403,-1.0188262462616,-1.11762809753418,31.7959605052784,0.583232874822956,87.288,0.0,1.0,1.0,2.248128907197987,0.2468600779315258,3.6798156167680593,1.7850704810772584,3.4642973686053797,0.2151113796169455,0.13976194237515868,6.819934483592708,7.734154496603875,0.0,4.283586561860629,3.6863898082920707
AFG,2016,0.19,0.905,-1.54022777080536,-1.29146802425385,-2.6621561050415,-1.33969509601593,-1.03783690929413,31.9039263112629,0.588403379297684,87.603,0.0,1.0,0.0,2.1329823086078656,0.2851789422336624,3.656117117279199,1.8779371654691073,3.369878698404728,0.2151113796169455,0.14842000511827327,6.697125601518286,7.702638061603544,0.0,4.592084946439436,3.6798156167680593
AFG,2017,0.187,0.898,-1.53007459640503,-1.38659679889679,-2.7949755191803,-1.36301040649414,-0.990954160690308,31.3465465695633,0.593829094351135,86.508,0.0,1.0,0.0,2.2752138961979136,0.30010459245033805,3.7381598508907965,1.927164106234258,3.6247941635851872,0.2151113796169455,0.14842000511827327,6.931680768140261,7.756535980421733,0.0,4.592084946439436,3.656117117279199
AFG,2018,0.179,0.896,-1.50287592411041,-1.50175786018372,-2.75344133377075,-1.13820362091064,-1.00768673419952,31.1651788320777,0.591230783539058,82.906,0.0,0.0,0.0,2.421256622711544,0.30010459245033805,3.772342699338036,1.9685099809725544,3.8605823317597503,0.2151113796169455,0.15700374880966475,7.143887708402388,7.796994064567412,0.0,4.547541073151455,3.7381598508907965
AFG,2019,0.165,0.899,-1.41931009292603,-1.5191125869751,-2.65253973007202,-1.11377799510956,-1.00671291351318,31.9105110793503,0.587843436099682,87.671,0.0,1.0,0.0,1.8687205103641835,0.30010459245033805,3.783784289181273,1.9974177062012453,3.8735316262461734,0.2151113796169455,0.15700374880966475,7.127283502868774,7.85728166940187,0.0,4.592084946439436,3.772342699338036
AFG,2020,0.168,0.874,-1.49336087703705,-1.61153948307037,-2.702721118927,-1.38916301727295,-1.07826685905457,31.7278135171411,0.582315266487911,89.831,0.0,1.0,0.0,0.9895411936137477,0.30010459245033805,3.782965429399938,1.9919755158985601,3.8693659949621613,0.2151113796169455,0.14842000511827327,7.09152744979331,7.848926609907309,0.0,4.592084946439436,3.783784289181273
AFG,2021,0.041,0.663,-1.15226578712463,-1.67058789730072,-2.51867604255676,-1.31168210506439,-1.56838941574097,32.8335174290691,0.586000121796016,87.736,0.0,0.0,0.0,1.3428648031925547,0.31481073984003355,3.7928305100536615,2.048982334195127,3.8829854673048523,0.2151113796169455,0.15700374880966475,7.081893442968072,7.670972483371919,0.0,4.592084946439436,3.782965429399938
AFG,2022,0.012,0.567,-1.18368434906006,-1.88003480434418,-2.54495596885681,-1.27180624008179,-1.75352871417999,32.633595958253,0.587795901704788,86.458,0.0,0.0,0.0,1.4182774069729414,0.3852624007906449,3.771798154842492,2.0592388343623163,3.830943093377404,0.2151113796169455,0.15700374880966475,7.014430629865158,7.661054412080524,0.0,4.457829598089382,3.7928305100536615
AGO,2003,0.085,0.864,-1.33546328544617,-1.12422430515289,-1.0073858499527,-1.18746745586395,-1.27261531352997,33.954097853261,0.494583822213485,62.312,0.0,0.0,0.0,0.0,0.2151113796169455,4.667567637599664,1.095273387402595,3.695358420211645,0.18232155679395462,0.10436001532424277,7.691184108358947,8.371750623188444,0.0,3.3463891451671604,4.663290282642812
AGO,2004,0.087,0.864,-1.37756884098053,-1.32887244224548,-1.0631206035614,-1.22671353816986,-1.28547978401184,33.9948464417927,0.493046485385661,78.125,0.0,0.0,0.0,0.0,0.4054651081081644,4.715833334625817,1.1755733298042381,3.778354460541539,0.18232155679395462,0.11332868530700317,7.740231699619451,8.470455405061134,0.0,3.380994674344636,4.667567637599664
AGO,2005,0.087,0.864,-1.32318198680878,-1.1102192401886,-0.885178327560425,-1.24003624916077,-1.23471939563751,33.4472422531557,0.495287853486178,84.411,0.0,0.0,0.0,0.0,0.4054651081081644,4.698309035776967,1.2892326482767593,3.5839077517473137,0.18232155679395462,0.1310282624064041,7.504394863120538,8.597225828918637,0.0,3.414442608412176,4.715833334625817
AGO,2006,0.087,0.864,-1.24103772640228,-1.38104915618896,-0.539453446865082,-1.15621566772461,-1.25208795070648,31.9296065913253,0.499371098629173,85.235,0.0,0.0,0.0,0.0,0.4054651081081644,4.626230257178859,1.3812818192963463,3.814167589256093,0.18232155679395462,0.13976194237515868,7.703565991606973,8.702646200512438,0.0,3.449987545831587,4.698309035776967
AGO,2007,0.088,0.864,-1.30749356746674,-1.20500719547272,-0.666658759117126,-1.07531261444092,-1.18531394004822,32.1686076387125,0.495228265837184,76.852,0.0,0.0,0.0,0.0,0.5653138090500605,4.613950194971658,1.4445632692438664,3.9737199932310605,0.20701416938432615,0.14842000511827327,7.828969470712155,8.814176367469514,0.0,3.6506582412937387,4.626230257178859
AGO,2008,0.093,0.864,-1.30876457691193,-1.06138837337494,-0.361787378787994,-1.10149598121643,-1.11934685707092,32.2742500957858,0.495870525901713,77.778,0.0,0.0,1.0,0.0,0.5822156198526637,4.64536691717266,1.6193882432872684,4.124275463510997,0.20701416938432615,0.173953307123438,7.944367688100258,8.89790133670771,0.0,3.676300671907076,4.613950194971658
AGO,2009,0.1,0.864,-1.39776611328125,-0.945070207118988,-0.34759184718132,-1.05952525138855,-1.12613534927368,32.0209596464402,0.500231291809643,66.599,0.0,0.0,0.0,0.0,0.5822156198526637,4.661288572938278,1.776645831418007,4.267345034590266,0.20701416938432615,0.1988508587451652,8.051585008029491,8.885795629077986,0.0,3.5496173867804286,4.64536691717266
AGO,2010,0.099,0.864,-1.33247494697571,-1.13826775550842,-0.226182341575623,-1.06021749973297,-1.12052512168884,31.3497151958895,0.502047233171845,67.949,0.0,1.0,0.0,0.0,0.5822156198526637,4.726102467534205,1.8656293177945105,4.348741272424841,0.3293037471426004,0.20701416938432615,8.095567298446099,8.910943900941577,0.0,3.58351893845611,4.661288572938278
AGO,2011,0.122,0.864,-1.36746907234192,-1.19323122501373,-0.369237810373306,-1.10753154754639,-1.12547838687897,31.3333514942747,0.501309754214576,71.025,0.0,0.0,0.0,0.0,0.5822156198526637,4.956631642128396,1.8961194845522977,4.393090207029862,0.43178241642553783,0.20701416938432615,8.101596835090346,8.927791311586219,0.0,3.572345637857985,4.726102467534205
AGO,2012,0.122,0.864,-1.30240142345428,-0.988945424556732,-0.389322549104691,-0.990437567234039,-1.07624673843384,32.2389967382924,0.498359216812742,70.984,0.0,1.0,1.0,0.0,0.6259384308664953,4.9690085453078945,2.1656192379208883,4.467045402736292,0.6043159668533296,0.27002713721306015,8.137601364488559,9.01764852651487,0.0,3.6454498961866,4.956631642128396
AGO,2013,0.123,0.861,-1.33697164058685,-1.24288654327393,-0.39123347401619,-1.0416704416275,-1.11391913890839,32.5042571391982,0.500440486036288,58.037,0.0,1.0,0.0,0.0,0.6678293725756554,5.000205315667314,2.21375387928743,4.547710550314813,0.7884573603642702,0.27002713721306015,8.180647432092297,9.048420712376862,0.0,3.673765816303888,4.9690085453078945
AGO,2014,0.123,0.861,-1.45822596549988,-1.05657386779785,-0.333232045173645,-0.860683441162109,-1.14532363414764,31.9350037928964,0.504594277555248,52.824,0.0,1.0,1.0,0.0,0.6780335427498971,5.0134984886801055,2.3570732782781154,4.646571212836767,0.8415671856782186,0.30010459245033805,8.243176783633857,9.107054389831875,0.0,3.4965075614664802,5.000205315667314
AGO,2015,0.123,0.861,-1.42772650718689,-0.929087340831757,-0.50538581609726,-0.8636714220047,-1.17716491222382,31.7904614095932,0.506421666846786,54.601,0.0,1.0,1.0,0.0,0.6780335427498971,5.042762315763675,2.377692565480851,4.695842354097804,0.8671004876833832,0.30010459245033805,8.256853875356164,8.99572111625335,0.0,3.7612001156935624,5.0134984886801055
AGO,2016,0.124,0.861,-1.48399043083191,-0.971493542194366,-0.321580082178116,-0.969250917434692,-1.14032745361328,32.8971038931391,0.50785998069438,58.561,0.0,1.0,0.0,0.0,0.9932517730102834,5.024251976606858,2.4832385926873033,4.587097860855344,0.8671004876833832,0.32208349916911333,8.111325002081749,8.957747138905713,0.0,3.756538102587751,5.042762315763675
AGO,2017,0.142,0.722,-1.44517171382904,-0.951988995075226,-0.387895494699478,-1.04546654224396,-1.09524345397949,33.2131489346604,0.509298158240381,71.415,0.0,1.0,0.0,0.0,1.220829921392359,4.989345783362007,2.468946630209271,4.441167803777051,0.9631743177730056,0.3074846997479606,7.928440259828791,8.988175918061764,0.0,3.7819143200811256,5.024251976606858
AGO,2018,0.162,0.63,-1.19948387145996,-1.00525164604187,-0.347208589315414,-0.8006831407547,-0.903594315052032,34.1028742246527,0.512001171013181,79.452,0.0,1.0,0.0,0.0,1.4011829736136412,4.954944316167047,2.6490076604684267,4.522625183517976,0.9631743177730056,0.35065687161316933,7.976275990175846,9.021522020042275,0.0,3.835141961092188,4.989345783362007
AGO,2019,0.162,0.602,-1.05461812019348,-1.1284898519516,-0.368411600589752,-0.833844542503357,-0.793109953403473,34.7745625046723,0.511537037424656,73.198,0.0,1.0,0.0,0.0,1.4816045409242156,4.9601721073099725,2.822568654544802,4.565441343759095,0.9707789171582247,0.3987761199573678,7.985675284727833,9.056475529505985,0.0,3.8416005411316,4.954944316167047
AGO,2020,0.16,0.623,-0.93506121635437,-1.25748455524445,-0.599917888641357,-0.856853485107422,-0.816005945205688,35.2921439069986,0.513684687498138,75.61,0.0,1.0,1.0,0.0,1.5539252025038417,4.902075674920309,2.87976009730157,4.347978520534309,0.9707789171582247,0.4054651081081644,7.733066480239563,8.965517008070856,0.0,3.8712010109078907,4.9601721073099725
AGO,2021,0.153,0.578,-0.649475812911987,-1.1263599395752,-0.710480749607086,-0.670014679431915,-0.859023571014404,36.595834087873,0.510006678617796,75.43,0.0,1.0,1.0,0.0,1.5539252025038417,4.927337083282086,2.8820035082256483,4.466494153798991,0.9707789171582247,0.3987761199573678,7.821195552156193,9.089672328663278,0.0,3.8958936234982624,4.902075674920309
AGO,2022,0.154,0.564,-0.612375736236572,-1.02603423595428,-0.630108535289764,-0.606698572635651,-0.807577967643738,36.8942349492908,0.508756584744985,75.563,0.0,0.0,0.0,0.0,1.5539252025038417,4.9376690179655895,2.907447358686419,4.581973204383889,0.9707789171582247,0.3987761199573678,7.906482405220761,9.16839705057802,0.0,3.9019726695746444,4.927337083282086
ALB,2003,0.401,0.745,-0.853786587715149,-0.563986718654633,-0.309780240058899,-0.490216553211212,0.0703076869249344,41.6641451368953,0.454570901651314,97.897,0.0,0.0,0.0,0.0,0.8960880245566356,2.710230082905506,1.9671123567059163,3.1864765924215233,0.173953307123438,1.0885619528146082,8.914959271253435,8.550790915691556,0.0,4.609162207257629,2.6976268309998686
ALB,2004,0.407,0.745,-0.723731815814972,-0.408371657133102,-0.427259683609009,-0.187491565942764,0.00723749911412597,42.505107575352,0.449381951787582,97.477,0.0,0.0,0.0,0.0,0.8960880245566356,2.723976387257201,1.9501867058225737,3.258634854641549,0.173953307123438,1.0818051703517284,8.996347822235604,8.629905719125873,0.0,4.609162207257629,2.710230082905506
ALB,2005,0.429,0.722,-0.813263893127441,-0.696387231349945,-0.505047976970673,-0.400731235742569,0.0036717876791954,42.1525187783791,0.445477981646448,98.701,0.0,0.0,0.0,0.0,0.8960880245566356,2.6966806911125665,1.9110228900548727,3.2482792752374428,0.173953307123438,1.0543120297715298,8.992853044028097,8.702065961569351,0.0,4.609162207257629,2.723976387257201
ALB,2006,0.451,0.722,-0.790545284748077,-0.580952644348145,-0.508157312870026,-0.14859938621521,0.0758899599313736,41.414330914702,0.443758190000366,98.214,0.0,0.0,0.0,0.0,0.8960880245566356,2.699697487235503,1.8946168546677629,3.199733779339834,0.173953307123438,1.0473189942805592,8.950585091149138,8.818091068429242,0.0,4.609162207257629,2.6966806911125665
ALB,2007,0.448,0.722,-0.706940054893494,-0.427722543478012,-0.203974649310112,0.0345503017306328,0.113008469343185,41.881827322012,0.443803376874808,97.527,0.0,0.0,0.0,0.0,0.9001613499442714,2.6966737621362475,1.8961194845522977,3.183953062278935,0.173953307123438,1.0543120297715298,8.943309847431244,8.934055858146408,0.0,4.609162207257629,2.699697487235503
ALB,2008,0.454,0.756,-0.605212390422821,-0.367063492536545,-0.0305009130388498,0.137666508555412,0.174939081072807,42.7019343019108,0.441177631980773,100.0,0.0,1.0,0.0,0.0,0.9001613499442714,2.6822270897162896,1.9726911717329554,3.214626810578786,0.0,1.1216775615991057,8.985256564581935,9.044316498491696,0.0,4.61512051684126,2.6966737621362475
ALB,2009,0.451,0.756,-0.545270919799805,-0.255941480398178,-0.0451405122876167,0.241446003317833,0.141477331519127,43.7268703450009,0.441311445271556,100.0,0.0,1.0,0.0,0.0,0.9001613499442714,2.681070158525212,2.028148247292285,3.2227483170820745,0.0,1.172482137234565,9.004279821752535,9.107967179480102,0.0,4.611152257665639,2.6822270897162896
ALB,2010,0.449,0.767,-0.531616508960724,-0.279453217983246,-0.191482901573181,0.233281955122948,0.123838223516941,44.2860466574733,0.431833568262864,100.0,0.0,0.0,0.0,0.0,0.9082585601768908,2.371499773644217,2.030776369698555,3.1444539573006214,0.0,1.1817271953786161,8.933747651413748,9.18573295362039,0.0,4.611152257665639,2.681070158525212
ALB,2011,0.449,0.767,-0.701794147491455,-0.202177077531815,-0.282379418611526,0.283972561359406,0.0623337626457214,43.9505143179702,0.429483768942901,98.568,0.0,0.0,0.0,0.0,0.9202827531436926,2.630171962682191,2.1341664413690826,3.2175950049684783,0.0,1.269760544863939,9.015930160944295,9.237417148438173,0.0,4.612145799724517,2.371499773644217
ALB,2012,0.449,0.765,-0.778729438781738,-0.26892501115799,-0.143631592392921,0.240491986274719,0.0220640376210213,44.466530477996,0.421123244527392,100.0,0.0,0.0,0.0,0.0,0.9669838461896731,2.6762660165649588,2.1114245875328868,3.156489652432105,0.09531017980432487,1.252762968495368,8.952700609452732,9.269532556816046,0.0,4.6141299273595635,2.630171962682191
ALB,2013,0.435,0.758,-0.751372694969177,-0.324457377195358,0.0919297859072685,0.25416025519371,0.0488644428551197,44.9630997932652,0.421483656902282,100.0,0.0,1.0,1.0,0.0,1.0224509277025458,2.3779380147497404,2.330200260027019,3.3090089906672526,0.09531017980432487,1.4327007339340463,9.11233033082399,9.294962554246796,0.0,4.6141299273595635,2.6762660165649588
ALB,2014,0.443,0.765,-0.5865718126297,-0.0497708097100258,0.485986232757568,0.279037684202194,0.143689781427383,46.4352348405401,0.415760258788981,100.0,0.0,1.0,0.0,0.0,1.0043016091968684,2.4108447688572063,2.1736147116970854,3.286422317520076,0.09531017980432487,1.3029127521808397,9.09019351970536,9.374911298621116,0.0,4.61512051684126,2.3779380147497404
ALB,2015,0.442,0.765,-0.54514080286026,0.0275752544403076,0.341639041900635,0.174237310886383,0.157135263085365,47.2259159455329,0.411554940846958,100.0,0.0,1.0,1.0,0.0,1.0296194171811583,2.401089547818676,2.115049969147204,3.2203946708374707,0.09531017980432487,1.2584609896100059,9.02325701578952,9.424720186459073,0.0,4.61512051684126,2.4108447688572063
ALB,2016,0.441,0.765,-0.472373723983765,0.0290823616087437,0.337447881698608,0.186607629060745,0.171097502112389,47.1139450148953,0.412314967861303,100.0,0.0,1.0,0.0,0.0,1.068153081183401,2.3722005851675134,2.167910189667444,3.323632158044544,0.09531017980432487,1.3001916620664788,9.130834286961615,9.477045872961261,0.0,4.6141299273595635,2.401089547818676
ALB,2017,0.44,0.763,-0.481386840343475,0.0985528454184532,0.373770743608475,0.220610320568085,0.203885167837143,47.064078899692,0.414393459739393,100.0,0.0,1.0,0.0,0.0,1.11514159061932,2.44583893381978,2.1329823086078656,3.410817625039146,0.09531017980432487,1.2725655957915476,9.22100450741617,9.55474651905573,0.0,4.6141299273595635,2.3722005851675134
ALB,2018,0.432,0.742,-0.546018898487091,0.0805245339870453,0.366779267787933,0.256079822778702,0.188786596059799,47.3408698097704,0.407147343842414,100.0,0.0,1.0,0.0,0.0,1.1346227261911428,2.4455265275076794,2.1564025828159643,3.3670544215394544,0.09531017980432487,1.2919836816486494,9.17710018775572,9.619531760495772,0.0,4.61512051684126,2.44583893381978
ALB,2019,0.424,0.689,-0.564274072647095,-0.0623007006943226,0.11010505259037,0.272065460681915,0.141965284943581,47.4120950878087,0.401351320918995,100.0,0.0,1.0,0.0,0.0,1.1505720275988207,2.39896878907071,2.1529243184396396,3.2541657456466484,0.09531017980432487,1.2919836816486494,9.063116347387995,9.707643225284452,0.0,4.61512051684126,2.4455265275076794
ALB,2020,0.44,0.689,-0.573538780212402,-0.155121222138405,0.0886125192046165,0.221967235207558,0.0863254442811012,47.738608913576,0.395254408098606,100.0,0.0,1.0,0.0,0.0,1.220829921392359,2.336287269054147,2.150598735996164,3.0963465435865842,0.09531017980432487,1.2919836816486494,8.902975321070015,9.698223411748625,0.0,4.61512051684126,2.39896878907071
ALB,2021,0.438,0.614,-0.577179968357086,-0.0359850227832794,0.196371927857399,0.175859391689301,0.0855889618396759,48.4433197837689,0.383450140960649,100.0,0.0,1.0,1.0,0.0,1.2556160374777745,2.383413914003007,2.2396452932201716,3.2767673032839784,0.09531017980432487,1.3711807233098425,9.098949264352608,9.809937752200744,0.0,4.61512051684126,2.336287269054147
ALB,2022,0.433,0.558,-0.408189445734024,0.0645405352115631,0.106261312961578,0.159353822469711,0.141740188002586,49.3486818450146,0.380608710119157,100.0,0.0,1.0,0.0,0.0,1.2499017362143359,2.3068946486034414,2.1849270495258133,3.2908243241807846,0.09531017980432487,1.332366019094335,9.121312964161374,10.000317524555816,0.0,4.61512051684126,2.383413914003007
ARG,2003,0.645,0.555,-0.479976803064346,-0.0342199839651585,-0.359838128089905,-0.691475629806519,0.349125266075134,45.6419448018273,0.40226721997832,37.754,0.0,0.0,1.0,0.32208349916911333,2.2834022735772717,5.99895262130386,4.585987366571318,6.559272402528085,0.36464311358790924,1.2612978709452054,9.816974360522662,9.299668380507896,0.0,4.577798989191959,5.948367452735902
ARG,2004,0.641,0.555,-0.414409548044205,0.015197392553091,-0.610934913158417,-0.698035299777985,0.362040877342224,45.9290713319358,0.40723811636394,31.319,0.0,1.0,1.0,0.32208349916911333,2.295560478057081,6.064132213929208,4.651385609785055,6.622945078754784,0.8878912573524571,1.3001916620664788,9.870591305716971,9.402503321537111,0.0,4.579852378003801,5.99895262130386
ARG,2005,0.632,0.555,-0.377738356590271,-0.0979790613055229,-0.0417749434709549,-0.525074362754822,0.269231617450714,46.6820107106707,0.402375656409618,33.296,0.0,1.0,1.0,0.32208349916911333,2.2975725511705014,6.048758688541755,4.70619130004682,6.6813150495912685,1.0224509277025458,1.33500106673234,9.918759589050438,9.507909370824782,0.0,4.581901559048737,6.064132213929208
ARG,2006,0.621,0.555,-0.33123853802681,-0.0339163094758987,0.00196776282973588,-0.61456698179245,0.403436541557312,45.7213378221992,0.4013090965324,34.506,0.0,1.0,1.0,0.32208349916911333,2.2975725511705014,6.117723514680571,4.760377450290474,6.729894557849867,1.235471471385307,1.366091653802371,9.957114382111373,9.605389950684701,0.0,4.584967478670572,6.048758688541755
ARG,2007,0.617,0.555,-0.372122079133987,-0.0125325033441186,0.0977966338396072,-0.635693550109863,0.448621332645416,46.1411147242119,0.401430656657054,28.497,0.0,1.0,1.0,0.32208349916911333,2.321406847234633,6.158440838867485,4.805004167866677,6.768580564155127,1.534714366238164,1.3937663759585917,9.985933385773638,9.70845229690034,0.0,4.58700621536042,6.117723514680571
ARG,2008,0.593,0.555,-0.434875011444092,-0.123509347438812,-0.0877556875348091,-0.702629446983337,0.358895927667618,45.8318384865556,0.402465474173953,26.618,0.0,0.0,0.0,0.32208349916911333,2.321406847234633,6.112320981975845,4.855072506602992,6.780003722307145,1.6620303625532709,1.423108334242607,9.987240430546288,9.757175235824782,0.0,4.590056548178043,6.158440838867485
ARG,2009,0.594,0.555,-0.445475101470947,-0.294032037258148,-0.234854578971863,-0.830836772918701,0.280091494321823,45.8632535274019,0.401555226654064,29.308,0.0,1.0,0.0,0.32208349916911333,2.3580197998821464,6.002446674520759,4.8635264290580436,6.74894007046958,1.4929040961781488,1.423108334242607,9.945545486967895,9.691721243488725,0.0,4.593097604753822,6.112320981975845
ARG,2010,0.591,0.545,-0.355230033397675,-0.1117919459939,-0.0847978666424751,-0.742940902709961,0.361670136451721,46.2990033990143,0.401211002814394,27.595,0.0,1.0,1.0,0.32208349916911333,2.3580197998821464,6.02453459738281,4.909709375506295,6.783628665312664,1.8164520818184267,1.449269160281279,9.969708906915228,9.789680971144776,0.0,4.603168183317418,6.002446674520759
ARG,2011,0.588,0.545,-0.364098519086838,-0.0723610669374466,0.158993661403656,-0.701964378356934,0.344941824674606,46.1037664520353,0.403016662782255,25.183,0.0,0.0,1.0,0.32208349916911333,2.4069451083182885,5.985956468253703,4.9427846271880815,6.811658389803127,1.9615022438151495,1.4678743481123135,9.987121879539279,9.857757226660617,0.0,4.605170185988092,6.02453459738281
ARG,2012,0.589,0.545,-0.445909202098846,-0.206967011094093,0.103040546178818,-0.897686779499054,0.295209914445877,45.8440545973499,0.402684521100847,22.783,0.0,0.0,0.0,0.32208349916911333,2.410542234499138,6.093975078296197,4.974178757085641,6.851324600278728,1.9671123567059163,1.4838746894587547,10.016553122874281,9.874646509694442,0.0,4.6061696863211745,5.985956468253703
ARG,2013,0.594,0.554,-0.434306710958481,-0.254236966371536,0.0653142631053925,-0.928134799003601,0.276933550834656,45.5120610080099,0.400681276190246,24.934,0.0,0.0,1.0,0.32208349916911333,2.410542234499138,6.1011400000937925,5.000652296042854,6.918150065505695,1.8293763327993617,1.4951487660319727,10.07351492797077,9.89998088586937,0.0,4.60816569496789,6.093975078296197
ARG,2014,0.604,0.554,-0.549791395664215,-0.111114293336868,-0.00512187136337161,-1.0661495923996,0.34527176618576,45.0769981298042,0.401533576867251,24.931,0.0,0.0,0.0,0.32208349916911333,2.410542234499138,6.035545737818347,5.006627272698717,6.9017452549139255,1.918392120161421,1.4929040961781488,10.046777394982069,9.877575628350359,0.0,4.61512051684126,6.1011400000937925
ARG,2015,0.601,0.533,-0.581265270709991,-0.0494756102561951,0.00876413471996784,-0.898022353649139,0.411758154630661,44.8996914763672,0.401349680015877,23.676,0.0,1.0,1.0,0.32208349916911333,2.410542234499138,6.000548934511558,5.045873729522275,6.918687306031696,1.7387102481382395,1.515127232962859,10.053263792724122,9.89848254473066,0.0,4.612145799724517,6.035545737818347
ARG,2016,0.616,0.436,-0.299235552549362,0.218796372413635,0.197749897837639,-0.347571164369583,0.49326366186142,46.5120910519626,0.402707730093365,21.396,0.0,1.0,1.0,0.32208349916911333,2.4159137783010487,5.9911438053295365,5.060694493968993,6.914454787077599,1.7439688053917064,1.5195132049061133,10.03933815995174,9.908811423541565,0.0,4.6141299273595635,6.000548934511558
ARG,2017,0.612,0.41,-0.309002459049225,0.135085612535477,0.162542164325714,-0.196430206298828,0.528708100318909,46.441575292977,0.403895553808896,23.13,0.0,1.0,1.0,0.32208349916911333,2.422144328051685,6.015697681484966,5.0566915658549405,6.905741252191079,1.7334238922150915,1.5085119938441398,10.021804490085971,10.059895999851053,0.0,4.61512051684126,5.9911438053295365
ARG,2018,0.637,0.408,-0.0992739275097847,0.0280606187880039,0.00690981233492494,-0.195977628231049,0.539252579212189,48.315080343066,0.38331499562736,23.995,1.0,1.0,1.0,0.32208349916911333,2.4265710727750367,6.018162371040584,5.0584090689010965,6.894725762298361,1.6974487897568138,1.5040773967762742,10.002549050974475,10.10280518373319,0.09896426425996745,4.61512051684126,6.015697681484966
ARG,2019,0.626,0.409,-0.107116244733334,-0.120795331895351,-0.0978230908513069,-0.453079700469971,0.570874631404877,48.7207930681477,0.381364588553903,24.927,1.0,1.0,1.0,0.32208349916911333,2.428336298299606,5.935923018956959,5.018735730130124,6.831584565454852,1.7047480922384253,1.4678743481123135,9.93223592938433,10.065513974190589,0.18901054494475125,4.61512051684126,6.018162371040584
ARG,2020,0.644,0.48,-0.163570061326027,-0.254261821508408,-0.0719974040985107,-0.498344272375107,0.584501206874847,48.9686712280041,0.379582170427316,25.318,1.0,1.0,1.0,0.32208349916911333,2.431857428698185,6.047473170782186,5.012965909434538,6.762697136465765,1.7119945007591926,1.4609379041156565,9.858428678437653,10.016563882679929,0.18901054494475125,4.61512051684126,5.935923018956959
ARG,2021,0.64,0.48,-0.422596842050552,-0.390557259321213,0.000530058634467423,-0.631172716617584,0.610777020454407,47.8940618425854,0.381593438252645,24.185,1.0,1.0,1.0,0.32208349916911333,2.431857428698185,6.0500321354083235,5.054014017398201,6.855605828724037,1.7083778602890038,1.4906543764441333,9.948777072785635,10.177372667987392,0.18901054494475125,4.61512051684126,6.047473170782186
ARG,2022,0.661,0.48,-0.447221606969833,-0.28348970413208,-0.0985943302512169,-0.697565734386444,0.546316981315613,47.8333982616558,0.38149864468114,29.03,0.0,1.0,1.0,0.4054651081081644,2.432735777459091,6.067425800214243,5.071981224334663,6.909993771686837,1.7101878155342436,1.501852701754163,10.001110419652745,10.302592723947466,0.0,4.61512051684126,6.0500321354083235
ARM,2003,0.188,0.865,-0.649022400379181,-0.197253704071045,0.236966237425804,0.167570352554321,-0.467406183481216,49.1745843075388,0.371794728647145,36.981,0.0,0.0,0.0,0.0,0.7747271675523681,2.0155414351519108,1.7950872593207297,3.316655679785574,0.0,0.9745596399981308,9.07606962037888,8.252504876031864,0.0,4.6061696863211745,1.8148645372773942
ARM,2004,0.185,0.865,-0.703455328941345,-0.118263445794582,-0.116337485611439,0.109250001609325,-0.572165548801422,48.7447683900247,0.373608808738997,34.197,0.0,1.0,0.0,0.0,0.7030975114131134,1.9514647181422662,1.7984040119467237,3.357976679207592,0.0,0.9820784724121581,9.124334126036688,8.38439926321523,0.0,4.6061696863211745,2.0155414351519108
ARM,2005,0.189,0.865,-0.683349847793579,-0.142497807741165,-0.0663353949785233,0.0890626683831215,-0.591363310813904,49.58254821223,0.378909855376541,28.783,0.0,1.0,0.0,0.0,0.708035793053696,2.048027034108276,1.840549633397487,3.5323133595196925,0.0,1.0152306797290587,9.309757923151766,8.551250389044162,0.0,4.613138355637268,1.9514647181422662
ARM,2006,0.187,0.865,-0.669232606887817,-0.261502921581268,-0.261023759841919,0.292330682277679,-0.742222785949707,48.9769739821181,0.376290833952446,31.699,0.0,0.0,0.0,0.0,0.7227059828014898,2.0440887946232804,1.8562979903656263,3.5306454488490417,0.0,1.0331844833456545,9.313376989473166,8.71173300780968,0.0,4.6061696863211745,2.048027034108276
ARM,2007,0.189,0.865,-0.745891690254211,-0.381906569004059,0.150905832648277,0.265207171440125,-0.759377896785736,48.6922295657591,0.379010273406683,32.275,0.0,1.0,0.0,0.0,0.7275486072772778,2.1546689636035543,1.9125010869241836,3.6534077048056837,0.0,1.0784095813505903,9.444811681292691,8.873153447754552,0.0,4.607168188650764,2.0440887946232804
ARM,2008,0.173,0.856,-0.712412357330322,-0.177952587604523,-0.00685302773490548,0.300939857959747,-0.857629656791687,50.014055276822,0.371413300012588,30.169,0.0,1.0,0.0,0.0,0.7323678937132266,2.209211128075151,1.9286186519452522,3.6152867338105628,0.0,1.095273387402595,9.410660151329022,8.96550278087417,0.0,4.607168188650764,2.1546689636035543
ARM,2009,0.18,0.856,-0.621459662914276,-0.0268956422805786,0.227863356471062,0.273454070091248,-0.876420259475708,49.9902796694409,0.365629052161441,36.765,0.0,0.0,0.0,0.0,0.7371640659767197,2.060277677049028,1.8562979903656263,3.4842816130555536,0.0,1.0402767116551463,9.280683171899607,8.82654269245799,0.0,4.60816569496789,2.209211128075151
ARM,2010,0.188,0.852,-0.695039570331573,-0.171523153781891,0.071855328977108,0.268946558237076,-0.847521543502808,50.220565320591,0.360416761792963,40.51,0.0,1.0,0.0,0.0,0.7514160886839212,2.025631079275268,1.8702625307159986,3.5739735256125784,0.0,1.0543120297715298,9.377997513225706,8.867316495325795,0.0,4.613138355637268,2.060277677049028
ARM,2011,0.189,0.852,-0.664559423923492,-0.11502830684185,-0.06386898458004,0.246940597891808,-0.690779805183411,50.3463223695891,0.361389603971077,34.119,0.0,0.0,1.0,0.0,0.7654678421395714,2.105531988754114,1.9286186519452522,3.6298722735339037,0.0,1.1019400787607843,9.4381221898817,8.939222712501056,0.0,4.61015772749913,2.025631079275268
ARM,2012,0.202,0.849,-0.588001489639282,-0.0323866233229637,0.154794976115227,0.334273397922516,-0.570491433143616,50.7011521110966,0.363919341031858,29.412,0.0,0.0,0.0,0.0,0.8109302162163288,2.2086435770951733,1.9768549529047348,3.7078484006615384,0.0,1.1410330045520618,9.518382930797713,9.098697427454269,0.0,4.61015772749913,2.105531988754114
ARM,2013,0.205,0.845,-0.53053343296051,0.0783172845840454,0.11038514226675,0.23518268764019,-0.588099241256714,51.7067198309547,0.363941116121719,28.705,0.0,0.0,0.0,0.0,0.8285518175661483,2.212025279766705,1.9919755158985601,3.693444020611516,0.0,1.1537315878891892,9.503627780139487,9.15439189357834,0.0,4.609162207257629,2.2086435770951733
ARM,2014,0.204,0.845,-0.565446794033051,-0.257329761981964,-0.297135800123215,0.15851990878582,-0.562132000923157,52.8751543790892,0.360753251488607,26.162,0.0,1.0,0.0,0.0,0.832909122935104,2.2500539506728896,2.004179057179289,3.722144970228544,0.0,1.1631508098056809,9.53307865672642,9.1837124728256,0.0,4.612145799724517,2.212025279766705
ARM,2015,0.204,0.845,-0.609746634960175,-0.331789612770081,-0.256798654794693,0.189176842570305,-0.536273837089539,53.0710071724417,0.361692480349331,28.874,0.0,1.0,1.0,0.0,0.8285518175661483,2.24258124449833,1.9878743481543455,3.6342648608407133,0.0,1.1505720275988207,9.443365578518117,9.185826430380125,0.0,4.61512051684126,2.2500539506728896
ARM,2016,0.204,0.845,-0.659795224666595,-0.31255441904068,-0.667951107025146,0.20515838265419,-0.579092621803284,53.4300730601181,0.36261667944711,32.817,0.0,1.0,0.0,0.0,0.8372475245337022,2.2241504941621795,1.9671123567059163,3.636954381249017,0.0,1.1346227261911428,9.446940811848998,9.26589541612617,0.0,4.613138355637268,2.24258124449833
ARM,2017,0.221,0.812,-0.637015163898468,-0.251550018787384,-0.626211166381836,0.228397324681282,-0.560670435428619,53.5256180397875,0.360058152073037,29.88,0.0,1.0,0.0,0.0,0.8458682675776092,2.2475741032314254,2.0028304393079956,3.7090496609033194,0.0,1.1631508098056809,9.522213443426393,9.398230090194769,0.0,4.612145799724517,2.2241504941621795
ARM,2018,0.404,0.35,-0.409369438886642,-0.170582666993141,-0.451066911220551,0.350590288639069,-0.130965158343315,54.1303685004606,0.367643118683015,30.435,0.0,1.0,0.0,0.0,0.8501509293696101,2.2626968752750334,1.969905654611529,3.6905280943594607,0.0,1.1378330018213911,9.504931049961098,9.463314048282166,0.0,4.6141299273595635,2.2475741032314254
ARM,2019,0.623,0.294,-0.227039858698845,-0.226045966148376,-0.420024991035461,0.242604270577431,0.0547882094979286,55.238560107742,0.368526793861459,32.176,0.0,1.0,0.0,0.0,0.8501509293696101,2.3115148654042823,2.018895041811802,3.74662935965484,0.0,1.1786549963416462,9.564496255745354,9.614254541588485,0.0,4.61512051684126,2.2626968752750334
ARM,2020,0.584,0.303,-0.003474973840639,-0.304547429084778,-0.77164489030838,0.238748028874397,0.0473478920757771,55.6897616591797,0.370647590595447,25.131,0.0,1.0,0.0,0.0,0.8544153281560676,2.380582306980586,2.0320878452963655,3.8229075983369514,0.0,1.1908875647772805,9.647065229716333,9.59610042472314,0.0,4.61512051684126,2.3115148654042823
ARM,2021,0.538,0.312,0.0486846454441547,-0.282197445631027,-0.804041028022766,0.131828442215919,0.0541607961058617,56.2441555269216,0.364062261182347,32.254,0.0,1.0,1.0,0.0,0.8544153281560676,2.4368934807812925,2.0906287310704004,3.847121751844448,0.0,1.244154593958768,9.678929000580537,9.675501374733553,0.0,4.61512051684126,2.380582306980586
ARM,2022,0.443,0.32,0.0279071740806103,-0.314792364835739,-0.740756273269653,-0.0190788023173809,0.0903258174657822,56.4134717918025,0.359560825233757,34.109,0.0,1.0,0.0,0.0,0.8544153281560676,2.4639353895875065,2.2438960966453663,3.952320062192683,0.0,1.3686394258811698,9.782635042108295,9.860703741756888,0.0,4.61512051684126,2.4368934807812925
AUT,2003,0.791,0.077,1.96386861801147,1.93046128749847,0.962002456188202,1.53713607788086,1.34388208389282,67.2275013429645,0.304641058529751,60.79,0.0,0.0,0.0,1.0508216248317612,2.5289235352047745,4.442326711936194,4.167904765330129,6.012991177652262,0.31481073984003355,2.178155014615869,10.823664782184126,10.372363218780292,0.0,4.61512051684126,4.320930256768927
AUT,2004,0.789,0.093,2.02662444114685,1.84377062320709,1.08964920043945,1.51410281658173,1.47565114498138,67.6739875038196,0.304329440225116,64.058,0.0,0.0,0.0,1.0508216248317612,2.5321082512722946,4.3932521125252775,4.188593573125209,6.048451974108292,0.33647223662121295,2.190535589185423,10.852966647160525,10.420017490626208,0.0,4.61512051684126,4.442326711936194
AUT,2005,0.788,0.093,1.91242349147797,1.67952907085419,1.10395002365112,1.60495746135712,1.37865650653839,67.6909401292135,0.304438612882453,63.508,0.0,0.0,0.0,1.0508216248317612,2.5494451709255714,4.406471228794032,4.219360635538369,6.06923544540644,0.3576744442718159,2.2126603854660587,10.867005170153623,10.456730791803297,0.2191085761020307,4.61512051684126,4.3932521125252775
AUT,2006,0.792,0.079,1.90487694740295,1.82738518714905,1.07445085048676,1.64441108703613,1.37268495559692,69.1132541062363,0.304317367633752,65.359,0.0,1.0,0.0,0.9282193027394289,2.551786178627545,4.457679232337186,4.242045918369452,6.056467803989166,0.4054651081081644,2.2289385528257473,10.849273900189585,10.529346704754449,0.2191085761020307,4.61512051684126,4.406471228794032
AUT,2007,0.809,0.061,2.00334525108337,1.86356592178345,1.284419298172,1.69116389751434,1.36926245689392,69.8072535980028,0.303076263123341,68.709,0.0,1.0,1.0,0.9282193027394289,2.5641798306825083,4.428177922097587,4.246350085702971,6.042789590991512,0.3987761199573678,2.2300144001592104,10.8322981823835,10.57629980693848,0.2191085761020307,4.61512051684126,4.457679232337186
AUT,2008,0.809,0.061,1.8287581205368,1.77165818214417,1.33927059173584,1.60645174980164,1.35846436023712,69.1946690698895,0.303471946549505,69.167,0.0,0.0,0.0,0.9001613499442714,2.5982353350950036,4.401579152052953,4.251917949326861,6.053405948648165,0.4054651081081644,2.2321626286975,10.839775892696434,10.622492277504723,0.2191085761020307,4.61512051684126,4.428177922097587
AUT,2009,0.809,0.061,1.69403409957886,1.66273927688599,1.19087398052216,1.4500185251236,1.39284467697144,68.2978498909523,0.303918635246437,71.258,0.0,1.0,1.0,0.9001613499442714,2.612273245708441,4.307683887775115,4.219360635538369,6.018038316043013,0.43178241642553783,2.200552367428894,10.801706285113202,10.613160051281199,0.2191085761020307,4.61512051684126,4.401579152052953
AUT,2010,0.805,0.061,1.59612202644348,1.81252110004425,1.15264821052551,1.4505158662796,1.43029069900513,68.4361207590759,0.302436123092934,66.337,0.0,0.0,1.0,0.8796267475025636,2.6311691567662523,4.358802855015528,4.26633516017769,6.04632671548196,0.5128236264286637,2.2407096892759584,10.827666550073571,10.639241891443017,0.2191085761020307,4.61512051684126,4.307683887775115
AUT,2011,0.806,0.066,1.47028934955597,1.60288524627686,1.19352161884308,1.37697684764862,1.40244364738464,68.0736091530137,0.30351203906509,65.772,0.0,1.0,1.0,0.7929925155296614,2.6518325211039815,4.344847057308425,4.268297869345539,5.98360625142244,0.5128236264286637,2.2396452932201716,10.761429060661094,10.695859103105656,0.2191085761020307,4.61512051684126,4.358802855015528
AUT,2012,0.806,0.062,1.42725443840027,1.56018972396851,1.34056687355042,1.51716470718384,1.44877302646637,68.1252630035586,0.299746164396747,74.771,0.0,0.0,0.0,0.7929925155296614,2.6609585935683597,4.325443725284534,4.282896668766692,6.0292467260669165,0.5766133643039938,2.248128907197987,10.802626489750683,10.73981437645688,0.2324956568844901,4.61512051684126,4.344847057308425
AUT,2013,0.807,0.044,1.53727698326111,1.57137954235077,1.36410057544708,1.48221373558044,1.45652639865875,69.1420909725543,0.301120968660119,78.234,0.0,0.0,0.0,0.7929925155296614,2.6658383522929006,4.385153219054475,4.287990642747287,6.020664061512409,0.5822156198526637,2.248128907197987,10.788132971718968,10.768923889053662,0.2324956568844901,4.61512051684126,4.325443725284534
AUT,2014,0.808,0.044,1.46650183200836,1.5529956817627,1.27070045471191,1.48217010498047,1.39129602909088,69.4587848810567,0.303702659297618,81.56,0.0,1.0,0.0,0.7929925155296614,2.6762154775821916,4.273531623253505,4.274162988797936,5.98113386893194,0.5306282510621704,2.2289385528257473,10.740706916500166,10.786355881974766,0.2324956568844901,4.61512051684126,4.385153219054475
AUT,2015,0.808,0.044,1.47204375267029,1.4509791135788,1.12933051586151,1.3904470205307,1.38369190692902,69.7262562761327,0.300143776306643,77.031,0.0,1.0,0.0,0.5653138090500605,2.6844403354630764,4.368928105710301,4.288265254859407,5.984900551145336,0.5538851132264376,2.231089091288976,10.733288851184305,10.811011849776476,0.2324956568844901,4.61512051684126,4.273531623253505
AUT,2016,0.781,0.044,1.49688053131104,1.47481060028076,0.8921759724617,1.42889010906219,1.33784782886505,69.2148057168889,0.298561539584274,78.742,0.0,0.0,0.0,0.4700036292457356,2.716018370751387,4.322273156722903,4.290870315632018,6.0177437053470015,0.5364933705145685,2.2235418856535927,10.75541024473992,10.866640181479799,0.2324956568844901,4.61512051684126,4.368928105710301
AUT,2017,0.785,0.05,1.50082015991211,1.46775150299072,1.02962481975555,1.42786145210266,1.38622164726257,69.2590850010899,0.298476532528222,76.092,0.0,1.0,0.0,0.4700036292457356,2.7180005319553784,4.397057160625015,4.312676556539088,6.0368417508911865,0.5364933705145685,2.2375130962503307,10.767612398899493,10.894344462341163,0.2324956568844901,4.61512051684126,4.322273156722903
AUT,2018,0.784,0.055,1.56858718395233,1.45611667633057,0.884860396385193,1.5240364074707,1.39954924583435,69.4754230142867,0.297677048212416,77.408,0.0,1.0,0.0,0.4700036292457356,2.7421295147550726,4.435676593385544,4.312408567793012,6.014697558413107,0.5364933705145685,2.2332350148592526,10.74055538560161,10.944426506045428,0.2324956568844901,4.61512051684126,4.397057160625015
AUT,2019,0.796,0.076,1.52132439613342,1.49212622642517,0.892189025878906,1.44640731811523,1.33715832233429,69.1237909346913,0.298257250768928,77.295,0.0,1.0,0.0,0.22314355131420976,2.747270914255491,4.498949969845668,4.31508522892,6.061363674487649,0.5364933705145685,2.231089091288976,10.782906477615231,11.008014447753382,0.2324956568844901,4.61512051684126,4.435676593385544
AUT,2020,0.789,0.076,1.47770941257477,1.60586321353912,0.887600898742676,1.39522731304169,1.39462888240814,69.1193401753625,0.293809067480789,80.272,0.0,1.0,0.0,0.0,2.749192144433385,4.341339570408112,4.27999390910873,5.994320465089179,0.5364933705145685,2.196112848483529,10.711149232904214,10.977192782724744,0.2324956568844901,4.61512051684126,4.498949969845668
AUT,2021,0.783,0.109,1.24272727966309,1.52829468250275,0.899554431438446,1.34041571617126,1.38638341426849,68.5165215286399,0.291540762810979,79.109,0.0,1.0,0.0,0.0,2.7568403652716422,4.350354748423734,4.32041715304219,6.009635942708088,0.48858001481867097,2.2278615467981093,10.72139768569048,11.050412784080258,0.2324956568844901,4.61512051684126,4.341339570408112
AUT,2022,0.762,0.111,1.25858676433563,1.46492278575897,0.648710012435913,1.28319978713989,1.41365766525269,68.213840941009,0.299110526645385,78.183,0.0,1.0,0.0,0.0,2.767576180416237,4.339430402477454,4.306629370201435,5.947572741368418,0.48858001481867097,2.2049722641270453,10.648351681479596,11.166709104099937,0.0,4.61512051684126,4.350354748423734
AZE,2003,0.077,0.958,-1.04623198509216,-0.933228969573975,-0.948100388050079,-0.601958394050598,-1.04470455646515,45.0613591985982,0.423938920105322,11.477,0.0,0.0,0.0,0.0,0.6780335427498971,3.6151811807146554,3.170945291110651,4.920236367652639,3.6041382256588457,1.3137236682850553,9.692436158014585,8.459441427709567,0.0,4.603168183317418,3.536382277399445
AZE,2004,0.077,0.958,-1.1808317899704,-0.933772504329681,-1.05981111526489,-0.621019124984741,-1.05670249462128,45.1380865584208,0.420691354048815,12.569,0.0,0.0,0.0,0.0,0.6780335427498971,3.614514294006682,3.18179681662678,5.042766835783626,3.377928754722801,1.3137236682850553,9.805225891392775,8.56570490608917,0.0,4.605170185988092,3.6151811807146554
AZE,2005,0.075,0.958,-1.05252146720886,-0.741808712482452,-1.12481939792633,-0.580545425415039,-1.12416350841522,45.9174298047434,0.417584202165285,13.047,0.0,0.0,0.0,0.0,0.6780335427498971,3.6890632727231605,3.2204745462318978,5.12299327032237,3.2846635654062037,1.33500106673234,9.873384261087235,8.832870152735532,0.0,4.6061696863211745,3.614514294006682
AZE,2006,0.073,0.958,-1.09591245651245,-0.671189248561859,-1.09268236160278,-0.523375689983368,-1.27916121482849,43.5224898635213,0.416495863703698,10.159,0.0,0.0,0.0,0.0,0.7030975114131134,3.7301674211206595,3.2733640101522705,5.106502894270552,3.255400599550573,1.366091653802371,9.843602772594187,9.148359989124854,0.0,4.61015772749913,3.6890632727231605
AZE,2007,0.073,0.957,-1.12907373905182,-0.802225649356842,-0.62599641084671,-0.466508984565735,-1.23339664936066,43.1986269107859,0.416968144256549,10.724,0.0,0.0,0.0,0.0,0.7030975114131134,3.73995913699628,3.1170645587215158,5.024347517049731,2.9595868269176377,1.235471471385307,9.747600524461694,9.390573051279999,0.0,4.61015772749913,3.7301674211206595
AZE,2008,0.072,0.956,-1.15665423870087,-0.785877287387848,-0.330349981784821,-0.367752313613892,-1.32513201236725,42.8341659978083,0.413541373603542,10.222,0.0,0.0,0.0,0.0,0.7030975114131134,3.8418106346134664,3.091951131294534,5.024952314691049,2.192770226986839,1.208960345836975,9.735346022272807,9.489322975851604,0.0,4.612145799724517,3.73995913699628
AZE,2009,0.072,0.956,-1.19408190250397,-0.66451507806778,-0.277853518724442,-0.316738784313202,-1.25976669788361,44.556875470929,0.412182231110915,12.149,0.0,0.0,0.0,0.0,0.688134638736401,3.712909789933209,2.9745086371023644,4.876478944321927,1.2947271675944,1.11514159061932,9.574293108419734,9.564266789738372,0.0,4.6141299273595635,3.8418106346134664
AZE,2010,0.07,0.951,-1.24537324905396,-0.813017129898071,-0.238546922802925,-0.392555356025696,-1.30459702014923,43.9448486359806,0.412433420974441,18.265,0.0,0.0,0.0,0.0,0.6931471805599453,3.6877028913548457,2.960623096440423,4.863209727693194,0.1906203596086497,1.0986122886681096,9.549873633163518,9.611222326317996,0.0,4.6141299273595635,3.712909789933209
AZE,2011,0.068,0.951,-1.1953147649765,-0.772403717041016,-0.532135963439941,-0.386364638805389,-1.30184757709503,44.6582728291787,0.408604979566117,13.074,0.0,0.0,1.0,0.0,0.6931471805599453,3.7469531461907493,3.0248055210396982,4.988655498488197,1.0043016091968684,1.1378330018213911,9.66434882014442,9.602759040917098,0.0,4.6141299273595635,3.6877028913548457
AZE,2012,0.068,0.948,-1.14269411563873,-0.790763437747955,-0.715751826763153,-0.488716810941696,-1.29948163032532,44.832662506192,0.406015071896848,7.836,0.0,0.0,0.0,0.0,0.7030975114131134,3.817636152864226,3.1540172525197043,5.017882304301559,1.1817271953786161,1.220829921392359,9.680886104257512,9.680040620843226,0.0,4.61512051684126,3.7469531461907493
AZE,2013,0.068,0.947,-0.970754623413086,-0.452178388834,-0.412859916687012,-0.425340503454208,-1.40288960933685,46.2004505282547,0.402166930525945,6.71,0.0,0.0,0.0,0.0,0.7323678937132266,3.8443956117744285,3.1730412885244013,5.0447919243477415,0.15700374880966475,1.2267122912954256,9.69438687440558,9.756640000199036,0.0,4.61512051684126,3.817636152864226
AZE,2014,0.065,0.947,-1.02282762527466,-0.313590198755264,-0.559909522533417,-0.26849365234375,-1.47932517528534,47.2716686348263,0.402055151781851,5.562,0.0,0.0,0.0,0.0,0.7323678937132266,3.8828431497017677,3.229222116922345,5.064119187369095,0.18232155679395462,1.2584609896100059,9.70059683353316,9.773641489047124,0.0,4.61512051684126,3.8443956117744285
AZE,2015,0.064,0.947,-0.952573180198669,-0.258792459964752,-0.733916640281677,-0.37079980969429,-1.55243062973022,48.1514134794174,0.400886252186685,6.96,0.0,0.0,1.0,0.0,0.7419373447293773,3.880314055875408,3.2351427973320726,5.152285308014502,2.0215475632609334,1.252762968495368,9.776734790139669,9.620877438250515,0.0,4.61512051684126,3.8828431497017677
AZE,2016,0.061,0.942,-0.852637350559235,-0.159376382827759,-0.808908820152283,-0.395615547895432,-1.56092178821564,49.3123360813657,0.40266599423888,8.41,0.0,0.0,0.0,0.0,0.7466879474879752,3.874667522456061,3.2136622578153133,5.142785733643847,2.435366204227864,1.2296405510745139,9.755401321709018,9.584438783365663,0.0,4.61512051684126,3.880314055875408
AZE,2017,0.067,0.944,-0.906532645225525,-0.171380609273911,-0.751901030540466,-0.372420430183411,-1.563645362854,48.5445784684642,0.403565986685036,7.762,0.0,0.0,0.0,0.0,0.7466879474879752,3.8689876633716684,3.1801349965517702,5.123690132386778,1.864080130807681,1.1969481893889715,9.72610201353783,9.569198007127822,0.0,4.61512051684126,3.874667522456061
AZE,2018,0.059,0.939,-0.853233695030212,-0.145130529999733,-0.711399376392365,-0.314388334751129,-1.50814247131348,48.8478547250008,0.401345007788368,7.76,0.0,0.0,0.0,0.0,0.7561219797213337,3.88371390467381,3.211649779776461,5.1770927905796675,0.18232155679395462,1.2149127443642704,9.772687455098119,9.634561777372717,0.0,4.61512051684126,3.8689876633716684
AZE,2019,0.062,0.924,-0.849681973457336,-0.128162756562233,-0.693411469459534,-0.223895654082298,-1.52860414981842,49.8061372935479,0.400610651992998,6.898,0.0,0.0,0.0,0.0,0.76080582903376,3.9398566958875914,3.242592351485517,5.230525559208973,0.173953307123438,1.2325602611778486,9.819395147563156,9.721744904311615,0.0,4.61512051684126,3.88371390467381
AZE,2020,0.065,0.935,-1.07807588577271,-0.15526370704174,-0.852253794670105,-0.336040139198303,-1.54086601734161,48.631616695111,0.402296116571452,5.126,0.0,0.0,0.0,0.0,0.7654678421395714,3.90805033100698,3.2480462021679806,5.2253648804093045,0.173953307123438,1.2325602611778486,9.807184119619206,9.626717086897575,0.0,4.61512051684126,3.9398566958875914
AZE,2021,0.065,0.912,-0.847890377044678,0.213475212454796,-0.837823569774628,-0.0650539621710777,-1.52737867832184,49.6233312184481,0.402988104884766,5.47,0.0,1.0,0.0,0.0,0.7701082216960736,3.955178931157911,3.305787196857497,5.291035921049845,1.184789984909162,1.2725655957915476,9.868044140390483,9.909090610807253,0.0,4.61512051684126,3.90805033100698
AZE,2022,0.062,0.912,-1.04090738296509,-0.0412070974707603,-0.922807276248932,-0.103344202041626,-1.44162666797638,48.8168209010361,0.405809263952388,6.358,0.0,1.0,0.0,0.0,0.7701082216960736,4.007726166271743,3.298795448044074,5.353212665919616,0.27002713721306015,1.2612978709452054,9.924585957596632,10.023627304777662,0.0,4.61512051684126,3.955178931157911
BDI,2003,0.151,0.549,-0.874153017997742,-1.49027299880981,-2.24483132362366,-1.20160675048828,-1.17799639701843,34.5097327197552,0.564632650634888,100.0,0.0,0.0,0.0,0.0,0.04879016416943201,0.969878799590632,0.13976194237515868,0.6323350411631878,0.009950330853168083,0.019802627296179712,4.8380739510744615,6.278169790482342,0.0,1.4816045409242156,0.9543350593375794
BDI,2004,0.152,0.569,-0.978404879570007,-1.23842835426331,-2.52275967597961,-1.19196140766144,-1.28100097179413,34.2114049008526,0.565848890848199,100.0,0.0,0.0,0.0,0.0,0.04879016416943201,1.0258107015566615,0.13976194237515868,0.7270653987634059,0.009950330853168083,0.019802627296179712,4.992369485289363,6.31456602296949,0.0,1.547562508716013,0.969878799590632
BDI,2005,0.146,0.849,-0.957180440425873,-1.24252092838287,-1.52337801456451,-1.33777546882629,-0.634234488010406,33.5138133057121,0.568921966879597,100.0,0.0,0.0,0.0,0.0,0.04879016416943201,1.0661618642686297,0.14842000511827327,0.6392188385343897,0.009950330853168083,0.019802627296179712,4.779106686247606,6.3172512782325425,0.0,1.4350845252893227,1.0258107015566615
BDI,2006,0.185,0.853,-1.10150361061096,-1.11087679862976,-1.42777347564697,-1.18975520133972,-0.723143577575684,31.2417710754173,0.575360619689561,100.0,0.0,0.0,0.0,0.0,0.04879016416943201,-0.10337504677663187,0.15700374880966475,0.7294791098073357,0.009950330853168083,0.019802627296179712,4.924379994844168,6.36424771197047,0.0,1.308332819650179,1.0661618642686297
BDI,2007,0.182,0.85,-1.16698491573334,-1.28052830696106,-1.377925157547,-1.22842490673065,-0.714045226573944,31.3876177713894,0.567915124258136,100.0,0.0,0.0,0.0,0.0,0.04879016416943201,-1.1430927413643808,0.18232155679395462,1.0064969997603042,0.009950330853168083,0.0295588022415444,5.364526366658372,6.387822871601978,0.0,1.7404661748405044,-0.10337504677663187
BDI,2008,0.176,0.856,-1.08823239803314,-1.13556611537933,-1.63649833202362,-1.2402960062027,-0.685290634632111,31.82661749568,0.56648134489556,100.0,0.0,0.0,0.0,0.0,0.04879016416943201,-1.650418021656754,0.173953307123438,0.7309245448939752,0.009950330853168083,0.019802627296179712,4.849143288112381,6.4135292931557215,0.0,1.7578579175523736,-1.1430927413643808
BDI,2009,0.173,0.856,-1.13256120681763,-1.06673920154572,-1.27144265174866,-1.16774964332581,-0.689463794231415,31.3377404137044,0.566932772156516,100.0,0.0,0.0,0.0,0.0,0.04879016416943201,-1.8837774751111853,0.1906203596086497,0.7304429653036423,0.009950330853168083,0.019802627296179712,4.798035956657717,6.406200141298257,0.0,1.8562979903656263,-1.650418021656754
BDI,2010,0.143,0.871,-1.16890013217926,-1.12470984458923,-1.6259593963623,-1.12236869335175,-0.942692875862122,30.4358640056336,0.565616727549399,87.5,0.0,0.0,0.0,0.0,0.04879016416943201,-1.9206448778831606,0.23111172096338664,0.941178447381934,0.009950330853168083,0.0295588022415444,5.12211107335642,6.42112764151518,0.0,1.840549633397487,-1.8837774751111853
BDI,2011,0.133,0.871,-1.20837116241455,-1.08492064476013,-1.80720043182373,-1.02037370204926,-0.927631795406342,29.6880293068303,0.573775984057699,93.333,0.0,0.0,0.0,0.0,0.04879016416943201,-1.9801808432969414,0.22314355131420976,1.068153081183401,0.019802627296179712,0.0295588022415444,5.285768963626557,6.445188643886337,0.0,1.9740810260220096,-1.9206448778831606
BDI,2012,0.134,0.874,-1.46860635280609,-1.30940592288971,-1.7047381401062,-0.952941536903381,-0.894518375396729,28.5338766272515,0.57854382033712,100.0,0.0,0.0,0.0,0.0,0.04879016416943201,-2.0667341462856292,0.22314355131420976,1.0192082658808412,0.019802627296179712,0.0295588022415444,5.175205784370014,6.458725481400751,0.0,2.0149030205422647,-1.9801808432969414
BDI,2013,0.11,0.883,-1.42651343345642,-1.07123398780823,-1.35027754306793,-0.900794625282288,-0.95320188999176,30.4599786903522,0.564235235584711,88.235,0.0,0.0,1.0,0.0,0.04879016416943201,-1.999704640090276,0.23901690047049992,1.0811269743270902,0.019802627296179712,0.0295588022415444,5.234312036572124,6.534327890745759,0.0,2.066862759472976,-2.0667341462856292
BDI,2014,0.1,0.892,-1.26824688911438,-1.1517721414566,-0.784407138824463,-0.733122706413269,-1.04275143146515,32.8385418719649,0.555772609627365,83.333,0.0,0.0,0.0,0.0,0.04879016416943201,-2.0911501513442152,0.23901690047049992,1.0299764962779714,0.019802627296179712,0.0295588022415444,5.122552269123328,6.58668456354731,0.0,2.0794415416798357,-1.999704640090276
BDI,2015,0.062,0.892,-1.28703820705414,-1.23757755756378,-1.93744611740112,-0.755148112773895,-1.2720273733139,32.9913978536176,0.55572143240553,83.333,0.0,0.0,1.0,0.0,0.04879016416943201,-2.1403316333698372,0.2468600779315258,1.0416891412684888,0.019802627296179712,0.0295588022415444,5.118233304694273,6.583454723723737,0.0,2.186051276738094,-2.0911501513442152
BDI,2016,0.046,0.947,-1.27876329421997,-1.48436272144318,-1.96437513828278,-0.854655146598816,-1.55564069747925,33.6776057765955,0.560540489048128,88.889,0.0,0.0,0.0,0.0,0.04879016416943201,-2.1836068420459305,0.27002713721306015,1.114157500003572,0.019802627296179712,0.0295588022415444,5.210207204296738,6.640244682965767,0.0,2.2512917986064953,-2.1403316333698372
BDI,2017,0.047,0.946,-1.31850147247314,-1.38194644451141,-2.00257515907288,-0.869032144546509,-1.57598125934601,33.5825142113855,0.560431699753392,75.0,0.0,0.0,0.0,0.0,0.04879016416943201,-2.163602187375637,0.31481073984003355,1.2293481106571642,0.04879016416943201,0.0295588022415444,5.353094335887553,6.675058105464473,0.0,2.33214389523559,-2.1836068420459305
BDI,2018,0.044,0.946,-1.47827136516571,-1.44979333877563,-1.57027816772461,-1.00991177558899,-1.66952157020569,33.0259316361814,0.557731433070654,71.429,0.0,0.0,0.0,0.0,0.04879016416943201,-2.1883487123267327,0.37156355643248307,1.4177930281792617,0.04879016416943201,0.039220713153281295,5.578695328814342,6.714186430561768,0.0,2.3513752571634776,-2.163602187375637
BDI,2019,0.053,0.924,-1.49696969985962,-1.37481689453125,-1.62505626678467,-0.991803586483002,-1.72382569313049,32.9775871031394,0.557046401640304,69.231,0.0,0.0,0.0,0.0,0.04879016416943201,-2.268103614570163,0.3987761199573678,1.432462041964898,0.04879016416943201,0.039220713153281295,5.56541655738439,6.767830614778459,0.0,2.379546134130174,-2.1883487123267327
BDI,2020,0.051,0.891,-1.56340169906616,-1.30248296260834,-1.54235208034515,-1.06177186965942,-1.52661275863647,32.6014739884624,0.556977676883822,75.676,0.0,0.0,0.0,0.0,0.04879016416943201,-2.267659087409753,0.3784364357202451,1.5269254908596361,0.04879016416943201,0.039220713153281295,5.658272425024378,6.866032461644985,0.0,2.312535423847214,-2.268103614570163
BDI,2021,0.07,0.764,-1.59966492652893,-1.35819256305695,-1.25839936733246,-1.00198709964752,-1.4070155620575,32.5916117786377,0.555845348816973,69.231,0.0,0.0,1.0,0.0,0.04879016416943201,-2.1416804612139893,0.3987761199573678,1.5116045520853372,0.04879016416943201,0.039220713153281295,5.611608704506237,6.943642146667562,0.0,2.4159137783010487,-2.267659087409753
BDI,2022,0.08,0.722,-1.51818120479584,-1.26360619068146,-1.19244623184204,-0.947485685348511,-1.39635360240936,32.9803839707427,0.554106216917647,69.231,0.0,0.0,0.0,0.0,0.058268908123975775,-2.164309583673681,0.3987761199573678,1.5349298602590387,0.04879016416943201,0.039220713153281295,5.61442288823412,7.008303703964848,0.0,2.424802725718295,-2.1416804612139893
BEL,2003,0.82,0.031,1.37511277198792,1.86878955364227,0.85823780298233,1.28162622451782,1.47829031944275,59.5210565624881,0.355704316168553,1.436,0.0,1.0,1.0,1.2412685890696329,0.10436001532424277,4.991779663071273,4.510639702141858,6.636852968917012,0.13976194237515868,2.269028309465203,11.20378915406313,10.339662342294194,0.0,4.61512051684126,4.965117182379767
BEL,2004,0.801,0.031,1.36038255691528,1.85430920124054,0.709136724472046,1.34641647338867,1.44026613235474,59.8049781984633,0.351743227187686,1.809,0.0,0.0,1.0,1.2412685890696329,0.11332868530700317,4.985511819893574,4.518413322061809,6.640685963099522,0.13976194237515868,2.272125885509337,11.203296280257186,10.375519831897382,0.0,4.61512051684126,4.991779663071273
BEL,2005,0.815,0.031,1.37716245651245,1.70650970935822,0.79377418756485,1.27136194705963,1.42076218128204,59.6544901508088,0.350568617650558,2.501,0.0,1.0,1.0,1.2412685890696329,0.09531017980432487,4.9629555899655395,4.51830425296643,6.6295191197572985,0.13976194237515868,2.2669579153508947,11.186604346963763,10.40966913780351,0.2191085761020307,4.61512051684126,4.985511819893574
BEL,2006,0.82,0.031,1.30128657817841,1.74316394329071,0.856375813484192,1.3299378156662,1.34239435195923,60.612160649099,0.350747410035775,3.552,0.0,1.0,1.0,1.1378330018213911,0.10436001532424277,4.938649489957879,4.548599834499697,6.632319250052506,0.13976194237515868,2.288486168614544,11.182792252216123,10.470504032333025,0.2191085761020307,4.61512051684126,4.9629555899655395
BEL,2007,0.833,0.031,1.34741532802582,1.60233938694,0.757325053215027,1.42054414749146,1.36077105998993,60.9132319860093,0.352060242878519,4.02,0.0,0.0,1.0,1.1378330018213911,0.10436001532424277,4.922159072676393,4.549551762225079,6.63918147516829,0.13976194237515868,2.2834022735772717,11.182386022470496,10.513267577004598,0.2191085761020307,4.61512051684126,4.938649489957879
BEL,2008,0.844,0.031,1.36263751983643,1.38118207454681,0.620571196079254,1.40567028522491,1.32498848438263,61.4618027612049,0.353150210178792,5.321,0.0,0.0,1.0,1.1378330018213911,0.10436001532424277,4.9348530958609285,4.5502915244781015,6.655097949412788,0.13976194237515868,2.277267285009756,11.19042785086736,10.542292900364988,0.2191085761020307,4.61512051684126,4.922159072676393
BEL,2009,0.843,0.031,1.45200526714325,1.56746017932892,0.820824682712555,1.31022024154663,1.3466922044754,62.0373058875726,0.351717938522834,6.061,0.0,1.0,1.0,1.0543120297715298,0.10436001532424277,4.880332041814344,4.487737089095996,6.574865218699325,0.13976194237515868,2.211565694606877,11.100496631309975,10.54236084094118,0.2191085761020307,4.61512051684126,4.9348530958609285
BEL,2010,0.839,0.031,1.47382998466492,1.65420985221863,0.810646176338196,1.28281509876251,1.36068689823151,61.6709973806964,0.353084644440966,7.051,0.0,1.0,1.0,0.8796267475025636,0.11332868530700317,4.948521149741394,4.54944603721573,6.640905369032721,0.13976194237515868,2.25758772706331,11.155251136098405,10.592762381175978,0.2191085761020307,4.61512051684126,4.880332041814344
BEL,2011,0.837,0.031,1.51992893218994,1.72347581386566,0.95453542470932,1.23621690273285,1.32516324520111,62.076581175898,0.346981968907434,9.354,0.0,0.0,1.0,0.8796267475025636,0.11332868530700317,4.870712305210484,4.530554392607302,6.571879664346627,0.13976194237515868,2.2321626286975,11.0768493027977,10.627305768604034,0.2191085761020307,4.61512051684126,4.948521149741394
BEL,2012,0.837,0.031,1.55911040306091,1.67117416858673,0.923599720001221,1.22217035293579,1.34942185878754,62.6208211790861,0.345817592860862,12.894,0.0,0.0,0.0,0.7654678421395714,0.11332868530700317,4.856051951626825,4.5266679578331335,6.530788702489355,0.173953307123438,2.222459048514761,11.029479134117596,10.656895172528007,0.2324956568844901,4.61512051684126,4.870712305210484
BEL,2013,0.845,0.031,1.60431730747223,1.70195496082306,0.940082728862762,1.28374707698822,1.37298619747162,63.0380666492764,0.345118499876652,14.301,0.0,1.0,1.0,0.44468582126144574,0.11332868530700317,4.861829360033165,4.528181144459956,6.555241664688634,0.173953307123438,2.2202898502672155,11.049228657845822,10.688874759792588,0.2324956568844901,4.61512051684126,4.856051951626825
BEL,2014,0.843,0.031,1.51272034645081,1.51735270023346,0.701269447803497,1.15288519859314,1.36629962921143,63.7000838790869,0.343070592126183,17.149,0.0,1.0,1.0,0.44468582126144574,0.11332868530700317,4.808077825839653,4.497584975308154,6.479816008202878,0.173953307123438,2.188295946591918,10.969236939599947,10.717715501990455,0.2324956568844901,4.61512051684126,4.861829360033165
BEL,2015,0.84,0.031,1.47445356845856,1.52944529056549,0.577092111110687,1.27396082878113,1.38754844665527,63.5995328972293,0.343754896121476,21.102,0.0,1.0,1.0,0.44468582126144574,0.10436001532424277,4.8464534844053695,4.504576070752389,6.489853657027502,0.173953307123438,2.189416394888408,10.973488290012058,10.738248057457035,0.2324956568844901,4.61512051684126,4.808077825839653
BEL,2016,0.838,0.031,1.53124380111694,1.39763832092285,0.429606109857559,1.32856822013855,1.37725067138672,63.561738188025,0.340900664323307,16.902,0.0,1.0,1.0,0.0,0.10436001532424277,4.838433677830341,4.516229676691443,6.565981614592748,0.173953307123438,2.196112848483529,11.044651842399608,10.78757635941057,0.2324956568844901,4.61512051684126,4.8464534844053695
BEL,2017,0.837,0.031,1.40419495105743,1.24078404903412,0.41760727763176,1.23354864120483,1.33863842487335,62.9973868314606,0.341580793339684,18.514,0.0,1.0,1.0,0.0,0.10436001532424277,4.823235905300364,4.525693984486295,6.575134416289889,0.173953307123438,2.200552367428894,11.049953551164249,10.824906376785446,0.2324956568844901,4.61512051684126,4.838433677830341
BEL,2018,0.837,0.031,1.42957329750061,1.22463178634644,0.393769443035126,1.25903940200806,1.33044385910034,62.5430708299417,0.34428605662023,23.23,0.0,1.0,1.0,0.0,0.10436001532424277,4.828465560559767,4.523960130562548,6.572569214886322,0.173953307123438,2.194999882314108,11.042822022743342,10.867953651601441,0.2324956568844901,4.61512051684126,4.823235905300364
BEL,2019,0.84,0.031,1.44879794120789,1.11331832408905,0.458395332098007,1.27653729915619,1.30838358402252,62.9701380179029,0.335382000287438,20.984,0.0,1.0,1.0,0.0,0.09531017980432487,4.827914386597062,4.520047932571257,6.605797119737764,0.173953307123438,2.187174241482718,11.070683575672719,10.945767020091948,0.2324956568844901,4.61512051684126,4.828465560559767
BEL,2020,0.828,0.031,1.44580173492432,1.07823526859283,0.521078526973724,1.34363579750061,1.27814042568207,63.2306308173713,0.334969174860605,26.56,0.0,1.0,0.0,0.0,0.10436001532424277,4.755463933391335,4.488186830502272,6.499645677281064,0.173953307123438,2.154085084675602,10.96008484367213,10.93526706079066,0.2324956568844901,4.61512051684126,4.827914386597062
BEL,2021,0.829,0.031,1.45520210266113,1.08557260036469,0.662682592868805,1.33185970783234,1.27089965343475,63.4034267480416,0.332161747237053,22.887,0.0,1.0,0.0,0.0,0.10436001532424277,4.788606849927826,4.527424837363238,6.605683502894215,0.173953307123438,2.187174241482718,11.06361188091362,11.013208144494552,0.2324956568844901,4.61512051684126,4.755463933391335
BEL,2022,0.837,0.031,1.49497354030609,1.22718644142151,0.581981599330902,1.25295519828796,1.29709255695343,63.5259787135581,0.333294723985269,25.898,0.0,1.0,0.0,0.0,0.11332868530700317,4.7222014853153755,4.475061500641071,6.54456343179752,0.173953307123438,2.135349173618132,10.99629309798909,11.129596066082366,0.0,4.61512051684126,4.788606849927826
BEN,2003,0.5,0.643,-0.577583432197571,-0.561285614967346,0.679285824298859,-0.621432840824127,0.187651932239532,35.5255696394552,0.575902809887557,0.0,0.0,0.0,1.0,0.0,0.0,1.9683599561444343,0.46373401623214017,2.4321210143430796,0.058268908123975775,0.07696104113612832,7.1801368941437405,7.518934510066964,0.0,3.2308043957334744,1.8347754029023187
BEN,2004,0.5,0.643,-0.563022553920746,-0.524759590625763,0.265973478555679,-0.619886994361877,0.0530563071370125,35.6522214342166,0.574004015599738,0.0,0.0,0.0,0.0,0.0,0.0,2.0804232915286573,0.5068176023684519,2.481316880937443,0.058268908123975775,0.07696104113612832,7.203337810457449,7.5581757581896385,0.0,3.265759410767051,1.9683599561444343
BEN,2005,0.512,0.606,-0.871326267719269,-0.652987897396088,0.449746280908585,-0.641528606414795,-0.0299640763550997,33.838260131582,0.577165667200976,0.0,0.0,0.0,0.0,0.0,0.0,2.073010074743796,0.5364933705145685,2.423563019546948,0.058268908123975775,0.07696104113612832,7.108003521587281,7.573821118227604,0.0,3.299533727885655,2.0804232915286573
BEN,2006,0.537,0.608,-0.58709591627121,-0.647012531757355,0.547892570495605,-0.461876183748245,0.362777709960938,33.6246757796592,0.578812612041637,0.0,0.0,0.0,0.0,0.0,0.0,2.2726969403892925,0.5538851132264376,2.7119094114279307,0.1310282624064041,0.08617769624105233,7.389025204501766,7.611647364413542,0.0,3.3638415951183864,2.073010074743796
BEN,2007,0.53,0.608,-0.470139265060425,-0.543749690055847,0.386217623949051,-0.506433963775635,0.368180990219116,34.405255006754,0.576068172538852,0.0,0.0,0.0,0.0,0.0,0.0,2.390159422079339,0.5877866649021191,2.8677284329696247,0.15700374880966475,0.08617769624105233,7.525389269763146,7.666941984267993,0.0,3.367295829986474,2.2726969403892925
BEN,2008,0.522,0.607,-0.514077365398407,-0.492893785238266,0.376421362161636,-0.554605662822723,0.344647467136383,33.7734613505191,0.583384561126187,0.0,0.0,0.0,0.0,0.0,0.0,2.4445336016881107,0.636576829071551,2.8888706317698976,0.173953307123438,0.09531017980432487,7.517607259913118,7.703617716955202,0.0,3.4011973816621555,2.390159422079339
BEN,2009,0.523,0.607,-0.627268314361572,-0.595060706138611,0.40366667509079,-0.398531436920166,0.342523217201233,32.9699686411097,0.579852645933007,0.0,0.0,0.0,0.0,0.0,0.0,2.5296396370855914,0.6931471805599453,2.9878513001031153,0.1310282624064041,0.10436001532424277,7.592134129850226,7.702704682271449,0.0,3.4339872044851463,2.4445336016881107
BEN,2010,0.524,0.607,-0.665382146835327,-0.609903872013092,0.261260122060776,-0.40174999833107,0.314489126205444,31.8060442184887,0.586485281723795,0.0,0.0,0.0,0.0,0.0,0.0,2.050146745424239,0.7178397931503169,3.11529150861163,0.09531017980432487,0.10436001532424277,7.695978066381775,7.705860740065903,0.0,3.5610460826040513,2.5296396370855914
BEN,2011,0.492,0.607,-0.605445802211761,-0.547139346599579,0.318356364965439,-0.401879459619522,0.16639056801796,32.2881542880404,0.583306152806076,0.0,0.0,0.0,0.0,0.0,0.0,2.1861504357638104,0.7419373447293773,3.0509777477799696,0.09531017980432487,0.10436001532424277,7.598877410513659,7.725701655068128,0.0,3.6349511120883804,2.050146745424239
BEN,2012,0.488,0.607,-0.857918381690979,-0.526746511459351,0.364367604255676,-0.40126171708107,0.124485470354557,31.4566159333172,0.580838055670616,0.0,0.0,0.0,0.0,0.0,0.0,2.1448756724977764,0.7514160886839212,3.000371495702416,0.058268908123975775,0.10436001532424277,7.516027888863979,7.760929054622436,0.0,3.673765816303888,2.1861504357638104
BEN,2013,0.478,0.513,-0.745601773262024,-0.508882761001587,0.301189363002777,-0.415549963712692,0.155436858534813,32.5015611866949,0.579385821359377,0.0,0.0,0.0,1.0,0.0,0.0,2.266322878283853,0.7975071958841881,3.019692910998834,0.1310282624064041,0.10436001532424277,7.50688953793437,7.829094484195857,0.0,3.5751506887855933,2.1448756724977764
BEN,2014,0.485,0.513,-0.669655799865723,-0.485428422689438,0.027139762416482,-0.620842099189758,0.264536678791046,33.0015964363223,0.581702573212594,0.0,0.0,0.0,0.0,0.0,0.0,2.2866357879799306,0.8796267475025636,3.078555726753104,0.09531017980432487,0.12221763272424921,7.539106308002607,7.890363803398227,0.0,3.55820113047182,2.266322878283853
BEN,2015,0.529,0.524,-0.563740015029907,-0.682311475276947,-0.0204964224249125,-0.621767401695251,0.29437643289566,34.3657223050634,0.576537845770553,0.0,0.0,0.0,0.0,0.0,0.0,2.3551560779800904,0.8628899551470399,3.1683401381603065,0.09531017980432487,0.11332868530700317,7.603455198529666,7.910714320001072,0.0,3.4210000089583352,2.2866357879799306
BEN,2016,0.582,0.392,-0.529033243656158,-0.625652372837067,-0.00878350250422955,-0.583056390285492,0.407765537500381,34.3415503060964,0.585880278601888,0.0,0.0,0.0,1.0,0.0,0.0,2.502677916841826,0.8586616190375187,3.359055071464188,0.18232155679395462,0.11332868530700317,7.772428874563928,7.952623773533148,0.0,3.6375861597263857,2.3551560779800904
BEN,2017,0.598,0.318,-0.576484858989716,-0.697358727455139,0.026252493262291,-0.523586809635162,0.380507737398148,34.8279783209691,0.583574401058511,0.0,0.0,0.0,0.0,0.0,0.0,2.530531632374435,0.8878912573524571,3.416020310553794,0.18232155679395462,0.11332868530700317,7.802581691714616,7.967936407208939,0.0,3.56953269648137,2.502677916841826
BEN,2018,0.478,0.373,-0.391633450984955,-0.631518959999084,-0.146990418434143,-0.393426120281219,0.247411072254181,35.8862960099915,0.584776065066707,0.0,0.0,1.0,0.0,0.0,0.0,2.63696931896752,0.9082585601768908,3.5086157784294256,0.15700374880966475,0.11332868530700317,7.869990606423353,7.995072781505627,0.0,3.6888794541139363,2.530531632374435
BEN,2019,0.336,0.378,-0.329359769821167,-0.490367919206619,-0.420240253210068,-0.446330428123474,0.060940396040678,36.229683026291,0.57994618108686,1.852,0.0,1.0,0.0,0.0,0.0,2.6517131554227773,0.9669838461896731,3.439905142765205,0.15700374880966475,0.12221763272424921,7.7717741325484875,8.055151286077756,0.0,3.713572066704308,2.63696931896752
BEN,2020,0.283,0.183,-0.0399823486804962,-0.290913850069046,-0.443071663379669,-0.483431756496429,-0.0757769346237183,37.7512996189284,0.574438585217661,1.01,0.0,1.0,0.0,0.0,0.0,2.688153107867976,0.9669838461896731,3.488108753651452,0.15700374880966475,0.12221763272424921,7.794892342536916,8.085051730632948,0.0,3.7376696182833684,2.6517131554227773
BEN,2021,0.276,0.181,-0.170538559556007,-0.23760136961937,-0.396318674087524,-0.447988480329514,-0.233453392982483,37.1528309790975,0.577656737259558,1.77,0.0,1.0,1.0,0.0,0.0,2.582145448104718,1.0367368849500223,3.244231632130509,0.15700374880966475,0.1310282624064041,7.5164887964792095,8.15055120647365,0.0,3.7612001156935624,2.688153107867976
BEN,2022,0.293,0.183,-0.0898572877049446,-0.170590236783028,-0.34320268034935,-0.348364651203156,-0.335694015026093,37.8626204456274,0.570411821017918,2.02,0.0,1.0,0.0,0.0,0.0,2.6457015427431916,1.0367368849500223,3.270936824494659,0.15700374880966475,0.12221763272424921,7.518785811072646,8.254568974103055,0.0,4.051784947803305,2.582145448104718
BFA,2003,0.326,0.532,-0.107514306902885,-0.812532126903534,0.0671200677752495,-0.361612886190414,-0.309724420309067,35.6215826338706,0.581019805080309,22.222,0.0,0.0,0.0,0.0,0.0295588022415444,3.9010504713448033,0.41871033485818504,1.840232122678833,0.13976194237515868,0.039220713153281295,6.006343307336451,6.945858053769863,0.0,2.517696472610991,3.8105759248296205
BFA,2004,0.326,0.532,-0.149054154753685,-0.696795463562012,-0.0812375172972679,-0.329019099473953,-0.433708816766739,36.0193142668745,0.571127829649335,21.277,0.0,0.0,0.0,0.0,0.0295588022415444,3.9256322661219603,0.4510756193602167,1.7488519682167785,0.16551443847757338,0.039220713153281295,5.865617837242006,6.984716404773364,0.0,2.4595888418037104,3.9010504713448033
BFA,2005,0.328,0.532,-0.105527251958847,-0.604898989200592,-0.0626529157161713,-0.456178694963455,-0.446520090103149,35.4036167836497,0.570111426138937,19.231,0.0,0.0,0.0,0.0,0.0295588022415444,3.9574296350510827,0.5007752879124893,1.8012146279988102,0.18232155679395462,0.04879016416943201,5.897038476364039,7.067118910475166,0.0,2.4932054526026954,3.9256322661219603
BFA,2006,0.344,0.532,-0.310118108987808,-0.80056357383728,0.155799552798271,-0.396016359329224,-0.341833859682083,32.735754653759,0.566680550711757,14.545,0.0,0.0,0.0,0.0,0.0295588022415444,3.9847009952167687,0.5247285289349821,1.795585474061584,0.20701416938432615,0.04879016416943201,5.859266550829588,7.126892767485797,0.0,2.533696813957432,3.9574296350510827
BFA,2007,0.339,0.532,-0.329598039388657,-0.770006239414215,0.307008683681488,-0.313472509384155,-0.307009160518646,33.1367232334613,0.566474938617503,18.033,0.0,0.0,0.0,0.0,0.0295588022415444,4.018349293699977,0.5481214085096876,2.094576429264106,0.1988508587451652,0.04879016416943201,6.177327741559484,7.163559233266942,0.0,2.5649493574615367,3.9847009952167687
BFA,2008,0.339,0.532,-0.30901512503624,-0.530283987522125,0.118724599480629,-0.229373604059219,-0.283480763435364,33.5323550378574,0.564832337812381,21.311,0.0,0.0,1.0,0.0,0.0295588022415444,4.05571563430597,0.5596157879354227,2.1692822456796255,0.1988508587451652,0.04879016416943201,6.23262481820899,7.209606800730218,0.0,2.6026896854443837,4.018349293699977
BFA,2009,0.337,0.532,-0.345606595277786,-0.617469727993011,0.0340402871370316,-0.14174522459507,-0.289741963148117,34.1884635354842,0.562176731406206,18.571,0.0,0.0,0.0,0.0,0.0295588022415444,4.078629701808137,0.6097655716208943,2.1136013933265407,0.1988508587451652,0.04879016416943201,6.1405201260684725,7.215748855901483,0.0,2.6100697927420065,4.05571563430597
BFA,2010,0.354,0.524,-0.356885224580765,-0.589095711708069,-0.117637142539024,-0.208372116088867,-0.252949893474579,34.4488824230582,0.558253496184134,22.414,0.0,0.0,0.0,0.0,0.0295588022415444,4.1180716258471675,0.7323678937132266,2.2076148554028188,0.1906203596086497,0.06765864847381481,6.217310443795654,7.279609940507841,0.0,2.6461747973841225,4.078629701808137
BFA,2011,0.358,0.529,-0.378650426864624,-0.568243741989136,-0.55538147687912,-0.205170571804047,-0.280185431241989,34.6184590842403,0.554980662662595,16.667,0.0,1.0,0.0,0.0,0.0295588022415444,4.145404860377378,0.7178397931503169,2.32297578264178,0.23901690047049992,0.058268908123975775,6.316344856193196,7.334553465158699,0.0,2.760009940032921,4.1180716258471675
BFA,2012,0.36,0.531,-0.482446640729904,-0.632368385791779,-0.573129236698151,-0.139083847403526,-0.30497083067894,34.4065896878673,0.552841202678991,17.188,0.0,1.0,0.0,0.0,0.0295588022415444,4.14927494085392,0.7747271675523681,2.4727497195173687,0.2851789422336624,0.06765864847381481,6.450641023704646,7.360637446934526,0.0,2.7788192719904172,4.145404860377378
BFA,2013,0.409,0.479,-0.525527596473694,-0.670198976993561,-0.763390123844147,-0.197507470846176,-0.255501538515091,34.5372683340206,0.547578749950569,16.0,0.0,1.0,0.0,0.0,0.0295588022415444,4.2023373570489815,0.8241754429663495,2.6399854701880807,0.1988508587451652,0.06765864847381481,6.601778881174697,7.404821959873289,0.0,2.797281334830153,4.14927494085392
BFA,2014,0.424,0.437,-0.466838806867599,-0.592531859874725,-0.787128567695618,-0.340953946113586,-0.352606743574142,35.368514745999,0.540492588634119,11.364,0.0,1.0,0.0,0.0,0.0295588022415444,4.195460024627211,0.8628899551470399,2.575051999639346,0.23111172096338664,0.07696104113612832,6.502083649549912,7.415968135204309,0.0,3.005682604407159,4.2023373570489815
BFA,2015,0.307,0.397,-0.299044787883759,-0.692133605480194,-0.609127342700958,-0.424238204956055,-0.114221930503845,35.7693759495373,0.543528834021826,9.901,0.0,1.0,1.0,0.0,0.0295588022415444,4.250620800756411,0.8960880245566356,2.8012369158283277,0.26236426446749106,0.07696104113612832,6.714910547291191,7.4340088892850185,0.0,2.8449093838194073,4.195460024627211
BFA,2016,0.507,0.398,-0.169877484440804,-0.638990938663483,-0.868710696697235,-0.44747668504715,0.0134272389113903,37.6415159032187,0.53719032146224,16.162,0.0,1.0,0.0,0.0,0.0295588022415444,4.262847049527357,0.9631743177730056,2.7585531832753167,0.2546422183735807,0.07696104113612832,6.640253540264255,7.540493496746106,0.0,2.8678989020441064,4.250620800756411
BFA,2017,0.511,0.391,-0.138780206441879,-0.638492047786713,-0.927885830402374,-0.481157660484314,0.0645605251193047,38.468861026264,0.524013171811851,14.286,0.0,1.0,0.0,0.0,0.0295588022415444,4.278594379809418,1.0188473201992472,2.8993865577673064,0.2546422183735807,0.08617769624105233,6.761238222108809,7.622371811100574,0.0,2.8903717578961645,4.262847049527357
BFA,2018,0.491,0.402,-0.131607040762901,-0.644067406654358,-1.06026446819305,-0.40524896979332,-0.0616534128785133,38.6585790777896,0.520569239227855,14.439,0.0,1.0,0.0,0.0,0.0295588022415444,4.3005668913130926,1.3110318766193438,3.009930992953804,0.2546422183735807,0.12221763272424921,6.850758381509483,7.637390373834118,0.0,2.7343675094195836,4.278594379809418
BFA,2019,0.482,0.453,-0.219493299722672,-0.7781862616539,-1.30219399929047,-0.42292308807373,-0.208245500922203,38.3128359801018,0.51822331957572,16.25,0.0,0.0,0.0,0.0,0.0295588022415444,4.316337025513659,1.3029127521808397,3.043903198415284,0.29266961396282,0.12221763272424921,6.861165641876107,7.711174164616731,0.0,2.9231615807191558,4.3005668913130926
BFA,2020,0.487,0.453,-0.122198514640331,-0.708106637001038,-1.53797841072083,-0.482700347900391,-0.189439803361893,38.4095419635115,0.521637813046896,18.868,0.0,0.0,0.0,0.0,0.0295588022415444,4.267376072065604,1.3912819026309298,3.0496994898239334,0.29266961396282,0.1310282624064041,6.842913778617661,7.775579382027225,0.0,2.970414465569701,4.316337025513659
BFA,2021,0.455,0.453,-0.0825074538588524,-0.765025079250336,-1.64294326305389,-0.480167269706726,-0.116836667060852,38.6675806504373,0.520739386451671,18.129,0.0,1.0,1.0,0.0,0.0295588022415444,4.3382818579261615,1.4422019930581866,3.1760100766387094,0.3293037471426004,0.13976194237515868,6.951245710056665,7.819005702407106,0.0,2.995732273553991,4.267376072065604
BFA,2022,0.226,0.438,-0.111639469861984,-0.853148698806763,-1.81536936759949,-0.468305677175522,-0.684045016765594,38.5132710992829,0.522186511718832,15.385,0.0,1.0,0.0,0.0,0.0295588022415444,4.342266643518552,1.430311246536665,3.1686766685353485,0.3293037471426004,0.1310282624064041,6.9205135450808,7.880895300465021,0.0,3.0204248861443626,4.3382818579261615
BGD,2003,0.239,0.842,-1.54172050952911,-0.838938593864441,-1.1155811548233,-1.04474914073944,-0.551806807518005,34.4149745255197,0.563864958069721,5.58,0.0,0.0,1.0,0.0,0.20701416938432615,4.739420221729981,3.0478502278160975,5.1126381792161855,0.15700374880966475,0.1310282624064041,7.066658931233432,7.465728151111873,0.0,3.725693427236653,4.713114125247776
BGD,2004,0.233,0.842,-1.59711492061615,-0.93288254737854,-1.36047637462616,-1.17591226100922,-0.672145783901215,34.2227894945264,0.56343042850156,4.815,0.0,0.0,0.0,0.0,0.20701416938432615,4.761840108197703,3.263084079532521,5.173303879061759,0.15700374880966475,0.16551443847757338,7.114023641866638,7.529681695387771,0.0,3.728100167267218,4.739420221729981
BGD,2005,0.233,0.842,-1.40646660327911,-0.918954312801361,-1.86383938789368,-1.081751704216,-0.569969236850739,36.1815796588232,0.560102618247176,4.748,0.0,0.0,0.0,0.0,0.20701416938432615,4.79618154827936,3.3307749173656096,5.253565786309105,0.15700374880966475,0.173953307123438,7.182067876965469,7.61121826599413,0.0,3.8110970868381857,4.761840108197703
BGD,2006,0.215,0.842,-1.44298279285431,-0.838699102401733,-1.50709736347198,-1.00554251670837,-0.451236516237259,39.8608423495503,0.554115989577631,4.609,0.0,0.0,0.0,0.22314355131420976,0.20701416938432615,4.832888860158646,3.4391352210025476,5.332158249716755,0.15700374880966475,0.1906203596086497,7.249396277366781,7.694527062564213,0.0,3.9415818076696905,4.79618154827936
BGD,2007,0.103,0.794,-1.06323993206024,-0.70753276348114,-1.54307162761688,-0.953167855739594,-0.573499917984009,41.0593120944849,0.563409511108052,2.452,0.0,0.0,0.0,0.22314355131420976,0.20701416938432615,4.868341028273606,3.4654233539614268,5.360136568686845,0.15700374880966475,0.1906203596086497,7.266738656436815,7.778672110281087,0.0,3.8607297110405954,4.832888860158646
BGD,2008,0.105,0.794,-1.0467883348465,-0.738396406173706,-1.50833129882812,-0.914517819881439,-0.442116975784302,41.5683476424751,0.557822556460093,2.805,0.0,0.0,1.0,0.22314355131420976,0.20701416938432615,4.921040223267716,3.561897992353146,5.411427277925769,0.15700374880966475,0.20701416938432615,7.308254075353909,7.8461432123816435,0.0,4.012772908528289,4.868341028273606
BGD,2009,0.196,0.903,-1.0752512216568,-0.802756428718567,-1.54677140712738,-0.866342842578888,-0.289043039083481,41.6555240825617,0.556202464707568,1.262,0.0,0.0,1.0,0.22314355131420976,0.20701416938432615,4.956443151958897,3.6436205477083212,5.506728933101732,0.20701416938432615,0.22314355131420976,7.394587140904678,7.892175374420897,0.0,4.062165663857866,4.921040223267716
BGD,2010,0.173,0.914,-1.05408024787903,-0.753689587116241,-1.42578947544098,-0.857593059539795,-0.268090695142746,43.094571627811,0.554066162157698,2.031,0.0,1.0,0.0,0.22314355131420976,0.20701416938432615,5.00866538746935,3.734330717017854,5.529722695198118,0.2468600779315258,0.23901690047049992,7.408902013051476,7.949689783120809,0.0,4.030694535145645,4.956443151958897
BGD,2011,0.169,0.914,-1.09738862514496,-0.772120714187622,-1.40473687648773,-0.817078590393066,-0.315068930387497,43.0378861754632,0.553562045951478,2.216,0.0,1.0,1.0,0.22314355131420976,0.1988508587451652,5.041389936119221,3.811539466849824,5.608111896582888,0.712949807856125,0.2546422183735807,7.478464167474351,8.02364080026497,0.0,4.104294893075269,5.00866538746935
BGD,2012,0.166,0.914,-0.85661906003952,-0.807726144790649,-1.37908899784088,-0.95947253704071,-0.401940673589706,44.5001904681286,0.544983490051936,1.872,0.0,1.0,1.0,0.22314355131420976,0.1988508587451652,5.075670157123184,3.9043939782636548,5.690454044444868,0.9042181506398859,0.27002713721306015,7.551472165533255,8.14185317689615,0.0,4.197201947661808,5.041389936119221
BGD,2013,0.146,0.899,-0.893966019153595,-0.797781109809875,-1.62785887718201,-0.923936903476715,-0.405487447977066,44.5462997450783,0.544997102461483,2.006,0.0,1.0,1.0,0.22314355131420976,0.20701416938432615,5.094809108187075,3.9952606039982017,5.728725462404162,0.9042181506398859,0.29266961396282,7.5804721753104936,8.213951848479631,0.0,4.135166556742356,5.075670157123184
BGD,2014,0.108,0.898,-0.892609238624573,-0.775071203708649,-0.895563185214996,-0.95516049861908,-0.474044501781464,33.484142934222,0.548921522578754,1.392,0.0,1.0,1.0,0.22314355131420976,0.20701416938432615,5.133950960353722,4.082946517269732,5.766938790988673,0.9858167945227653,0.31481073984003355,7.609683790549421,8.287404227512267,0.0,4.14946386144318,5.094809108187075
BGD,2015,0.109,0.885,-0.844677090644836,-0.752009570598602,-1.20977377891541,-0.92024040222168,-0.512201607227325,34.187289758364,0.538382156514073,1.349,0.0,1.0,1.0,0.22314355131420976,0.20701416938432615,5.1864721916074235,4.153713494028934,5.956101583261955,1.1662709371419244,0.3293037471426004,7.790365538189121,8.345986225495935,0.0,4.31748811353631,5.133950960353722
BGD,2016,0.11,0.888,-0.88751894235611,-0.705847561359406,-1.25973296165466,-0.811327993869781,-0.584256231784821,34.9216493860889,0.534508970977934,1.795,0.0,1.0,0.0,0.22314355131420976,0.20701416938432615,5.234227103078064,4.302848136796795,5.960234423987459,1.3056264580524357,0.37156355643248307,7.785587471175004,8.429483160278142,0.0,4.3425058765115985,5.1864721916074235
BGD,2017,0.107,0.895,-0.858602941036224,-0.752013146877289,-1.25362718105316,-0.82475745677948,-0.615438640117645,35.3063146215172,0.529671189784003,1.756,0.0,1.0,0.0,0.22314355131420976,0.20701416938432615,5.282314051028156,4.370839289033305,6.001328240544871,1.3635373739972745,0.3920420877760237,7.8182633233004095,8.493639350041787,0.0,4.48863636973214,5.234227103078064
BGD,2018,0.1,0.9,-0.926822602748871,-0.762283682823181,-0.985569059848785,-0.849186778068542,-0.742033064365387,35.1374128035346,0.528898395231602,1.769,0.0,1.0,0.0,0.41871033485818504,0.20701416938432615,5.307837958137008,4.441827387791918,6.066776080405617,1.7681496035889213,0.412109650826833,7.875635681320114,8.610894590308384,0.0,4.476199804691132,5.282314051028156
BGD,2019,0.095,0.901,-1.017209649086,-0.753539621829987,-0.928628742694855,-0.937222182750702,-0.741862595081329,34.9048344599208,0.529206492636317,1.398,0.0,1.0,0.0,0.41871033485818504,0.20701416938432615,5.33329166889185,4.531523645819793,6.181179538316635,2.0014800002101243,0.44468582126144574,7.981787948675856,8.707503422781624,0.0,4.534747721691546,5.307837958137008
BGD,2020,0.097,0.896,-1.00371217727661,-0.779491305351257,-0.915816903114319,-0.906213521957397,-0.769459009170532,35.1730766992109,0.528183627327675,1.463,0.0,1.0,1.0,1.0473189942805592,0.20701416938432615,5.318694126808928,4.533996366533566,6.127844690685645,2.0693912058263346,0.4382549309311553,7.919998529771218,8.801105824445884,0.0,4.576770711466393,5.33329166889185
BGD,2021,0.092,0.907,-0.986505091190338,-0.653351545333862,-1.03688275814056,-0.84635329246521,-0.774502336978912,33.8470240192005,0.557245693286426,1.411,0.0,1.0,1.0,1.0473189942805592,0.20701416938432615,5.396982078705384,4.6515765588022475,6.2014620667521765,2.1138429683971682,0.4824261492442927,7.985598713707408,8.914904199324651,0.0,4.605170185988092,5.318694126808928
BGD,2022,0.095,0.918,-1.07575178146362,-0.763355314731598,-1.046462059021,-0.927658915519714,-0.753301620483398,32.9617667042196,0.568568181856243,1.555,0.0,1.0,0.0,1.3506671834767394,0.20701416938432615,5.413223418482225,4.7091697760065765,6.24061496894835,2.1471001901536506,0.5007752879124893,8.014576779674947,9.042105020158997,0.0,4.609162207257629,5.396982078705384
BGR,2003,0.618,0.387,-0.087321013212204,0.0336971394717693,0.173525497317314,0.668375253677368,0.545891940593719,51.1406755562267,0.366777847032076,7.072,0.0,1.0,1.0,1.890095369948917,0.9745596399981308,3.964896626304678,3.6320445173613978,5.422095727604607,1.220829921392359,1.7422190236679187,10.270767776168542,9.038183467600607,0.0,4.506454213048934,3.8337187128903647
BGR,2004,0.619,0.387,0.0682040601968765,0.0787450447678566,0.00363073358312249,0.707843780517578,0.5696901679039,51.9273738639464,0.364910157970245,7.592,0.0,0.0,0.0,1.8718021769015913,1.091923300517313,3.920774249347378,3.5967641652061304,5.3886835266215085,1.235471471385307,1.7191887763932197,10.24427685008296,9.127256516356967,0.0,4.511957804265912,3.964896626304678
BGR,2005,0.611,0.387,0.0187454242259264,0.134381100535393,0.14727059006691,0.657545506954193,0.594892740249634,51.9516059865941,0.361750014883773,9.797,0.0,0.0,1.0,1.8718021769015913,1.091923300517313,3.9184124174846553,3.6192613872330663,5.468422944512338,0.9969486348916095,1.7439688053917064,10.331405270365474,9.239165495201311,0.0,4.517431271680085,3.920774249347378
BGR,2006,0.616,0.381,-0.11058596521616,-0.130292177200317,0.394421190023422,0.616540431976318,0.577117204666138,51.3290027431097,0.361017822559379,9.309,0.0,1.0,1.0,1.8718021769015913,1.091923300517313,4.000801629623158,3.655839600035736,5.487701425061243,0.708035793053696,1.780024213009634,10.357906493958883,9.342162136633187,0.0,4.523960130562548,3.9184124174846553
BGR,2007,0.616,0.353,-0.231792405247688,-0.121084287762642,0.357635468244553,0.643360614776611,0.69093531370163,51.073757761964,0.362553637901793,6.726,0.0,0.0,1.0,1.8718021769015913,1.1019400787607843,4.050501894613664,3.6724959748634123,5.4537814691721085,0.8671004876833832,1.801709800081223,10.33085608625357,9.45902012524299,0.2191085761020307,4.529368472571809,4.000801629623158
BGR,2008,0.618,0.359,-0.274787336587906,-0.172577276825905,0.369860708713531,0.734121799468994,0.57797634601593,50.9131587679449,0.363677879761095,6.586,0.0,1.0,1.0,1.8718021769015913,1.1378330018213911,4.0246908528324985,3.6926224403927708,5.443386937639103,0.44468582126144574,1.8245492920510458,10.32720248165338,9.571357187896982,0.2191085761020307,4.535820107853298,4.050501894613664
BGR,2009,0.592,0.5,-0.229267567396164,0.0714814215898514,0.353678971529007,0.694785177707672,0.560471177101135,51.3434780678536,0.363197402627346,8.698,0.0,1.0,1.0,1.891604804197771,1.144222799920162,3.861493059768502,3.643882088183201,5.313732933772811,0.5481214085096876,1.7867469274045107,10.203283282478537,9.559709659414516,0.2191085761020307,4.542230386214217,4.0246908528324985
BGR,2010,0.571,0.504,-0.237023547291756,-0.0653254613280296,0.360091060400009,0.680432558059692,0.531482577323914,51.333959184002,0.358876562959294,12.541,0.0,1.0,0.0,1.891604804197771,1.1568811967920856,3.9327158239622344,3.6501386257975055,5.358805508463278,0.5538851132264376,1.7984040119467237,10.25533146581536,9.612929065756765,0.2191085761020307,4.548599834499697,3.861493059768502
BGR,2011,0.565,0.504,-0.269264370203018,-0.0711113885045052,0.301750302314758,0.552520036697388,0.450080156326294,51.8192005274787,0.354601442101865,7.786,0.0,1.0,1.0,1.9906103279732201,1.1755733298042381,4.0936266282114415,3.696351468952637,5.418794547511328,0.26236426446749106,1.8453002361560848,10.323362209308408,9.664495332227878,0.2191085761020307,4.554928969551344,3.9327158239622344
BGR,2012,0.562,0.495,-0.281460791826248,-0.0283869281411171,0.379833996295929,0.574710845947266,0.400915592908859,52.1167427621843,0.350127650977466,11.3,0.0,1.0,1.0,1.9906103279732201,1.199964782928397,4.016312136961003,3.667400422436812,5.367974017684524,0.3576744442718159,1.8261608959453874,10.280886875298135,9.700654326648012,0.2324956568844901,4.5612182984589085,4.0936266282114415
BGR,2013,0.544,0.411,-0.327892512083054,-0.0132329864427447,0.170710384845734,0.549109816551208,0.337255388498306,52.4488771844555,0.350811797981278,16.062,0.0,1.0,1.0,1.9615022438151495,1.205970806988609,3.9340690651419212,3.6333667441836774,5.293847391076585,0.3987761199573678,1.803358605071407,10.213591832890716,9.734762149062462,0.2324956568844901,4.56746831880408,4.016312136961003
BGR,2014,0.565,0.407,-0.303166449069977,-0.112378895282745,0.0785408988595009,0.585273623466492,0.366472214460373,53.077255007044,0.349755752693075,15.75,0.0,1.0,1.0,1.9315214116032138,1.2119409739751128,3.976596310025772,3.6496187401606335,5.359177254804799,0.37156355643248307,1.8229350866965048,10.284919736245143,9.797672875859691,0.2324956568844901,4.5736795188967205,3.9340690651419212
BGR,2015,0.568,0.522,-0.346440643072128,-0.0125585971400142,0.010424641892314,0.57826828956604,0.432639420032501,53.0446328936703,0.351953611637184,17.963,0.0,1.0,0.0,1.801709800081223,1.2119409739751128,4.024443171613946,3.666889436222321,5.419118066693741,0.3293037471426004,1.8421356765531218,10.351513015340592,9.847032099133807,0.2324956568844901,4.580877493419047,3.976596310025772
BGR,2016,0.562,0.522,-0.260855674743652,0.0888326391577721,0.0682793706655502,0.70129007101059,0.402378171682358,53.0161589353062,0.353664577431849,15.81,0.0,0.0,0.0,1.801709800081223,1.2119409739751128,3.94607291210232,3.6676558176623097,5.366522594591982,0.5007752879124893,1.8484548129046003,10.305680245462844,9.940128040931157,0.2324956568844901,4.5880240271531205,4.024443171613946
BGR,2017,0.526,0.535,-0.196330279111862,0.0980096459388733,0.321379661560059,0.65778660774231,0.430081695318222,52.8940867437138,0.356912824265622,13.671,0.0,1.0,0.0,1.809926773183504,1.2556160374777745,3.989352281195691,3.6978391954854084,5.3898659349000795,0.5247285289349821,1.8809906029559977,10.336424626763026,10.013147695611492,0.2324956568844901,4.596129441335942,3.94607291210232
BGR,2018,0.514,0.537,-0.188220024108887,0.111848846077919,0.444411188364029,0.60575270652771,0.365172892808914,53.965269353434,0.334170668507611,20.168,0.0,1.0,0.0,1.809926773183504,1.2556160374777745,3.9267930217423768,3.681351187693145,5.3927817342086435,0.5247285289349821,1.873339456220478,10.346571354069463,10.085734680392452,0.2324956568844901,4.602165676967792,3.989352281195691
BGR,2019,0.51,0.552,-0.181220516562462,0.173703476786613,0.561284422874451,0.530806183815002,0.354652225971222,54.056573125792,0.334079817248937,17.132,0.0,1.0,1.0,1.809926773183504,1.2556160374777745,3.900910724031799,3.661251286996462,5.359181959569079,0.5481214085096876,1.8625285401162623,10.319857123627342,10.194892868123949,0.2324956568844901,4.607168188650764,3.9267930217423768
BGR,2020,0.498,0.557,-0.3223497569561,-0.214027836918831,0.401631027460098,0.460990726947784,0.259386777877808,53.5973823848673,0.334282923649361,18.61,0.0,1.0,0.0,1.809926773183504,1.2556160374777745,3.7886102923993836,3.6304555339762192,5.28002100426492,0.4700036292457356,1.840549633397487,10.246318635912703,10.216582619760514,0.2324956568844901,4.612145799724517,3.900910724031799
BGR,2021,0.553,0.532,-0.258131921291351,-0.173440277576447,0.36473935842514,0.433977693319321,0.284104585647583,53.9134271685792,0.330291481287015,21.834,0.0,1.0,0.0,1.809926773183504,1.2556160374777745,3.929064888704399,3.6747805297344347,5.406642483429856,0.46373401623214017,1.8855533485144158,10.381715581002233,10.340457694763497,0.2324956568844901,4.613138355637268,3.7886102923993836
BGR,2022,0.614,0.311,-0.158206030726433,-0.271232962608337,0.313428640365601,0.320686906576157,0.287512123584747,53.1837017032392,0.353332610935205,19.153,0.0,1.0,0.0,1.809926773183504,1.247032293786383,3.9974479715823343,3.6658666798048634,5.439773525102031,0.5306282510621704,1.884034745337226,10.422490937080779,10.486157578055998,0.0,4.61512051684126,3.929064888704399
BLR,2003,0.098,0.358,-0.537339866161346,-1.05236744880676,0.693029940128326,-1.30027616024017,-1.45855021476746,50.3927238643241,0.366464847174722,0.113,0.0,1.0,0.0,0.0,0.009950330853168083,4.102903213266361,3.5397992310997837,5.543425911440756,1.6272778305624314,1.4838746894587547,10.164591946777236,8.904184927433539,0.0,4.516338972281476,4.050215033919265
BLR,2004,0.098,0.358,-0.759292542934418,-1.20957052707672,0.161766871809959,-1.19036209583282,-1.59736406803131,50.0686937362729,0.363414968942477,0.096,0.0,1.0,0.0,0.0,0.009950330853168083,4.117901496034297,3.5681232529781366,5.656107188778945,1.7647307968401358,1.5129270120532565,10.284659182555814,9.04592791052307,0.0,4.5217885770490405,4.102903213266361
BLR,2005,0.096,0.358,-0.72323077917099,-1.13566422462463,0.360231071710587,-1.4419127702713,-1.76681733131409,50.2637949192706,0.360203099936418,0.129,0.0,0.0,0.0,0.0,0.009950330853168083,4.094830593175169,3.58351893845611,5.65286104094446,1.3962446919730587,1.5303947050936475,10.2883324171911,9.173457600587149,0.0,4.52720864451838,4.117901496034297
BLR,2006,0.095,0.358,-0.529868960380554,-1.2037011384964,0.148469686508179,-1.59623646736145,-1.75380945205688,48.8799159663811,0.359185981918316,0.126,0.0,1.0,1.0,0.0,0.009950330853168083,4.096905181998056,3.615501984309161,5.7141023741741535,1.7749523509116738,1.5623463049002497,10.355984199974085,9.305250301609648,0.0,4.533674184283021,4.094830593175169
BLR,2007,0.096,0.358,-0.574205935001373,-1.16012692451477,0.34100878238678,-1.42256093025208,-1.70445394515991,49.4734906113559,0.357689558810707,0.157,0.0,1.0,1.0,0.0295588022415444,0.009950330853168083,4.038321090751975,3.615501984309161,5.689436731448918,0.5822156198526637,1.5644405465033646,10.335920633856722,9.419062352661578,0.0,4.539030383483547,4.096905181998056
BLR,2008,0.097,0.358,-0.559036314487457,-1.16596508026123,0.521403908729553,-1.24682021141052,-1.59331786632538,50.2258805731366,0.358007284311769,0.2,0.0,1.0,0.0,0.0295588022415444,0.009950330853168083,4.145559700743412,3.6346872250305093,5.702494979523262,1.355835153635182,1.5830939370944985,10.352562381841253,9.538717892264,0.0,4.545420181582317,4.038321090751975
BLR,2009,0.098,0.358,-0.562151730060577,-1.20978689193726,0.489347755908966,-1.15703141689301,-1.54764413833618,52.4209291228568,0.354615681738197,0.362,0.0,1.0,1.0,0.0295588022415444,0.009950330853168083,4.045468221765942,3.57906458810673,5.647265031821029,2.9381031607173544,1.541159071680806,10.2994583318064,9.549323106120431,0.0,4.551769409260976,4.145559700743412
BLR,2010,0.096,0.358,-0.633431315422058,-1.18977093696594,-0.0949900969862938,-1.18830907344818,-1.55507206916809,52.7016323568401,0.3538374515555,0.401,0.0,1.0,1.0,0.08617769624105233,0.009950330853168083,4.066370652122243,3.653252276470785,5.727502256476552,1.2178757094949273,1.601405740736836,10.381710714925875,9.638225587520457,0.0,4.558078578454241,4.045468221765942
BLR,2011,0.094,0.358,-0.619015693664551,-1.19257616996765,-0.0877690091729164,-1.32364177703857,-1.66020834445953,53.6101687198101,0.35051429581735,0.435,0.0,0.0,1.0,0.058268908123975775,0.009950330853168083,4.036140852814628,3.6579046498145056,5.7093801119446725,0.7929925155296614,1.6074359097634274,10.365429523762785,9.714999103962512,0.0,4.564348191467836,4.066370652122243
BLR,2012,0.094,0.358,-0.458519369363785,-0.972218334674835,0.0686152204871178,-1.17406153678894,-1.56718134880066,55.071311826817,0.351732341066336,0.682,0.0,0.0,0.0,0.058268908123975775,0.0295588022415444,4.0920958219958,3.6740195912069122,5.787621045838767,1.269760544863939,1.6213664832993742,10.444939020702126,9.804537052134574,0.0,4.570578741218473,4.036140852814628
BLR,2013,0.099,0.345,-0.405309915542603,-0.962117969989777,0.00595916621387005,-1.15944516658783,-1.54453980922699,55.3792673767354,0.352705690992511,0.952,0.0,1.0,1.0,0.058268908123975775,0.0295588022415444,4.0596666906302135,3.6604799795922385,5.687670030252253,0.4510756193602167,1.6094379124341003,10.3445225831484,9.852986206252236,0.0,4.576770711466393,4.0920958219958
BLR,2014,0.099,0.345,-0.234991431236267,-0.490350842475891,0.179782152175903,-1.09945023059845,-1.44301652908325,55.2254479736076,0.354276266280424,0.835,0.0,1.0,0.0,0.08617769624105233,0.0295588022415444,4.0562578603828605,3.665098925448533,5.689896509343729,0.7371640659767197,1.6134299337036377,10.345883028599292,9.85423873226104,0.0,4.582924577040772,4.0596666906302135
BLR,2015,0.102,0.345,-0.315615206956863,-0.489229083061218,0.110905699431896,-1.16640019416809,-1.46515250205994,55.0292085935869,0.355484324473633,0.997,0.0,1.0,1.0,0.11332868530700317,0.0295588022415444,4.006026566052243,3.6299253112702656,5.59084517941278,0.7227059828014898,1.5830939370944985,10.244942746436124,9.805573206805596,0.0,4.589040804058207,4.0562578603828605
BLR,2016,0.108,0.329,-0.223861917853355,-0.513944447040558,0.135706260800362,-1.09083259105682,-1.33933472633362,56.3537816706328,0.347060264971145,1.281,0.0,1.0,0.0,0.08617769624105233,0.06765864847381481,4.064070299207975,3.6267380575760866,5.612390608225771,1.0043016091968684,1.578978704949392,10.26532677361102,9.78883274991668,0.0,4.59511985013459,4.006026566052243
BLR,2017,0.109,0.334,-0.241236239671707,-0.357744187116623,-0.0572087056934834,-0.85944265127182,-1.35611796379089,57.5672474795845,0.345213957656837,2.26,0.0,1.0,0.0,0.08617769624105233,0.09531017980432487,4.152964961425016,3.6402142821326553,5.630638140618198,0.4382549309311553,1.5912739418064292,10.283985765441884,9.820907120578148,0.0,4.602165676967792,4.064070299207975
BLR,2018,0.112,0.334,-0.155491337180138,-0.297942787408829,0.353592693805695,-0.815192759037018,-1.36333072185516,57.8650068197555,0.340251406474035,2.077,0.0,1.0,0.0,0.07696104113612832,0.09531017980432487,4.162047984073386,3.6635616461296463,5.7306807829915405,0.5128236264286637,1.6114359150967734,10.386027923651916,9.90483572106639,0.0,4.60816569496789,4.152964961425016
BLR,2019,0.111,0.331,0.00689655169844627,-0.174483388662338,0.344978094100952,-0.673096418380737,-1.40739989280701,58.8369766109536,0.330327960380497,2.57,0.0,1.0,0.0,0.06765864847381481,0.09531017980432487,4.19462686824449,3.6666338451666167,5.735894648572188,0.3987761199573678,1.6174060820832772,10.395978437530243,10.012458239529515,0.0,4.61512051684126,4.162047984073386
BLR,2020,0.046,0.371,-0.134194105863571,-0.829658210277557,-0.887615978717804,-0.799875795841217,-1.45295298099518,58.2869757257815,0.330223127056237,3.503,0.0,1.0,0.0,0.07696104113612832,0.09531017980432487,4.12993734763404,3.664586761544892,5.661375892005708,1.8764069432883397,1.623340817603092,10.330204205073155,10.121550486320864,0.0,4.61512051684126,4.19462686824449
BLR,2021,0.036,0.371,-0.25852045416832,-0.804153621196747,-0.754245579242706,-0.928987920284271,-1.58049023151398,57.7686946812317,0.328353434106408,3.079,0.0,1.0,1.0,0.06765864847381481,0.09531017980432487,4.031576562306346,3.7364784329132155,5.748516805996372,1.7578579175523736,1.691939133945844,10.428336606752026,10.226012262818015,0.0,4.61512051684126,4.12993734763404
BLR,2022,0.037,0.411,-0.579731464385986,-0.851723372936249,-0.802096605300903,-1.33121407032013,-1.62772846221924,56.7357826824384,0.322992144645975,3.389,0.0,1.0,0.0,0.07696104113612832,0.09531017980432487,4.006381489790774,3.6238074573702215,5.718717063104536,1.769854633840005,1.6054298910365616,10.40692323784506,10.255217611534793,0.0,4.61512051684126,4.031576562306346
BOL,2003,0.521,0.717,-0.853618502616882,-0.383329838514328,-0.83488517999649,-0.152667000889778,-0.0564173422753811,38.4769976822999,0.480547965363002,46.651,0.0,0.0,0.0,0.0,0.3576744442718159,4.283339351205407,1.6752256529721035,3.947891953842389,0.16551443847757338,0.3920420877760237,8.633505279092224,8.39703953992587,0.0,4.294560608892605,4.269075292905463
BOL,2004,0.543,0.668,-0.809159338474274,-0.644271314144135,-0.680570840835571,-0.265374273061752,-0.170450285077095,39.1276906683511,0.478498158000122,48.344,0.0,0.0,0.0,0.0,0.37156355643248307,4.3014859070431095,1.7101878155342436,3.9817356178394463,0.20701416938432615,0.3987761199573678,8.651164312346097,8.447622462389544,0.0,4.3425058765115985,4.283339351205407
BOL,2005,0.534,0.671,-0.74197906255722,-0.699575066566467,-0.971029877662659,-0.693852126598358,-0.156710430979729,38.4989209159822,0.478447654452833,40.9,0.0,0.0,0.0,0.0,0.37156355643248307,4.309518455469854,1.7732559976634952,3.966852041706824,0.20701416938432615,0.41871033485818504,8.619140388323917,8.504891834384186,0.0,4.238444906195857,4.3014859070431095
BOL,2006,0.464,0.698,-0.431123644113541,-0.732252717018127,-0.802562952041626,-0.88841587305069,0.0764636099338531,39.3262107766811,0.472617660005118,43.6,0.0,0.0,0.0,0.0,0.3920420877760237,4.32463259158557,1.791759469228055,4.061166886416087,0.23111172096338664,0.4252677354043441,8.698141806156428,8.565061066084018,0.0,4.3463994570307305,4.309518455469854
BOL,2007,0.462,0.698,-0.4021937251091,-0.574792742729187,-0.852070689201355,-0.986018240451813,0.0422239750623703,39.7498557044701,0.472160722898565,43.199,0.0,0.0,0.0,0.0,0.3920420877760237,4.384672326949302,1.8625285401162623,4.132426807053362,0.1988508587451652,0.44468582126144574,8.75349349188223,8.61931072245581,0.0,4.396915247167632,4.32463259158557
BOL,2008,0.456,0.698,-0.528391659259796,-0.629991829395294,-0.696565806865692,-0.864422380924225,0.0029617075342685,39.4306827944078,0.470373176003302,39.696,0.0,1.0,0.0,0.0,0.3987761199573678,4.306687439758875,1.9344157696295783,4.159648415418364,0.1988508587451652,0.4700036292457356,8.764267777589225,8.681171432040745,0.0,4.450852825603734,4.384672326949302
BOL,2009,0.437,0.698,-0.631416976451874,-0.60438460111618,-0.506110489368439,-0.873411774635315,0.00694658420979977,39.3866306405215,0.465805273328552,37.842,0.0,1.0,0.0,0.0,0.3987761199573678,4.325386934062625,1.9754689512968577,4.145370320825145,0.2151113796169455,0.4824261492442927,8.733110052997082,8.70368262951004,0.0,4.475061500641071,4.306687439758875
BOL,2010,0.402,0.724,-0.458648711442947,-0.500350832939148,-0.415407210588455,-0.797301411628723,-0.0392411425709724,40.0934597859048,0.462553410007296,33.684,0.0,0.0,1.0,0.0,0.3920420877760237,4.368898451005357,2.0347056478384444,4.165765594450363,0.2151113796169455,0.5007752879124893,8.737383105034034,8.739750752187794,0.0,4.48863636973214,4.325386934062625
BOL,2011,0.4,0.724,-0.573696494102478,-0.46942475438118,-0.417126506567001,-0.76334536075592,-0.0682377889752388,39.9044102150068,0.462411886120561,33.992,0.0,1.0,0.0,0.0,0.3920420877760237,4.379690497582287,2.0906287310704004,4.197637942827665,0.12221763272424921,0.5247285289349821,8.75351686209787,8.794667669596828,0.0,4.492001487882454,4.368898451005357
BOL,2012,0.398,0.724,-0.727891862392426,-0.359967857599258,-0.45806810259819,-0.832377791404724,-0.0815852954983711,39.2868645909532,0.460337288988566,32.524,0.0,1.0,1.0,0.0,0.3920420877760237,4.402354108448204,2.1294214739848565,4.376926149284923,0.14842000511827327,0.5364933705145685,8.91929304339655,8.879726584513785,0.0,4.515245478460105,4.379690497582287
BOL,2013,0.4,0.696,-0.58796888589859,-0.378559440374374,-0.32859343290329,-0.786389470100403,-0.0690479576587677,40.0021034284981,0.460435132798297,33.803,0.0,1.0,0.0,0.0,0.3920420877760237,4.424218086906351,2.175887439948088,4.3878720170894,0.12221763272424921,0.5481214085096876,8.914636342828727,8.995874085608,0.0,4.505349850705881,4.402354108448204
BOL,2014,0.389,0.696,-0.628802955150604,-0.581926763057709,-0.333112090826035,-0.886673927307129,-0.0263673644512892,39.8070687098944,0.459861982012733,28.675,0.0,1.0,0.0,0.0,0.3920420877760237,4.4367888338110335,2.2300144001592104,4.40318863172584,0.13976194237515868,0.5709795465857378,8.914707576123039,9.06299313994022,0.0,4.51085950651685,4.424218086906351
BOL,2015,0.372,0.662,-0.717874646186829,-0.676909506320953,-0.270498692989349,-0.919425427913666,-0.00476541789248586,39.4227370559156,0.459259432876688,29.444,0.0,1.0,1.0,0.0,0.3920420877760237,4.44875115419419,2.302585092994046,4.450596083196648,0.10436001532424277,0.598836501088704,8.94750660731072,9.07775913023292,0.0,4.52720864451838,4.4367888338110335
BOL,2016,0.372,0.664,-0.7748863697052,-0.600444853305817,-0.25367596745491,-1.01973187923431,-0.0366767346858978,39.8660460184708,0.451721589483558,20.753,0.0,1.0,0.0,0.0,0.3920420877760237,4.468741580947844,2.33214389523559,4.501153211818503,0.12221763272424921,0.6043159668533296,8.983750012236898,9.13162473903322,0.0,4.530446639792155,4.44875115419419
BOL,2017,0.366,0.661,-0.701330721378326,-0.395564675331116,-0.280110895633698,-0.995769381523132,-0.0248409155756235,40.7192292455354,0.444520992374062,25.13,0.0,1.0,0.0,0.0,0.4700036292457356,4.476301100467549,2.359910159613315,4.55089349833682,0.1310282624064041,0.6151856390902335,9.019416279245299,9.251615926831354,0.0,4.530446639792155,4.468741580947844
BOL,2018,0.345,0.654,-0.688641130924225,-0.329585134983063,-0.286620706319809,-1.00710666179657,-0.0596669800579548,40.8351208980875,0.44290055218291,29.582,0.0,1.0,0.0,0.0,0.5481214085096876,4.484244780297636,2.401525040848949,4.5729775181658905,0.13976194237515868,0.6259384308664953,9.027399983745546,9.283535772664656,0.0,4.541164856012179,4.476301100467549
BOL,2019,0.254,0.67,-0.781365752220154,-0.790566325187683,-0.728340268135071,-1.00195634365082,-0.117428041994572,40.5881105552378,0.441068548344739,36.162,0.0,1.0,0.0,0.0,0.5481214085096876,4.494592389646717,2.4309783077624445,4.570858205270346,0.1310282624064041,0.636576829071551,9.011190408503658,9.306228031999032,0.0,4.565389315976247,4.484244780297636
BOL,2020,0.23,0.652,-0.844824612140656,-0.726455271244049,-0.453467190265656,-1.03529012203217,-0.0864524021744728,40.3639082970491,0.442833207679168,35.638,0.0,1.0,0.0,0.0,0.5538851132264376,4.458745279174052,2.422144328051685,4.38353799199781,0.14842000511827327,0.6259384308664953,8.809407179209156,9.167640534246548,0.0,4.58700621536042,4.494592389646717
BOL,2021,0.366,0.574,-0.883800148963928,-0.763246834278107,-0.278774261474609,-1.16856575012207,-0.115398086607456,40.0518945181822,0.448273468241176,38.454,0.0,1.0,0.0,0.0,0.5538851132264376,4.505588767629954,2.4740142086215764,4.561625738954727,0.14842000511827327,0.6471032420585385,8.97933361150425,9.323976240782388,0.0,4.601162164590552,4.458745279174052
BOL,2022,0.343,0.671,-0.889700353145599,-0.564738214015961,-0.191908553242683,-1.21053624153137,-0.197485566139221,39.9711540382969,0.450418330773675,35.733,0.0,1.0,0.0,0.0,0.5538851132264376,4.527943840229424,2.5392369943330477,4.647415167581837,0.1310282624064041,0.6780335427498971,9.054338513107137,9.417982743420554,0.0,4.6141299273595635,4.505588767629954
BRA,2003,0.724,0.548,0.090239018201828,0.0817573666572571,0.00421393429860473,0.196701481938362,0.442828863859177,47.9294989511435,0.38905754975968,87.165,0.0,0.0,1.0,0.8628899551470399,4.286753954166449,8.078919172748247,6.000374733237738,7.777932541141835,1.5496879080283263,1.172482137234565,9.488934297037792,9.19043987659523,0.0,4.584967478670572,7.677904702355988
BRA,2004,0.724,0.548,-0.0272687114775181,-0.0922709181904793,-0.275992810726166,0.0374141857028008,0.38860946893692,47.7889948350882,0.38807771036019,86.036,0.0,1.0,1.0,0.8628899551470399,4.294833422971504,8.148886989520363,6.054134135378016,7.825793682787644,1.501852701754163,1.2029723039923526,9.525512944157217,9.2616712465909,0.0,4.582924577040772,8.078919172748247
BRA,2005,0.78,0.496,-0.153748139739037,-0.157670244574547,-0.263379752635956,0.0369012579321861,0.457679510116577,48.0148442955565,0.385046386841539,87.129,0.0,1.0,1.0,0.8628899551470399,4.31508522892,7.81434051149246,6.093818046219798,7.851685691207488,1.5216989981260935,1.220829921392359,9.540455085160943,9.313099780307141,0.0,4.585987366571318,8.148886989520363
BRA,2006,0.778,0.495,-0.120479896664619,-0.391295492649078,-0.294911116361618,-0.0412733852863312,0.500075697898865,49.751998736189,0.383436145989332,86.754,0.0,1.0,1.0,0.8628899551470399,4.337552144572052,7.665479466279386,6.134720378737397,7.879512126901073,1.5644405465033646,1.244154593958768,9.55770754267738,9.371738829700023,0.0,4.591071261608589,7.81434051149246
BRA,2007,0.773,0.495,-0.0839887857437134,-0.290289968252182,-0.3579480946064,-0.0228346195071936,0.537074029445648,50.1069878195139,0.383110250221695,88.226,0.0,1.0,1.0,0.8628899551470399,4.3551691805039985,7.504834417205732,6.184107652973808,7.9414887219421715,1.6193882432872684,1.2725655957915476,9.60958000865415,9.447268881922726,0.0,4.596129441335942,7.665479466279386
BRA,2008,0.773,0.495,0.00343736819922924,-0.148200899362564,-0.313424706459045,0.0770274102687836,0.5689857006073,50.6087423432986,0.381610232690544,84.315,0.0,1.0,1.0,0.8628899551470399,4.366786085257597,7.579060069355977,6.2273071233996005,7.985264455089563,1.6620303625532709,1.297463147413275,9.643788672772784,9.506455198837667,0.0,4.600157644164547,7.504834417205732
BRA,2009,0.773,0.495,-0.079985611140728,-0.151303574442863,0.163664221763611,0.127607271075249,0.521999180316925,50.6696846292268,0.378900114469374,89.047,0.0,1.0,1.0,0.8960880245566356,4.382401564378955,7.1970714736845,6.228806817822004,7.981569282810093,1.7613002617433464,1.2919836816486494,9.631136687557733,9.50238913140755,0.0,4.604169685654508,7.579060069355977
BRA,2010,0.778,0.495,0.0438063591718674,-0.0868625491857529,0.0134759107604623,0.246619865298271,0.571348905563354,51.7594874626458,0.378526828445353,84.802,0.0,1.0,1.0,1.068153081183401,4.407694381422459,7.208103194302768,6.312551172752156,8.067693120227899,2.0992441689760155,1.3454723665996355,9.70887496959792,9.578637623203246,0.0,4.601162164590552,7.1970714736845
BRA,2011,0.786,0.494,0.168382421135902,-0.152404069900513,-0.132575422525406,0.25802206993103,0.513676166534424,52.3642685080462,0.377964649422445,87.193,0.0,1.0,1.0,1.068153081183401,4.431173877940127,7.271453483218783,6.343265130630454,8.106913411354231,2.1838015570040787,1.3635373739972745,9.739967416115578,9.629891934416674,0.0,4.60816569496789,7.208103194302768
BRA,2012,0.782,0.494,-0.0468542315065861,-0.16054867208004,0.0459616407752037,0.173244088888168,0.477906197309494,51.7205956061326,0.377579515585208,82.563,0.0,1.0,1.0,1.1817271953786161,4.481985085417713,7.1906033751578535,6.386475197312287,8.134272536596974,2.209372711271867,1.3887912413184778,9.759217448653974,9.628990595223161,0.0,4.61015772749913,7.271453483218783
BRA,2013,0.786,0.494,-0.0979596078395844,-0.119030974805355,-0.258553296327591,0.146290123462677,0.417397052049637,51.838477704925,0.375542486696053,76.825,0.0,1.0,1.0,1.4701758451005928,4.532707014254376,7.372419641606699,6.416993686251888,8.161076662963124,2.2700619012884857,1.4060969884160703,9.777923309152099,9.662901099760088,0.0,4.611152257665639,7.1906033751578535
BRA,2014,0.784,0.507,-0.366117089986801,-0.175920635461807,-0.070290133357048,-0.0282199531793594,0.471930146217346,46.815137006648,0.37401153569916,73.279,0.0,1.0,1.0,1.4701758451005928,4.541804310366271,7.298869976452174,6.438279510393448,8.182177693236174,2.2762411176544437,1.415853163361435,9.79096646103744,9.669555271773389,0.0,4.612145799724517,7.372419641606699
BRA,2015,0.772,0.507,-0.457840710878372,-0.255271553993225,-0.331864446401596,-0.181910037994385,0.458871006965637,46.7319494014161,0.370834532029391,74.208,0.0,1.0,1.0,1.4701758451005928,4.562680134367139,7.360140164408916,6.424285385226002,8.17087528486471,2.33214389523559,1.3987168811184478,9.77174473089307,9.60389741416408,0.0,4.612145799724517,7.298869976452174
BRA,2016,0.662,0.535,-0.446095585823059,-0.249387070536613,-0.381035059690475,-0.189951747655869,0.451975852251053,47.0684086146117,0.369249005498211,80.468,0.0,1.0,1.0,1.4539530095937054,4.678234756845097,7.3825461144366304,6.430815651215283,8.146840561516193,2.3456445824544927,1.3987168811184478,9.740085291839728,9.568728278375048,0.0,4.612145799724517,7.360140164408916
BRA,2017,0.647,0.535,-0.559814631938934,-0.317140609025955,-0.479947566986084,-0.130978867411613,0.449531525373459,46.5983741813269,0.368032029415449,79.247,0.0,1.0,0.0,1.3428648031925547,4.6872108963243,7.313039315773147,6.440420086290675,8.154393529626477,2.462149662665384,1.4011829736136412,9.740357789458677,9.586036679560177,0.0,4.613138355637268,7.3825461144366304
BRA,2018,0.617,0.535,-0.480954378843307,-0.520569622516632,-0.459598511457443,-0.293125450611115,0.376852065324783,46.8726423180194,0.367247171402822,82.358,0.0,1.0,1.0,1.3428648031925547,4.689051669968793,7.3285009037676865,6.4573503346691234,8.15690544343888,2.306577114263583,1.4085449700547104,9.736036302649659,9.646318043491808,0.0,4.612145799724517,7.313039315773147
BRA,2019,0.543,0.547,-0.40789270401001,-0.234114676713943,-0.714224636554718,-0.121404096484184,0.301444828510284,47.2571063343334,0.368938813790823,81.386,0.0,1.0,1.0,1.430311246536665,4.701298213082312,7.452500260125749,6.491163498402223,8.17976581879783,2.331172549845958,1.4279160358107101,9.752382355514731,9.684761605172842,0.0,4.613138355637268,7.3285009037676865
BRA,2020,0.54,0.536,-0.429083496332169,-0.465709209442139,-0.44689092040062,-0.111011527478695,0.287395060062408,47.2507297388285,0.368474971010616,83.167,0.0,1.0,1.0,1.430311246536665,4.703022586155596,7.503118167467341,6.483841027205443,8.138397959336276,2.3580197998821464,1.4182774069729414,9.705211903326234,9.686737165470312,0.0,4.612145799724517,7.452500260125749
BRA,2021,0.532,0.539,-0.499217957258224,-0.492990374565125,-0.419879764318466,-0.121613994240761,0.254508823156357,46.9736664002029,0.369145797647028,77.372,0.0,1.0,1.0,1.430311246536665,4.704200709451046,7.65138610283871,6.522827822091521,8.18373213663306,2.3589654264301534,1.4445632692438664,9.746302958374928,9.802379427351742,0.0,4.61015772749913,7.503118167467341
BRA,2022,0.545,0.543,-0.566354334354401,-0.588259339332581,-0.395036935806274,-0.220437631011009,0.225268334150314,46.8762486214936,0.368167155175138,87.703,0.0,1.0,1.0,1.430311246536665,4.707365698302761,7.6162880505780395,6.5382411210971245,8.22489193360196,2.2027647577118348,1.4539530095937054,9.783869941324634,9.897361494155914,0.0,4.61512051684126,7.65138610283871
BRB,2003,0.655,0.087,1.49764275550842,1.34903717041016,0.918948590755463,1.12213635444641,1.15570759773254,56.7877451544093,0.367252319596187,0.0,0.0,0.0,0.0,0.0,0.0,0.5913052623267053,0.6259384308664953,2.0907523328257027,0.18232155679395462,1.4516138272405332,10.191713577019176,9.7236149437423,0.0,4.61512051684126,0.5750436807452475
BRB,2004,0.654,0.087,1.40898048877716,1.18535709381104,1.09435272216797,1.07933783531189,1.10496938228607,57.2997518135751,0.356995605168985,0.0,0.0,0.0,0.0,0.0,0.0,0.5877627724735695,0.636576829071551,2.097281459808167,0.18232155679395462,1.4655675420143985,10.193480939341791,9.758455552617992,0.0,4.6141299273595635,0.5913052623267053
BRB,2005,0.654,0.087,1.41058766841888,1.29056811332703,1.11291885375977,1.15408849716187,0.949198722839355,58.3679736701798,0.359752260581963,0.0,0.0,0.0,0.0,0.0,0.0,0.5953251195286581,0.688134638736401,2.1040121956140405,0.18232155679395462,1.5432981099295553,10.195888884245825,9.822863598926915,0.0,4.6141299273595635,0.5877627724735695
BRB,2006,0.653,0.087,1.32577133178711,1.44416701793671,0.91321188211441,1.00041472911835,1.03720331192017,61.65893152919,0.360893078414316,0.0,0.0,0.0,0.0,0.0,0.0,0.6152634862782191,0.7030975114131134,2.106083472626257,0.18232155679395462,1.5644405465033646,10.193353052075178,9.907354323452047,0.0,4.61512051684126,0.5953251195286581
BRB,2007,0.654,0.087,1.4024943113327,1.32086098194122,1.04420638084412,1.08088910579681,1.02995073795319,62.0950772024818,0.365309991208976,0.0,0.0,0.0,0.0,0.0,0.0,0.5973880797286886,0.7178397931503169,2.0648353892904736,0.18232155679395462,1.5830939370944985,10.141601289371598,9.949911343520572,0.0,4.61512051684126,0.6152634862782191
BRB,2008,0.669,0.087,1.35860872268677,1.5633772611618,1.06835830211639,0.881122231483459,0.946911215782166,62.2874505795933,0.36187649670375,0.0,0.0,0.0,0.0,0.0,0.0,0.6611612018329454,0.7178397931503169,2.21025048179125,0.18232155679395462,1.578978704949392,10.301142104173506,9.970066214571977,0.0,4.61512051684126,0.5973880797286886
BRB,2009,0.67,0.087,1.37618982791901,1.48047006130219,1.04774069786072,0.584923088550568,1.12787127494812,62.0254858950625,0.376723558518208,0.0,0.0,1.0,0.0,0.0,0.0,0.6654702828151123,0.7275486072772778,2.1576749211982373,0.18232155679395462,1.589235205116581,10.236690773170768,9.91958905982926,0.0,4.61512051684126,0.6611612018329454
BRB,2010,0.668,0.093,1.47675573825836,1.40638220310211,1.06063663959503,0.505651414394379,1.1365772485733,63.4215825310686,0.376445819468084,0.0,0.0,0.0,0.0,0.0,0.0,0.674085307546852,0.708035793053696,2.124653884501384,0.18232155679395462,1.556037135706985,10.195222513428908,9.905165237289912,0.0,4.61512051684126,0.6654702828151123
BRB,2011,0.668,0.093,1.71774792671204,1.46513664722443,1.24613010883331,0.642964422702789,1.11405873298645,64.7317965949794,0.368755441743557,0.0,0.0,0.0,0.0,0.0,0.0,0.599397813906926,0.712949807856125,2.1683677508742374,0.18232155679395462,1.5623463049002497,10.241583185022645,9.919227651460895,0.0,4.61512051684126,0.674085307546852
BRB,2012,0.668,0.093,1.64828777313232,1.4543833732605,1.18596565723419,0.448699444532394,1.13297867774963,58.8378930911494,0.358080088992138,0.0,0.0,1.0,1.0,0.0,0.0,0.5771093086789346,0.7561219797213337,2.113722188156669,0.18232155679395462,1.6253112615903906,10.176682909910072,9.883591784067606,0.0,4.61512051684126,0.599397813906926
BRB,2013,0.665,0.093,1.61230909824371,1.35085844993591,1.26692914962769,0.452514410018921,1.13736414909363,58.8597066266675,0.357953248169648,0.0,0.0,0.0,0.0,0.0,0.0,0.623271705371767,0.6981347220709844,2.126563648748571,0.18232155679395462,1.534714366238164,10.188754009737236,9.853954046030934,0.0,4.61512051684126,0.5771093086789346
BRB,2014,0.664,0.093,1.1330578327179,1.19927227497101,1.2779198884964,0.335401326417923,1.14508330821991,57.0399469255116,0.362758793848484,0.971,0.0,1.0,0.0,0.0,0.0,0.5888171116040222,0.708035793053696,2.0032352156745827,0.18232155679395462,1.547562508716013,10.044982383895858,9.830696415127404,0.0,4.61512051684126,0.623271705371767
BRB,2015,0.664,0.108,1.44772136211395,0.98906546831131,1.11682772636414,0.549227178096771,1.09657406806946,58.4958593437907,0.365168554447528,0.962,0.0,0.0,1.0,0.0,0.0,0.617131641182537,0.712949807856125,2.0561729147404817,0.23111172096338664,1.5539252025038417,10.10356110610818,9.861963157264816,0.0,4.61512051684126,0.5888171116040222
BRB,2016,0.664,0.117,1.21354794502258,1.04390239715576,0.960008144378662,0.468561351299286,1.08573019504547,57.3937944581246,0.366827508449087,1.905,0.0,1.0,0.0,0.0,0.0,0.6462508779568021,0.7178397931503169,2.0717873227429764,0.23111172096338664,1.5602476682433286,10.119367588274155,9.8614445102582,0.0,4.61512051684126,0.617131641182537
BRB,2017,0.655,0.117,1.37613606452942,0.80010575056076,0.952525317668915,0.479722231626511,1.1136167049408,58.5891743566688,0.362763830448069,2.885,0.0,1.0,0.0,0.0,0.0,0.5981690162209614,0.712949807856125,2.0232679368738924,0.23111172096338664,1.5496879080283263,10.061524101157742,9.822158459674425,0.0,4.61512051684126,0.6462508779568021
BRB,2018,0.655,0.085,1.37170553207397,0.385260552167892,0.900694906711578,0.531776666641235,1.10240888595581,58.4064491459824,0.371310350436335,2.885,0.0,1.0,0.0,0.0,0.0,0.651052605114359,0.712949807856125,2.1262058456557202,0.23111172096338664,1.5496879080283263,10.177395660480713,9.892328487292836,0.0,4.61512051684126,0.5981690162209614
BRB,2019,0.664,0.073,1.15904092788696,0.591981410980225,1.03293108940125,0.39874941110611,1.10105216503143,58.0226928671871,0.372169283391949,3.774,0.0,1.0,0.0,0.0,0.0,0.6972632642211253,0.7227059828014898,2.103524212195793,0.23111172096338664,1.5623463049002497,10.149810376797744,9.90209250840799,0.0,4.61512051684126,0.651052605114359
BRB,2020,0.68,0.073,1.19359374046326,0.443785101175308,1.12065994739532,0.467795848846436,1.1250011920929,58.6001909181367,0.372416837395272,6.604,0.0,0.0,0.0,0.0,0.0,0.5913786591586202,0.7227059828014898,1.8923586677841708,0.23111172096338664,1.5602476682433286,9.903703429233078,9.714525730771575,0.0,4.61512051684126,0.6972632642211253
BRB,2021,0.676,0.061,1.21314442157745,0.497877299785614,1.11857044696808,0.550468504428864,1.12140023708344,61.2124378030413,0.374166210923063,7.547,0.0,1.0,1.0,0.0,0.0,0.5834081058163119,0.7227059828014898,1.8547342683894434,0.23111172096338664,1.5602476682433286,9.857629722369941,9.780400368998906,0.0,4.61512051684126,0.5913786591586202
BRB,2022,0.673,0.061,1.28473830223083,0.428394287824631,1.14464545249939,0.476500302553177,1.13302564620972,61.7165807217397,0.370508221585735,7.339,0.0,0.0,0.0,0.0,0.0,0.6052758056095787,0.7371640659767197,1.8881296930477487,0.26236426446749106,1.5810384379124023,9.896470289032363,10.007588467295768,0.0,4.61512051684126,0.5834081058163119
BTN,2003,0.164,0.142,1.08701109886169,0.576729536056519,0.918948590755463,-0.0487161204218864,-1.14678192138672,43.6410471322182,0.536927399373553,100.0,0.0,0.0,0.0,0.0,0.3576744442718159,-2.4488556538469064,0.5128236264286637,1.044508029674909,0.009950330853168083,0.7178397931503169,7.96877507489308,8.279768509925399,0.0,3.7400477406883357,-2.4515975950346993
BTN,2004,0.165,0.137,0.893403232097626,0.125093668699265,1.17205035686493,-0.915191173553467,-0.965037107467651,42.6932961628835,0.54358084770841,100.0,0.0,0.0,0.0,0.0,0.3576744442718159,-2.4478108299428847,0.5481214085096876,1.0992787332112701,0.009950330853168083,0.7514160886839212,8.032127577848724,8.336577899212223,0.0,3.9684033388642534,-2.4488556538469064
BTN,2005,0.164,0.137,0.871916949748993,0.362013220787048,1.28448736667633,-0.286168545484543,-1.07215547561646,42.5850701708185,0.545380615017862,100.0,0.0,0.0,1.0,0.0,0.3852624007906449,-2.4364429330429616,0.6523251860396903,1.1993621917682527,0.009950330853168083,0.8712933659434192,8.161617072119952,8.41723134478371,0.0,4.107589788972121,-2.4478108299428847
BTN,2006,0.168,0.13,0.854816734790802,0.279721796512604,1.26451897621155,-0.577596843242645,-1.05876350402832,41.4339349785206,0.561580564580023,100.0,0.0,0.0,0.0,0.0,0.3852624007906449,-2.428878170556451,1.091923300517313,1.4854607326143894,0.009950330853168083,1.3737155789130306,8.535887361463352,8.489055034910773,0.0,4.1059436980654525,-2.4364429330429616
BTN,2007,0.175,0.13,0.928755760192871,0.358816355466843,0.56852650642395,-0.709744989871979,-0.872591912746429,43.6288000291637,0.551072922694812,100.0,0.0,1.0,0.0,0.0,0.9122827104766162,-2.426928558528701,0.76080582903376,1.2845384521655032,0.009950330853168083,0.9858167945227653,8.25606554202505,8.653456096635491,0.0,4.28771595520264,-2.428878170556451
BTN,2008,0.44,0.093,0.912390053272247,0.329717963933945,0.720669388771057,-0.765467464923859,-0.505405187606812,44.4598666004133,0.540926053991856,100.0,0.0,0.0,1.0,0.0,0.9122827104766162,-2.423286782075874,0.6830968447064438,1.2296405510745139,0.009950330853168083,0.8878912573524571,8.168168906408027,8.705532838370699,0.0,4.22829253473184,-2.426928558528701
BTN,2009,0.508,0.09,0.937309503555298,0.528889834880829,0.803496658802032,-1.07183527946472,-0.461808323860168,44.8809702913789,0.533670591888565,100.0,0.0,1.0,0.0,0.0,0.9122827104766162,-2.4091964159522745,0.9516578757114464,1.414152689248287,0.009950330853168083,1.1908875647772805,8.408770213426175,8.774482670013795,0.0,4.283586561860629,-2.423286782075874
BTN,2010,0.508,0.09,0.938382148742676,0.609069526195526,0.742221653461456,-1.15894365310669,-0.416917324066162,44.4367145553454,0.536860685596942,100.0,0.0,1.0,1.0,0.0,0.9122827104766162,-2.3981080867927207,1.0331844833456545,1.5357913722658019,0.009950330853168083,1.275362800412609,8.555510997071197,8.888311494976168,0.0,4.308110951723713,-2.4091964159522745
BTN,2011,0.508,0.09,0.854587376117706,0.691294491291046,0.826495349407196,-1.15420484542847,-0.404029369354248,44.209629410924,0.533670086354995,100.0,0.0,1.0,0.0,0.0,0.9122827104766162,-2.3774907606776,1.007957920399979,1.5652770166483305,0.009950330853168083,1.2383742310432684,8.582149500268367,8.979223569825978,0.0,4.416428061391214,-2.3981080867927207
BTN,2012,0.513,0.09,0.953947246074677,0.542693614959717,0.776309490203857,-1.09300851821899,-0.280920058488846,44.8234195050506,0.529653100269972,100.0,0.0,1.0,1.0,0.0,0.9122827104766162,-2.3825080120375306,1.0647107369924282,1.6353005719598277,0.009950330853168083,1.2947271675944,8.65880177552462,9.057003548096148,0.0,4.52720864451838,-2.3774907606776
BTN,2013,0.486,0.098,0.912137925624847,0.420869916677475,0.784624874591827,-1.08675539493561,-0.1589115858078,45.076492768994,0.528826013737663,100.0,0.0,1.0,1.0,0.0,0.9122827104766162,-2.3716004250851026,1.1249295969854831,1.689172880452954,0.009950330853168083,1.3532545070416904,8.714068493476326,9.067383052946978,0.0,4.481871969643597,-2.3825080120375306
BTN,2014,0.481,0.098,1.30588233470917,0.293826997280121,1.06803858280182,-1.01474559307098,-0.103129334747791,47.4807150881915,0.525057624281755,100.0,0.0,1.0,0.0,0.0,0.9122827104766162,-2.36738226195356,1.1505720275988207,1.6863989535702286,0.009950330853168083,1.3737155789130306,8.700019120992852,9.140389308292592,0.0,4.526126978647638,-2.3716004250851026
BTN,2015,0.481,0.098,0.98943018913269,0.420701026916504,0.960772633552551,-0.73503041267395,-0.03495067730546,46.7096532499916,0.518767547610108,100.0,0.0,1.0,1.0,0.0,0.9593502213346021,-2.349447243798519,1.1410330045520618,1.7236590565241232,0.009950330853168083,1.355835153635182,8.735370029002508,9.231594294740521,0.0,4.5685062016165,-2.36738226195356
BTN,2016,0.477,0.107,1.08987593650818,0.498982816934586,1.1060882806778,-0.691017687320709,-0.0260850805789232,48.5045000172727,0.516640505435284,100.0,0.0,1.0,1.0,0.0,0.9593502213346021,-2.334762768921067,1.1631508098056809,1.8038527169154384,0.009950330853168083,1.3711807233098425,8.822389686985373,9.330279515406755,0.0,4.60816569496789,-2.349447243798519
BTN,2017,0.485,0.107,1.52572512626648,0.562770962715149,1.1027946472168,-0.341520547866821,0.0107382936403155,49.8996800787354,0.522192642741511,100.0,0.0,1.0,0.0,0.0,0.9593502213346021,-2.326426631169845,1.1118575154181303,1.854264674579452,0.009950330853168083,1.308332819650179,8.873874975331578,9.365497482267847,0.0,4.592084946439436,-2.334762768921067
BTN,2018,0.498,0.107,1.59020102024078,0.284297674894333,1.07766103744507,-0.376959830522537,0.0422869808971882,50.6850810571228,0.512582314425749,100.0,0.0,1.0,1.0,0.0,0.9593502213346021,-2.296778891171618,1.235471471385307,1.9672522070662588,0.009950330853168083,1.43746264769429,8.999216049473027,9.390205706418453,0.0,4.61512051684126,-2.326426631169845
BTN,2019,0.522,0.107,1.57229900360107,0.253064602613449,1.06547141075134,-0.359623849391937,0.0738838165998459,50.7638169571535,0.51125721294616,100.0,0.0,1.0,0.0,0.0,1.2029723039923526,-2.2920050128837586,1.2809338454620645,1.9844438130575563,0.009950330853168083,1.4816045409242156,9.012517650516697,9.465765305966556,0.0,4.61512051684126,-2.296778891171618
BTN,2020,0.518,0.108,1.61837184429169,0.305567264556885,1.01348912715912,-0.330750852823257,0.151077374815941,51.1110569105718,0.505300491938609,100.0,0.0,1.0,1.0,0.0,1.2029723039923526,-2.2726921882303484,1.9726911717329554,2.311049171406175,0.009950330853168083,2.201659174404085,9.375800656445081,9.431565925382042,0.0,4.61512051684126,-2.2920050128837586
BTN,2021,0.49,0.116,1.50700259208679,0.710913896560669,0.797255098819733,-0.405656158924103,0.219221159815788,50.5820168270452,0.509519801451198,100.0,0.0,1.0,1.0,0.0,1.2029723039923526,-2.2881823245620936,2.537657215173529,2.7503431132924616,0.009950330853168083,2.7738379416402132,9.846451431218144,9.507463685326456,0.0,4.61512051684126,-2.2726921882303484
BTN,2022,0.47,0.129,1.51478183269501,0.56129378080368,1.00934255123138,-0.381970435380936,0.157621473073959,50.3201307699217,0.515497174011401,100.0,0.0,1.0,0.0,0.0,1.2029723039923526,-2.254548406759592,2.533696813957432,2.817621837531501,0.009950330853168083,2.7631695003232895,9.91108199164246,9.620116877725458,0.0,4.61512051684126,-2.2881823245620936
BWA,2003,0.606,0.146,1.24491953849792,0.619481265544891,1.10493755340576,0.844509065151215,0.706076979637146,46.2141254685329,0.476122448647649,0.0,0.0,0.0,0.0,0.12221763272424921,0.0,2.0344230674188024,1.2947271675944,2.828023429127882,0.0,0.9122827104766162,9.10070160653379,9.253376684285369,0.0,3.529297384289471,2.106288385378258
BWA,2004,0.613,0.146,0.875725924968719,0.598914623260498,0.916688740253448,0.763184726238251,0.735869944095612,45.0284435324175,0.472629791942631,0.0,0.0,0.0,0.0,0.12221763272424921,0.0,2.0289821748649572,1.355835153635182,2.8296776892239084,0.0,0.9516578757114464,9.084957971653703,9.289073790626338,0.0,3.591817741270805,2.0344230674188024
BWA,2005,0.62,0.146,1.16079270839691,0.581382811069489,1.06357252597809,0.720574915409088,0.594607651233673,46.5091293867993,0.471771062227888,0.0,0.0,0.0,0.0,0.12221763272424921,0.0,2.118004996039235,1.3762440252663892,2.882563575448353,0.0,0.9593502213346021,9.123115844998981,9.346550544433823,0.0,3.6506582412937387,2.0289821748649572
BWA,2006,0.614,0.146,0.936530530452728,0.421107769012451,1.01710987091064,0.610028147697449,0.513100147247314,45.4008365854665,0.469743757516079,0.0,0.0,0.0,0.0,0.12221763272424921,0.0,2.103924943978358,1.3962446919730587,2.941064872211683,0.0,0.9631743177730056,9.166323487559408,9.438588074382155,0.0,3.7062280924485496,2.118004996039235
BWA,2007,0.617,0.146,0.993910908699036,0.533249735832214,1.05613911151886,0.633248209953308,0.507903635501862,45.5552734494478,0.47366876426413,0.0,0.0,0.0,0.0,0.12221763272424921,0.0,2.125449040636968,1.4398351280479205,2.96800129981568,0.0,0.9895411936137477,9.17536945563041,9.50224386521864,0.0,3.758871825933971,2.103924943978358
BWA,2008,0.612,0.15,1.02252972126007,0.51762855052948,1.03310561180115,0.644565641880035,0.51350462436676,45.9355455187531,0.469971363912473,0.0,0.0,0.0,0.0,0.12221763272424921,0.0,2.205629226282128,1.4562867329399256,3.004840665917982,0.0,0.9895411936137477,9.194055693435558,9.5332463969909,0.0,3.817712325956905,2.125449040636968
BWA,2009,0.615,0.15,0.927733778953552,0.415621072053909,0.953861236572266,0.607087075710297,0.437099367380142,46.1032195097096,0.464561551156319,0.0,0.0,0.0,1.0,0.12221763272424921,0.0,2.134529622760204,1.4747630091074988,2.945911578570035,0.0,0.9895411936137477,9.11133108891765,9.366248192609703,0.0,3.793239469438179,2.205629226282128
BWA,2010,0.621,0.15,1.00335109233856,0.388349592685699,0.991209805011749,0.578393816947937,0.455533385276794,46.5085467764356,0.458235942908555,0.0,0.0,0.0,1.0,0.12221763272424921,0.0,2.17816469251128,1.5062971535145868,2.9764475121421237,0.06765864847381481,1.0043016091968684,9.122452319910138,9.45362426876997,0.0,3.970291913552122,2.134529622760204
BWA,2011,0.62,0.15,0.96656745672226,0.411628901958466,1.06444656848907,0.576675236225128,0.425984054803848,46.5999424091463,0.45188402331688,0.0,0.0,0.0,0.0,0.12221763272424921,0.0,2.2520817381490317,1.5303947050936475,3.0218385206384704,0.06765864847381481,1.0116009116784799,9.150514356189047,9.520499929821042,0.0,3.9926809084456005,2.17816469251128
BWA,2012,0.614,0.146,0.90651535987854,0.422315120697021,1.10404145717621,0.692556440830231,0.53296971321106,46.9775856114489,0.445750059962054,0.0,0.0,0.0,0.0,0.12221763272424921,0.0,2.090360808107205,1.5303947050936475,3.010571623750631,0.06765864847381481,1.000631880307906,9.12188810285444,9.452312224249523,0.0,4.04305126783455,2.2520817381490317
BWA,2013,0.608,0.137,0.8934605717659,0.378747165203094,1.10234701633453,0.635518550872803,0.489309012889862,47.1123253194728,0.450235850889115,0.0,0.0,0.0,0.0,0.3576744442718159,0.0,2.3017537301929405,1.556037135706985,3.0035020108183517,0.06765864847381481,1.0116009116784799,9.099363670585271,9.519452384628266,0.0,4.07753744390572,2.090360808107205
BWA,2014,0.608,0.143,0.812723755836487,0.298254311084747,1.01184713840485,0.764807999134064,0.447420954704285,48.0499560322177,0.446317172924424,0.0,0.0,0.0,0.0,0.5481214085096876,0.0,2.400964168357582,1.6074359097634274,3.007562025307568,0.06765864847381481,1.0438040521731147,9.089091750608745,9.61609342208073,0.0,4.110873864173311,2.3017537301929405
BWA,2015,0.592,0.152,0.78086245059967,0.451487898826599,1.03136825561523,0.552077174186707,0.450575739145279,48.1136790005316,0.441424298839152,0.0,0.0,0.0,1.0,0.5481214085096876,0.0,2.43162079450428,1.6937790608678513,3.196343876361115,0.06765864847381481,1.1052568313867783,9.272472280794025,9.557094855603076,0.0,4.144720769547168,2.400964168357582
BWA,2016,0.591,0.152,0.866951286792755,0.497389316558838,0.979198038578033,0.727797985076904,0.403009802103043,49.4590183463933,0.436907186564909,0.0,0.0,0.0,0.0,0.5481214085096876,0.0,2.3568277027474624,1.6789639750827106,3.28866304744144,0.06765864847381481,1.0818051703517284,9.354351880835386,9.694562630926232,0.0,4.177459468932607,2.43162079450428
BWA,2017,0.567,0.13,0.712409794330597,0.367126554250717,1.00929582118988,0.595029830932617,0.393295079469681,48.6941198697544,0.438752651481545,0.0,0.0,0.0,0.0,0.5481214085096876,0.0,2.3999275264113993,1.6563214983329508,3.2048580330999967,0.06765864847381481,1.0543120297715298,9.252959534621947,9.661522039723522,0.0,4.225372824628505,2.3568277027474624
BWA,2018,0.577,0.147,0.71906042098999,0.254543900489807,0.958469867706299,0.623929619789124,0.462251842021942,49.3951773150172,0.423715601790778,0.322,0.0,0.0,0.0,0.5481214085096876,0.0,2.4792282935034144,1.5727739280625088,3.1964666033550713,0.06765864847381481,0.9783261227936076,9.230032306871674,9.666930670482676,0.0,4.238444906195857,2.3999275264113993
BWA,2019,0.559,0.131,0.685445845127106,0.375831961631775,1.09532988071442,0.498032212257385,0.498041391372681,49.2510456767955,0.42892865849849,0.398,0.0,0.0,0.0,0.5481214085096876,0.0,2.360802428103062,1.5085119938441398,3.1703156342528236,0.06765864847381481,0.9202827531436926,9.188516044420544,9.67790450396604,0.0,4.264087336809195,2.4792282935034144
BWA,2020,0.482,0.096,0.610775887966156,0.167879268527031,1.01316809654236,0.527586281299591,0.488763332366943,49.0296518790139,0.427282592121424,0.459,0.0,0.0,0.0,0.5481214085096876,0.0,2.2116256496036257,1.6544112780768316,3.134841829258191,0.06765864847381481,1.0260415958332743,9.137073845707556,9.635167648780145,0.0,4.28771595520264,2.360802428103062
BWA,2021,0.48,0.159,0.665120005607605,0.323696464300156,1.04140710830688,0.600826501846313,0.455179303884506,49.288472534803,0.428231328141834,0.402,0.0,0.0,0.0,0.5481214085096876,0.0,2.34521100172655,1.6389967146756448,3.186269985119286,0.06765864847381481,1.0043016091968684,9.175855960815737,9.79599284136587,0.0,4.3134800921387715,2.2116256496036257
BWA,2022,0.461,0.275,0.661908507347107,0.439493864774704,1.0739837884903,0.621043562889099,0.449784100055695,49.1162187040773,0.431163348539531,0.391,0.0,0.0,0.0,0.5481214085096876,0.0,2.371278206131005,1.6789639750827106,3.41061952024106,0.06765864847381481,1.0260415958332743,9.39291731282352,9.90237865691094,0.0,4.3425058765115985,2.34521100172655
CAF,2003,0.118,0.844,-1.02073454856873,-1.19755887985229,-1.53887343406677,-1.11956787109375,-1.24825465679169,32.5791987914325,0.570718725133131,72.727,0.0,0.0,0.0,0.0,0.019802627296179712,-5.0769985101257475,0.10436001532424277,0.7961549306341744,0.019802627296179712,0.0295588022415444,5.695948535997641,6.475730384873152,0.0,2.028148247292285,-5.084057662969157
CAF,2004,0.091,0.885,-1.47727310657501,-1.32439291477203,-1.42424488067627,-1.20109069347382,-1.30935919284821,31.0394763756983,0.563570761328724,80.0,0.0,0.0,0.0,0.0,0.019802627296179712,-5.0810669639597155,0.13976194237515868,0.8060293376166179,0.019802627296179712,0.039220713153281295,5.691838090332562,6.538756875071244,0.0,2.0794415416798357,-5.0769985101257475
CAF,2005,0.173,0.882,-1.30276608467102,-1.58419597148895,-1.42799496650696,-1.31778132915497,-0.99437552690506,30.3581401289431,0.577679893480224,81.25,0.0,0.0,0.0,0.0,0.019802627296179712,-5.076647524166639,0.14842000511827327,0.7997569156182036,0.019802627296179712,0.039220713153281295,5.658366611125719,6.556011904257721,0.0,2.128231705849268,-5.0810669639597155
CAF,2006,0.191,0.882,-1.21914231777191,-1.47496902942657,-1.85155153274536,-1.27037906646729,-1.01479351520538,28.6596949684989,0.564494551000608,82.353,0.0,0.0,0.0,0.0,0.019802627296179712,-5.076248790256765,0.15700374880966475,0.8211005448704061,0.019802627296179712,0.039220713153281295,5.675681309545292,6.612427358330913,0.0,2.174751721484161,-5.076647524166639
CAF,2007,0.191,0.882,-1.21095335483551,-1.52851343154907,-1.85726404190063,-1.26575326919556,-1.083287358284,28.006184938888,0.575544733788577,87.5,0.0,1.0,0.0,0.0,0.019802627296179712,-5.069723350008351,0.14842000511827327,0.8197798314933114,0.019802627296179712,0.039220713153281295,5.654858301507967,6.664862291690247,0.0,2.2407096892759584,-5.076248790256765
CAF,2008,0.191,0.882,-1.13727676868439,-1.37209057807922,-1.84381413459778,-1.19405424594879,-0.988077700138092,28.0562661892317,0.575489567765645,87.5,0.0,1.0,0.0,0.0,0.019802627296179712,-5.069508432057718,0.14842000511827327,0.6825916666204287,0.019802627296179712,0.039220713153281295,5.373953456249469,6.682926315866651,0.0,2.1400661634962708,-5.069723350008351
CAF,2009,0.191,0.882,-0.988850176334381,-1.39648199081421,-1.90398991107941,-1.25794959068298,-1.00347208976746,27.6354056988367,0.592226530678688,87.5,0.0,0.0,0.0,0.0,0.019802627296179712,-5.073529389853181,0.14842000511827327,0.6616565134685745,0.019802627296179712,0.039220713153281295,5.338422304044341,6.777933717678578,0.0,2.341805806147327,-5.069508432057718
CAF,2010,0.192,0.882,-0.937605500221252,-1.39312899112701,-2.0206253528595,-1.162961602211,-1.10421741008759,27.4934662183018,0.57695999568616,81.25,0.0,0.0,0.0,0.0,0.019802627296179712,-5.069317688345023,0.14842000511827327,0.6739643611431714,0.019802627296179712,0.039220713153281295,5.3715492407542875,6.843201288254479,0.0,2.379546134130174,-5.073529389853181
CAF,2011,0.183,0.882,-0.967538118362427,-1.31311178207397,-1.78938913345337,-1.19733154773712,-1.08749830722809,26.8343438576299,0.585327602678619,83.333,0.0,1.0,0.0,0.0,0.019802627296179712,-5.044064447409535,0.16551443847757338,0.7188149273085231,0.019802627296179712,0.039220713153281295,5.444571234180114,6.888761555805677,0.0,2.4336133554004498,-5.069317688345023
CAF,2012,0.185,0.882,-1.0055319070816,-1.45320987701416,-1.85292291641235,-1.07314610481262,-1.24113500118256,27.4018925861488,0.58010398283001,83.333,0.0,0.0,0.0,0.0,0.019802627296179712,-5.043798035629697,0.16551443847757338,0.7328485474114974,0.019802627296179712,0.039220713153281295,5.4617321446535945,6.9689144397053,0.0,2.4849066497880004,-5.044064447409535
CAF,2013,0.15,0.879,-1.09620523452759,-1.62575948238373,-2.15489673614502,-1.16939079761505,-1.47482562065125,26.4415179619389,0.589314809593107,100.0,0.0,0.0,0.0,0.0,0.019802627296179712,-5.068433615396543,0.1310282624064041,0.5573274574174105,0.019802627296179712,0.0295588022415444,5.086113755272161,6.566466334369351,0.0,2.5257286443082556,-5.043798035629697
CAF,2014,0.171,0.838,-1.16686642169952,-1.88091146945953,-2.69919323921204,-1.38923585414886,-1.39115333557129,26.4189115270351,0.583251482081212,100.0,0.0,0.0,0.0,0.0,0.019802627296179712,-5.0808249131695575,0.15700374880966475,0.6108519378331151,0.019802627296179712,0.039220713153281295,5.210518406769214,6.5510285321631905,0.0,2.5649493574615367,-5.068433615396543
CAF,2015,0.181,0.833,-1.32741355895996,-1.81107401847839,-1.89358747005463,-1.44318914413452,-1.22382688522339,25.8344440089901,0.579153936486907,100.0,0.0,1.0,1.0,0.0,0.019802627296179712,-5.062120188395014,0.15700374880966475,0.76080582903376,0.019802627296179712,0.039220713153281295,5.510286718387313,6.646222822865064,0.0,2.617395832834079,-5.0808249131695575
CAF,2016,0.23,0.8,-1.30511975288391,-1.80731046199799,-1.77954876422882,-1.41679394245148,-1.08043265342712,26.9636965297371,0.581202394246923,100.0,0.0,1.0,0.0,0.0,0.019802627296179712,-5.027917523170524,0.15700374880966475,0.7966058889281753,0.019802627296179712,0.039220713153281295,5.55848306208694,6.71782077879177,0.0,2.667228206581955,-5.062120188395014
CAF,2017,0.231,0.774,-1.19832754135132,-1.79250860214233,-1.99353337287903,-1.49380385875702,-1.106525182724,27.0734277697387,0.585537470561245,100.0,0.0,1.0,0.0,0.0,0.019802627296179712,-5.005844031866311,0.13976194237515868,0.8118187102774439,0.019802627296179712,0.0295588022415444,5.568787153868684,6.785373763239754,0.0,2.714694743820879,-5.027917523170524
CAF,2018,0.245,0.754,-1.23330664634705,-1.7354371547699,-2.17220759391785,-1.39432609081268,-1.20389401912689,26.8663548774718,0.586757400789239,100.0,0.0,0.0,0.0,0.0,0.019802627296179712,-5.003293186465921,0.13976194237515868,0.826366024346168,0.019802627296179712,0.0295588022415444,5.577746728872838,6.809941535711683,0.0,2.747270914255491,-5.005844031866311
CAF,2019,0.214,0.696,-1.23415267467499,-1.78027617931366,-2.13587546348572,-1.38387441635132,-1.22169196605682,27.228041342367,0.579038747119261,100.0,0.0,1.0,0.0,0.0,0.019802627296179712,-5.004601064266633,0.13976194237515868,0.8484400649659807,0.019802627296179712,0.0295588022415444,5.602981916939801,6.893497299031917,0.0,2.72785282839839,-5.003293186465921
CAF,2020,0.201,0.826,-1.29501795768738,-1.72879374027252,-2.23627758026123,-1.50229716300964,-1.30338644981384,26.866853936969,0.58011051530741,100.0,0.0,0.0,0.0,0.0,0.019802627296179712,-5.002396379539583,0.13976194237515868,0.8758853172391161,0.019802627296179712,0.0295588022415444,5.633542397159648,6.972878055251475,0.0,2.797281334830153,-5.004601064266633
CAF,2021,0.175,0.814,-1.24662113189697,-1.67319357395172,-2.12685298919678,-1.50971448421478,-1.19410347938538,26.9887324007188,0.581292458304027,100.0,0.0,0.0,0.0,0.0,0.019802627296179712,-5.001364748743179,0.13976194237515868,0.8862438105218584,0.06765864847381481,0.0295588022415444,5.634696741714901,7.029576709303437,0.0,2.8154087194227095,-5.002396379539583
CAF,2022,0.169,0.831,-1.24614667892456,-1.71030342578888,-2.20505237579346,-1.47418415546417,-1.21400439739227,27.1577832442664,0.577950909651453,100.0,0.0,1.0,0.0,0.0,0.019802627296179712,-4.999190996112863,0.1310282624064041,0.8771340166729611,0.06765864847381481,0.0295588022415444,5.622105933002527,7.105662882683703,0.0,2.8154087194227095,-5.001364748743179
CAN,2003,0.753,0.035,1.93129205703735,1.92467999458313,1.05307674407959,1.52460896968842,1.54755675792694,66.7272555656866,0.287336642302083,58.862,0.0,1.0,1.0,2.9734866646066713,4.26549281841793,6.7121641993839,6.36909586428671,8.219331751217675,1.172482137234565,2.9601050959108397,11.666213318384097,10.384447989162792,0.0,4.61512051684126,6.691520447596902
CAN,2004,0.758,0.035,1.80586624145508,1.90069770812988,0.87644749879837,1.61642110347748,1.66845452785492,67.1888968674942,0.28649449012547,58.338,0.0,1.0,1.0,2.9734866646066713,4.272211768666675,6.695116183298236,6.378375248568339,8.234583035025317,1.172482137234565,2.9601050959108397,11.672207795327308,10.432015649678473,0.0,4.61512051684126,6.7121641993839
CAN,2005,0.756,0.035,1.86970067024231,1.88245940208435,0.828725039958954,1.56574976444244,1.50687944889069,68.1473836201471,0.285686920672616,60.066,0.0,1.0,1.0,2.854744580253014,4.28771595520264,6.724583702790466,6.39300529832399,8.242151952579421,1.1878434223960523,2.9647574692545606,11.670254818884455,10.500382031603063,0.0,4.61512051684126,6.695116183298236
CAN,2006,0.765,0.035,1.95279455184937,1.89211332798004,1.03495657444,1.55865693092346,1.41559481620789,70.3735386313644,0.285360085397833,59.879,0.0,1.0,1.0,2.854744580253014,4.299459911016919,6.697852372983917,6.380664762750111,8.208113139770903,1.1878434223960523,2.9439125248241944,11.626421823719255,10.548504613732192,0.0,4.61512051684126,6.724583702790466
CAN,2007,0.766,0.031,1.99088037014008,1.75481534004211,1.00701069831848,1.60638952255249,1.38467156887054,70.5078771572299,0.284901076283209,59.864,0.0,1.0,1.0,2.854744580253014,4.307841736484505,6.721126426452052,6.403971470005192,8.273757643084016,1.1878434223960523,2.9564715596006885,11.681969489159,10.585990205785878,0.0,4.61512051684126,6.697852372983917
CAN,2008,0.762,0.032,1.98772144317627,1.78248238563538,1.0413726568222,1.65094351768494,1.40752851963043,70.6697883678967,0.284203289891092,61.296,0.0,0.0,1.0,2.854744580253014,4.32055008757213,6.686089017490159,6.403491413051287,8.26175137144649,1.1878434223960523,2.946016681308058,11.65923251523287,10.60601778138279,0.0,4.61512051684126,6.721126426452052
CAN,2009,0.764,0.032,2.05179667472839,1.74208331108093,1.12707591056824,1.69657874107361,1.40189552307129,70.8389318817843,0.284199541231579,62.616,0.0,0.0,1.0,2.854744580253014,4.324265097815334,6.5955518181566815,6.3651809569015665,8.221883166634804,1.1878434223960523,2.8986705607108596,11.608138194571891,10.567850840452753,0.0,4.61512051684126,6.686089017490159
CAN,2010,0.763,0.029,2.06187319755554,1.77782678604126,0.936318218708038,1.69343030452728,1.35265874862671,70.0767560484498,0.282958787445727,61.063,0.0,1.0,1.0,2.711377991194885,4.3294166844015844,6.661150247628466,6.368204338862049,8.23258744887224,1.1878434223960523,2.8914822521801917,11.607951013361784,10.59911300262557,0.0,4.61512051684126,6.5955518181566815
CAN,2011,0.746,0.029,1.97113347053528,1.77254545688629,1.07717573642731,1.68484020233154,1.38014459609985,70.1693515800989,0.282921264521633,62.151,0.0,1.0,1.0,2.6789646202071133,4.335982696172475,6.687676243972361,6.40123703180245,8.26901820136656,1.1878434223960523,2.9128939952449864,11.633960779562743,10.637484826238225,0.0,4.61512051684126,6.661150247628466
CAN,2012,0.742,0.029,1.91890442371368,1.75697004795074,1.11301624774933,1.70719468593597,1.43750536441803,69.897957310751,0.282637109936743,63.369,0.0,1.0,0.0,2.663052835171474,4.335458998857547,6.663281297923587,6.381460624312215,8.269422106643963,1.1878434223960523,2.884241897520628,11.623798360506743,10.65237622678286,0.0,4.61512051684126,6.687676243972361
CAN,2013,0.746,0.021,1.87937796115875,1.78074109554291,1.06142175197601,1.72989094257355,1.45344030857086,69.9347988967918,0.282478761386464,63.365,0.0,1.0,0.0,2.4203681286504293,4.3351970473170836,6.6803968579884465,6.404914359120166,8.295386496111698,1.1878434223960523,2.896464271895322,11.639204185436185,10.698786371500331,0.0,4.61512051684126,6.663281297923587
CAN,2014,0.743,0.021,1.83219265937805,1.75371766090393,1.17550384998322,1.83872532844543,1.41233158111572,70.156111859112,0.282185221877821,62.367,0.0,1.0,0.0,2.3960754360813845,4.334672938290411,6.664278247872305,6.410766812004168,8.296585422287064,1.1878434223960523,2.8925915146344776,11.630792390441096,10.731145973975316,0.0,4.61512051684126,6.6803968579884465
CAN,2015,0.745,0.021,1.84565019607544,1.7309353351593,1.26233685016632,1.70605802536011,1.46729922294617,69.9100549138531,0.281935186256586,63.841,0.0,1.0,1.0,2.3960754360813845,4.3848975097655645,6.701806852838941,6.401170649473401,8.29964719452233,1.1878434223960523,2.8752581200861167,11.62469343299137,10.707067518686962,0.0,4.61512051684126,6.664278247872305
CAN,2016,0.765,0.021,1.94446551799774,1.7445410490036,1.24041163921356,1.72741413116455,1.44561123847961,69.6538638493344,0.282045932704806,64.565,0.0,1.0,1.0,2.3960754360813845,4.396052806406973,6.676583883994702,6.404120406351728,8.287537733586788,1.1878434223960523,2.8678989020441064,11.601764250398178,10.74659765590596,0.0,4.61512051684126,6.701806852838941
CAN,2017,0.769,0.021,1.88144600391388,1.81557297706604,1.08968114852905,1.87965595722198,1.47808432579041,69.2550147936024,0.283117921729112,65.819,0.0,1.0,1.0,2.3960754360813845,4.40256428589143,6.693136710330474,6.410355786654558,8.300934634042434,1.1878434223960523,2.8616292890305104,11.602721963239759,10.78556745965357,0.0,4.61512051684126,6.676583883994702
CAN,2018,0.765,0.021,1.79020822048187,1.67513394355774,0.963971078395844,1.69941985607147,1.50241100788116,68.7489787252761,0.284672258179706,65.546,0.0,1.0,1.0,2.334083760053417,4.411585436915426,6.724854404577386,6.419994928147142,8.314707049027101,1.1878434223960523,2.8587664184808337,11.603367423280961,10.819450228842632,0.0,4.61512051684126,6.693136710330474
CAN,2019,0.768,0.023,1.72989678382874,1.69731068611145,0.994933545589447,1.71000242233276,1.43030834197998,68.4509950689282,0.283846146718464,65.382,0.0,1.0,1.0,2.3194422100604686,4.411585436915426,6.709371992140237,6.412835812233203,8.309181818990188,1.1878434223960523,2.839663087904102,11.584842556754426,10.8297280827038,0.0,4.61512051684126,6.724854404577386
CAN,2020,0.75,0.029,1.56571280956268,1.59831285476685,1.01318228244781,1.5925897359848,1.47166883945465,67.8266193919315,0.283558443300829,66.595,0.0,1.0,1.0,2.281361456542419,4.409276949164042,6.624736580791768,6.395678873314494,8.252170837356623,1.1878434223960523,2.813610696762703,11.51757572572791,10.791207667923521,0.0,4.61512051684126,6.709371992140237
CAN,2021,0.756,0.029,1.61626875400543,1.5614572763443,0.962336957454681,1.61376404762268,1.44535887241364,68.3039155368302,0.282427890585361,66.737,0.0,1.0,1.0,1.8421356765531218,4.420405647542997,6.630259052371508,6.407061487748703,8.259194185329555,1.1878434223960523,2.8178010650613294,11.517236240213196,10.950738433587123,0.0,4.61512051684126,6.624736580791768
CAN,2022,0.749,0.029,1.65857303142548,1.56661772727966,0.780681550502777,1.67709279060364,1.44002974033356,68.4999358682349,0.281436971349,68.135,0.0,1.0,1.0,1.7715567619105355,4.432482078162375,6.6998317985721485,6.4199460670186035,8.285392525184552,1.1878434223960523,2.8207834710894493,11.533937380390539,11.060043542286767,0.0,4.61512051684126,6.630259052371508
CHL,2003,0.815,0.061,1.16710090637207,1.10024511814117,0.761611938476562,1.3334413766861,1.05612015724182,54.3980297436916,0.359878912476054,49.925,0.0,0.0,0.0,1.091923300517313,1.6992786164338898,1.9356824484661135,3.9035875266070446,5.779168201562091,0.2468600779315258,1.3937663759585917,9.90974160511616,9.278916697111846,0.0,4.603168183317418,2.7892751051696454
CHL,2004,0.815,0.061,1.30585932731628,1.11775302886963,0.691341698169708,1.36798417568207,1.22528505325317,55.2005991340508,0.358910980447264,46.667,0.0,1.0,1.0,1.091923300517313,1.827769906751088,2.916906844259704,3.9871304779149517,5.844410708359318,0.2468600779315258,1.4516138272405332,9.965084313436911,9.359914855716426,0.0,4.590056548178043,1.9356824484661135
CHL,2005,0.822,0.061,1.41652750968933,1.1556099653244,0.842383623123169,1.31246471405029,1.29252052307129,56.1965544608868,0.356231621276745,53.658,0.0,1.0,0.0,1.091923300517313,1.827769906751088,3.027543665391363,4.014037930834876,5.8814459773188545,0.32208349916911333,1.4655675420143985,9.992298933546078,9.437590264779269,0.0,4.592084946439436,2.916906844259704
CHL,2006,0.839,0.061,1.41256189346313,0.937738180160522,0.613005876541138,1.42389464378357,1.08234477043152,57.124589129198,0.354299771524346,55.015,0.0,0.0,1.0,1.091923300517313,1.8293763327993617,2.9953980898026207,4.066116540765546,5.915344552193306,0.32208349916911333,1.4973884086254774,10.016526463719808,9.64935437434907,0.0,4.609162207257629,3.027543665391363
CHL,2007,0.842,0.061,1.34514999389648,1.18673837184906,0.406370878219604,1.4855865240097,1.10488200187683,57.5400314413149,0.355784379993772,43.943,0.0,1.0,0.0,1.091923300517313,1.8500283773520307,3.709013686212455,4.109397364848393,5.914310787402823,0.5306282510621704,1.5238800240724537,10.005700941180724,9.723075133482919,0.0,4.59511985013459,2.9953980898026207
CHL,2008,0.841,0.061,1.31798684597015,1.06214225292206,0.431912958621979,1.50248491764069,1.01350831985474,57.6957454133589,0.354202419680551,45.526,0.0,1.0,1.0,1.091923300517313,1.860974538249528,3.878144259331795,4.120824195026479,5.914329690866883,0.6259384308664953,1.5260563034950494,9.995728663927952,9.70363104436471,0.0,4.597138014290827,3.709013686212455
CHL,2009,0.835,0.061,1.32123482227325,1.13757157325745,0.602584421634674,1.42739927768707,1.01689624786377,57.5170233155633,0.352998469617533,48.683,0.0,0.0,0.0,1.1410330045520618,1.864080130807681,3.7241394633054457,4.138680376042152,5.8731651281486865,1.000631880307906,1.5325568680981427,9.94436612145602,9.677360209626668,0.0,4.611152257665639,3.878144259331795
CHL,2010,0.838,0.068,1.44162690639496,1.15724182128906,0.679604530334473,1.41517114639282,1.09564626216888,58.4086611263326,0.352105813465069,40.199,0.0,1.0,1.0,1.2669476034873244,1.8671761085128091,3.6119200620223184,4.130515758526928,5.899754877679857,1.000631880307906,1.5173226235262947,9.96098144343069,9.79361102847351,0.0,4.61015772749913,3.7241394633054457
CHL,2011,0.84,0.068,1.47659265995026,1.15227234363556,0.452553361654282,1.44053530693054,1.07390916347504,59.011041762593,0.35031888842493,39.528,0.0,1.0,0.0,1.4562867329399256,1.9387416595767009,3.8749734990153444,4.2103482379784065,5.957680229939378,1.000631880307906,1.5748464676644813,10.009193868398171,9.909602986166544,0.0,4.611152257665639,3.6119200620223184
CHL,2012,0.846,0.068,1.54359126091003,1.17844355106354,0.331102102994919,1.53619813919067,1.07694518566132,60.2207620457575,0.345661218232718,36.28,0.0,1.0,1.0,1.6428726885203377,1.9444805562457188,4.064578385468583,4.256605125012738,6.000788444168704,1.000631880307906,1.6034198401085373,10.042813617321755,9.969611244430672,0.0,4.61512051684126,3.8749734990153444
CHL,2013,0.848,0.076,1.49892818927765,1.15803158283234,0.363742530345917,1.48287189006805,1.10628616809845,60.494023820155,0.344079856760782,35.695,0.0,1.0,1.0,1.6937790608678513,1.9473377010464987,4.005088355247418,4.301900590194597,6.027697628654284,1.000631880307906,1.6331544390514163,10.060252212937376,10.007940629675648,0.0,4.611152257665639,4.064578385468583
CHL,2014,0.849,0.076,1.44073414802551,1.03507494926453,0.447516918182373,1.48458957672119,1.05589711666107,61.4094944920064,0.337839215434602,42.839,0.0,1.0,1.0,1.6937790608678513,2.0028304393079956,3.9212133042632074,4.26507138131118,6.017458751284782,1.000631880307906,1.5953389880545987,10.04002046110147,10.02369503257233,0.0,4.61512051684126,4.005088355247418
CHL,2015,0.84,0.085,1.18245732784271,0.918835580348969,0.424871742725372,1.31984269618988,1.00456619262695,60.5612207172751,0.337793204522337,43.199,0.0,0.0,1.0,1.7209792871670078,2.0135687975291283,4.212229661535886,4.3295484280286765,6.028832583576721,1.000631880307906,1.6389967146756448,10.041205363619488,10.019441363356256,0.0,4.612145799724517,3.9212133042632074
CHL,2016,0.84,0.085,1.02276110649109,0.833843767642975,0.402406215667725,1.36390829086304,0.995819568634033,59.4243029323081,0.339256813077204,42.89,0.0,1.0,0.0,1.814824742159051,2.0320878452963655,4.076996602436997,4.379899373657707,6.075123017717304,1.000631880307906,1.6714733033535532,10.075510805024509,10.054383094612973,0.0,4.61512051684126,4.212229661535886
CHL,2017,0.842,0.074,1.00165581703186,0.809455633163452,0.406281590461731,1.32549917697906,1.00058126449585,59.3256928928539,0.339239617375445,43.545,1.0,1.0,1.0,1.814824742159051,2.0347056478384444,4.922544748046926,4.380650688493951,6.112236444995587,1.000631880307906,1.6582280766035324,10.096866871309434,10.098076216701365,0.13185213110480262,4.612145799724517,4.076996602436997
CHL,2018,0.805,0.057,0.958202481269836,0.907178461551666,0.412769764661789,1.30045235157013,1.02594089508057,59.5719855779945,0.333659485202075,45.866,1.0,1.0,1.0,1.814824742159051,2.0320878452963655,4.313863174077879,4.415944852877343,6.151195343372122,1.000631880307906,1.6733512381777533,10.118055760468492,10.138800370894621,0.13185213110480262,4.61512051684126,4.922544748046926
CHL,2019,0.763,0.056,0.97893089056015,0.863498628139496,-0.0161215793341398,1.15849316120148,0.981485605239868,59.6899884044304,0.332626090125988,46.213,1.0,1.0,1.0,1.8229350866965048,2.038619547159581,4.427577971045677,4.442415934686665,6.163270592531012,1.000631880307906,1.6808279085207734,10.114165206410993,10.150845858946301,0.13185213110480262,4.61512051684126,4.313863174077879
CHL,2020,0.765,0.056,1.10613715648651,0.705044686794281,0.0440445058047771,0.948647737503052,0.99194073677063,60.1404265917762,0.333157100552715,48.445,1.0,1.0,1.0,1.7817091333745536,2.0706530356467567,4.274509401510536,4.437697832044343,6.094648195107745,0.9631743177730056,1.6714733033535532,10.036431478886124,10.140607517492947,0.13185213110480262,4.61512051684126,4.427577971045677
CHL,2021,0.777,0.067,0.9562668800354,0.590294063091278,0.161427184939384,0.936240255832672,0.957422435283661,59.813567293437,0.333731088512827,49.432,1.0,1.0,1.0,1.7817091333745536,2.0554049638515943,4.182695028545219,4.478812997111569,6.169311524553309,1.0885619528146082,1.7011051009599243,10.106840638080206,10.278178986528658,0.13185213110480262,4.61512051684126,4.274509401510536
CHL,2022,0.779,0.063,0.968124032020569,0.546218276023865,0.13208432495594,0.978411138057709,0.976769387722015,60.0362214858948,0.332513665146997,55.327,0.0,1.0,1.0,1.6714733033535532,2.1210632163706555,4.291351409088604,4.522223265167165,6.223577750547327,1.0885619528146082,1.7334238922150915,10.156258020276912,10.335962998148398,0.0,4.61512051684126,4.182695028545219
CHN,2003,0.071,0.598,-0.395265489816666,-0.147587299346924,-0.56535792350769,-0.392048835754395,-1.51242911815643,46.4956374464347,0.409591175530475,15.036,0.0,0.0,1.0,5.511935696637175,4.509760001183433,8.624291379844582,7.551827754894848,9.669014817688163,1.5390154481375546,0.9042181506398859,9.410895597135532,8.296076595951899,0.0,4.589040804058207,8.488209986392839
CHN,2004,0.071,0.598,-0.565061569213867,-0.109930388629436,-0.39068067073822,-0.346228837966919,-1.4624639749527,46.1843071357281,0.407065800123566,16.222,0.0,1.0,0.0,5.625784896501139,4.617493935676923,8.764657313063713,7.69540777007147,9.826073806944798,1.6389967146756448,0.9895411936137477,9.562111552094427,8.413149446740624,0.0,4.592084946439436,8.624291379844582
CHN,2005,0.055,0.554,-0.617887735366821,-0.140640497207642,-0.501756608486176,-0.183769479393959,-1.50078511238098,47.5096190307254,0.406391542814289,16.173,0.0,1.0,0.0,5.782223900962764,4.725527682651825,8.888305449794382,7.822076071799833,9.953617961033903,1.780024213009634,1.0647107369924282,9.683584868932302,8.5465932896743,0.0,4.594109238628667,8.764657313063713
CHN,2006,0.054,0.554,-0.51888769865036,0.0357880145311356,-0.540030121803284,-0.258387207984924,-1.74897027015686,51.9882396353698,0.403972634708985,15.588,0.0,1.0,1.0,6.0064763047284195,4.82903347822665,8.986038763569866,7.958520958193027,10.045392154298035,1.9615022438151495,1.1537315878891892,9.769249567476814,8.690690399298841,0.0,4.597138014290827,8.888305449794382
CHN,2007,0.054,0.554,-0.599234640598297,0.165997371077538,-0.500553727149963,-0.233363419771194,-1.72125017642975,52.4867433279787,0.401644314705913,15.258,0.0,1.0,1.0,6.170530811181264,4.943711708730681,9.05331393757467,8.093226988650706,10.128652100260629,2.080690761080268,1.244154593958768,9.84663885543488,8.844518840368002,0.0,4.600157644164547,8.986038763569866
CHN,2008,0.055,0.553,-0.526307642459869,0.165779024362564,-0.49308842420578,-0.21839340031147,-1.69949722290039,53.6949806372906,0.399141821448358,19.025,0.0,1.0,1.0,6.277000568438457,5.096201182425903,9.074043602087702,8.155924856850229,10.16667697646589,2.150598735996164,1.2837077723447896,9.878641991999816,8.950772185788544,0.0,4.603168183317418,9.05331393757467
CHN,2009,0.055,0.551,-0.519456624984741,0.0932420492172241,-0.451781332492828,-0.298093944787979,-1.7011684179306,54.5150214221924,0.396646417978792,17.886,0.0,0.0,1.0,6.368324398205812,5.212705010472114,9.138358965218734,8.217238787687009,10.209496826142752,2.222459048514761,1.324418957401803,9.91495900312757,9.041801336145838,0.0,4.6061696863211745,9.074043602087702
CHN,2010,0.054,0.551,-0.570009887218475,0.0918448567390442,-0.65706068277359,-0.320954978466034,-1.68054747581482,56.5007072505874,0.393382322777987,18.691,0.0,1.0,1.0,6.456706859252007,5.2989671553895334,9.223229306214261,8.341565182762682,10.277001240707804,2.388762789235098,1.410986973710262,9.975752817232538,9.149755435144442,0.0,4.612145799724517,9.138358965218734
CHN,2011,0.053,0.551,-0.514727592468262,0.0836087092757225,-0.602054834365845,-0.259136259555817,-1.63760912418365,56.9206445038063,0.391385779696248,16.813,0.0,1.0,1.0,6.543710386424341,5.3734248390348425,9.313217687908434,8.45559009104576,10.352571923159909,1.6882490928583902,1.4951487660319727,10.044914455920235,9.255102595120661,0.0,4.6141299273595635,9.223229306214261
CHN,2012,0.054,0.541,-0.438275933265686,0.0153677640482783,-0.538782060146332,-0.28433284163475,-1.63794147968292,57.4579328822538,0.390545976672936,20.041,0.0,1.0,1.0,6.610776795158566,5.438687819395312,9.34184084309722,8.512735269631909,10.392839661851154,2.1102132003465894,1.5325568680981427,10.07839007287967,9.343231171162017,0.0,4.6141299273595635,9.313217687908434
CHN,2013,0.052,0.49,-0.355887651443481,-0.00512068951502442,-0.543789923191071,-0.331608176231384,-1.63152050971985,58.1600672887841,0.38875553483393,20.13,0.0,1.0,1.0,6.671729101836913,5.5603354172443025,9.38374686628205,8.59810936366235,10.429799619911448,2.151762203259462,1.5953389880545987,10.108446359076131,9.41159600974238,0.0,4.61512051684126,9.34184084309722
CHN,2014,0.051,0.486,-0.337719589471817,0.354851633310318,-0.522584021091461,-0.331334412097931,-1.61678075790405,50.9221017460255,0.387525654471401,22.249,0.0,1.0,1.0,6.710985852553027,5.648093568795613,9.392591376146443,8.66285767944401,10.45536104611063,2.080690761080268,1.6428726885203377,10.127542967975849,9.468279203329272,0.0,4.61512051684126,9.38374686628205
CHN,2015,0.051,0.481,-0.299921870231628,0.417423009872437,-0.552559673786163,-0.354117453098297,-1.66078317165375,51.7581124519274,0.386337833427969,23.968,0.0,1.0,1.0,6.781364048904411,5.695414224985685,9.375351874548286,8.666154429351947,10.467009643781694,2.038619547159581,1.6409365794934714,10.13331380478137,9.507799479408138,0.0,4.61512051684126,9.392591376146443
CHN,2016,0.049,0.481,-0.268094301223755,0.356383770704269,-0.502221345901489,-0.314001739025116,-1.5593478679657,51.8145163574976,0.386313077048712,24.829,0.0,1.0,1.0,6.827380016018219,5.72482616158455,9.370346571623513,8.719552641946699,10.471034973172083,1.7850704810772584,1.6789639750827106,10.131683638274167,9.55805287790008,0.0,4.61512051684126,9.375351874548286
CHN,2017,0.048,0.482,-0.291626125574112,0.416875630617142,-0.232558101415634,-0.179426416754723,-1.50353038311005,51.9524192039002,0.38554107240778,25.242,0.0,1.0,1.0,6.862370808847533,5.753778260977441,9.38779654152494,8.793671232460628,10.509179157464834,1.888583653863595,1.7351891177396608,10.163932090892642,9.617366739904543,0.0,4.61512051684126,9.370346571623513
CHN,2018,0.048,0.476,-0.286848217248917,0.496678441762924,-0.298572480678558,-0.22858552634716,-1.45938873291016,52.3092058898266,0.384793183173222,25.612,0.0,1.0,1.0,6.885979907104296,5.778487887354394,9.431975814310702,8.875136131108464,10.556094469719206,1.9878743481543455,1.7984040119467237,10.206146694160385,9.698871616397676,0.0,4.61512051684126,9.38779654152494
CHN,2019,0.045,0.462,-0.312614381313324,0.544862508773804,-0.259780675172806,-0.304319977760315,-1.62690627574921,55.6713966612949,0.3839722303205,26.85,0.0,1.0,1.0,6.927793172718644,5.795297583491974,9.453456294419665,8.921007604543433,10.601366595157739,2.1701959049483,1.8341801851120072,10.248244235316442,9.77576160462256,0.0,4.61512051684126,9.431975814310702
CHN,2020,0.041,0.457,-0.0710281431674957,0.643971681594849,-0.474127858877182,-0.202643379569054,-1.65635871887207,57.1773753317043,0.383590366160879,28.088,0.0,1.0,1.0,6.9559166740891545,5.827974558049152,9.464098553537832,8.957128000883593,10.63332559020659,2.3504224224082058,1.8625285401162623,10.278388155519762,9.812932358852738,0.0,4.61512051684126,9.453456294419665
CHN,2021,0.041,0.468,0.0302335843443871,0.80791163444519,-0.516462862491608,-0.332243531942368,-1.64127457141876,57.8492898352728,0.382330265337932,28.694,0.0,1.0,1.0,6.979378022655104,5.873609633868467,9.5119989063285,9.050291330967555,10.688488491807838,2.604909442182697,1.9416152247724325,10.33331829295317,9.94483570467859,0.0,4.61512051684126,9.464098553537832
CHN,2022,0.042,0.465,0.0160636715590954,0.494212538003922,-0.45127671957016,-0.418417632579803,-1.60137104988098,58.0501191796673,0.381313954458842,30.181,0.0,1.0,1.0,7.004627873943609,5.910010427193966,9.51132620819137,9.08667557261124,10.703637469570843,2.6993457604720636,1.9740810260220096,10.349349188666512,10.044690917610716,0.0,4.61512051684126,9.5119989063285
CIV,2003,0.303,0.647,-1.01384484767914,-1.13449609279633,-1.80326271057129,-0.751793324947357,-1.15452754497528,36.3026333942249,0.501228233569655,35.63,0.0,0.0,0.0,0.0,0.4700036292457356,4.4774413751816935,1.55814461804655,3.3790880960740544,0.0,0.18232155679395462,7.301833131021067,7.9020219756270365,0.0,3.960813169597578,4.477771980620719
CIV,2004,0.305,0.647,-1.24132347106934,-1.27960348129272,-2.11492109298706,-1.03201699256897,-1.21964883804321,35.6023908659626,0.497159826415033,33.455,0.0,0.0,0.0,0.0,0.4700036292457356,4.487379508670003,1.6272778305624314,3.468949483712974,0.0,0.1906203596086497,7.370410096736827,7.935649371930497,0.0,3.977810745966149,4.4774413751816935
CIV,2005,0.297,0.647,-1.24978721141815,-1.34959387779236,-2.25952887535095,-0.955394089221954,-1.29461932182312,34.9149921195331,0.494723154331095,26.984,0.0,0.0,0.0,0.0,0.4700036292457356,4.504117485705709,1.6620303625532709,3.5972026655420324,0.0,0.1906203596086497,7.478586792012579,7.952552882483617,0.0,4.092676505121403,4.487379508670003
CIV,2006,0.298,0.647,-1.20752882957458,-1.16377902030945,-1.86186838150024,-0.928464114665985,-1.27867805957794,32.6935377616613,0.496333482264293,28.369,0.0,0.0,0.0,0.0,0.4700036292457356,4.534648571876612,1.7173950539391927,3.427871769076342,0.0,0.1988508587451652,7.2806000832314925,7.9871240639896115,0.0,4.11414718951828,4.504117485705709
CIV,2007,0.299,0.647,-1.09506964683533,-1.21891403198242,-1.83957278728485,-0.881731986999512,-1.20208990573883,33.4548602441387,0.503849375190949,33.808,0.0,0.0,0.0,0.0,0.4700036292457356,4.529242971352718,1.766441661243765,3.4845576570403143,0.0,0.20701416938432615,7.3158549136755395,8.001534146003364,0.0,4.030694535145645,4.534648571876612
CIV,2008,0.299,0.647,-1.11905133724213,-1.252720952034,-1.80406737327576,-0.929746806621552,-1.167560338974,33.3179144197636,0.503023170295057,34.542,0.0,0.0,0.0,0.0,0.4700036292457356,4.538820625321193,1.8229350866965048,3.5810158082379915,0.0,0.2151113796169455,7.3924184304430405,8.04457427067586,0.0,4.115779842942166,4.529242971352718
CIV,2009,0.297,0.645,-1.11738514900208,-1.12651801109314,-1.32086253166199,-0.972751557826996,-1.0643789768219,33.3375177928913,0.499407888261923,37.265,0.0,0.0,0.0,0.0,0.4700036292457356,4.561683255558233,1.851599469584072,3.5406694269487495,0.0,0.2151113796169455,7.32872096336334,8.063891677791167,0.0,4.065602093356446,4.538820625321193
CIV,2010,0.303,0.635,-1.17285454273224,-1.29745149612427,-1.5838942527771,-0.926222562789917,-1.04839730262756,32.7289600198141,0.493896047868622,28.067,0.0,0.0,0.0,0.0,0.4700036292457356,4.564122296660994,1.8870696490323797,3.591046093765173,0.09531017980432487,0.22314355131420976,7.358490713097379,8.120155697473997,0.0,4.084294226368599,4.561683255558233
CIV,2011,0.297,0.588,-1.03099358081818,-1.18075549602509,-1.40580761432648,-0.889401078224182,-1.08187675476074,32.9469553210358,0.496269333874069,29.934,0.0,0.0,0.0,0.0,0.4700036292457356,4.586383247949209,1.8702625307159986,3.507027786904577,0.09531017980432487,0.2151113796169455,7.25033312409751,8.06366720861031,0.0,4.039536325727106,4.564122296660994
CIV,2012,0.323,0.57,-0.838509380817413,-1.10815095901489,-1.26346111297607,-0.776178419589996,-0.777749955654144,33.6906784872339,0.498955928379679,26.286,0.0,1.0,0.0,0.0,0.4700036292457356,4.61106295823072,2.0028304393079956,3.7188993151001046,0.09531017980432487,0.23901690047049992,7.447075643931813,8.099166435990735,0.0,4.039536325727106,4.586383247949209
CIV,2013,0.315,0.508,-0.740123450756073,-0.938218176364899,-1.04872417449951,-0.753439784049988,-0.751273810863495,34.8210081861511,0.487474292228048,21.756,0.0,0.0,0.0,0.0,0.4700036292457356,4.633818942753429,2.0554049638515943,3.832503494196812,0.18232155679395462,0.2468600779315258,7.5433554407932615,8.194234251920467,0.0,4.135166556742356,4.61106295823072
CIV,2014,0.32,0.508,-0.419227510690689,-0.857291638851166,-1.03716063499451,-0.618877172470093,-0.508161246776581,37.0758371064087,0.491085795720159,23.7,0.0,1.0,0.0,0.0,0.4700036292457356,4.648169342510938,2.127040520479115,3.8785696291689264,0.18232155679395462,0.26236426446749106,7.566165041385948,8.312678651381713,0.0,4.141546163706395,4.633818942753429
CIV,2015,0.324,0.511,-0.462360084056854,-0.747540533542633,-0.835078060626984,-0.554926514625549,-0.407787770032883,37.9821590248294,0.488387300716929,16.552,0.0,1.0,1.0,0.0,0.4700036292457356,4.548762069727221,2.180417459019838,3.8961781358663083,0.18232155679395462,0.27002713721306015,7.555238553531222,8.390414483142143,0.0,4.152613470346076,4.648169342510938
CIV,2016,0.354,0.511,-0.555474996566772,-0.736379206180573,-0.909238815307617,-0.422826766967773,-0.310144811868668,38.4000412202319,0.490802624963928,16.422,0.0,1.0,0.0,0.0,0.4700036292457356,4.52674219360341,2.3045830956567186,4.024583538638998,0.18232155679395462,0.30010459245033805,7.657095157228255,8.41884105914104,0.0,4.178992036282385,4.548762069727221
CIV,2017,0.342,0.522,-0.550498962402344,-0.812218189239502,-1.09111630916595,-0.406880408525467,-0.284559160470963,38.5770379660823,0.486049064554829,21.245,0.0,1.0,0.0,0.0,0.6312717768418579,4.502286279127345,2.225704048658088,4.001571162069745,0.18232155679395462,0.27002713721306015,7.605459560168028,8.453439006576856,0.0,4.198704577546343,4.52674219360341
CIV,2018,0.348,0.518,-0.526206731796265,-0.647450387477875,-0.89799964427948,-0.254712522029877,-0.249501124024391,38.8559627040198,0.484811290200776,29.88,0.0,1.0,0.0,0.0,0.6312717768418579,4.462009678013587,2.301584592660462,4.0057136927439645,0.18232155679395462,0.2851789422336624,7.582708956910118,8.50646084643306,0.0,4.220977213155467,4.502286279127345
CIV,2019,0.328,0.558,-0.563736855983734,-0.559171676635742,-1.036496758461,-0.300067454576492,-0.249043196439743,39.2436319288993,0.48417994156195,33.114,0.0,1.0,0.0,0.0,0.6312717768418579,4.483742820900321,2.3580197998821464,4.067932138270268,0.18232155679395462,0.29266961396282,7.6198419693614765,8.615660301281363,0.0,4.242764567340374,4.462009678013587
CIV,2020,0.265,0.598,-0.551726758480072,-0.539148509502411,-1.03321969509125,-0.381347745656967,-0.530299067497253,39.4274770236655,0.485618147370348,30.551,0.0,1.0,0.0,0.0,0.6312717768418579,4.48746239176762,2.410542234499138,4.037968195444792,0.18232155679395462,0.30010459245033805,7.5640813051435805,8.620625021729728,0.0,4.2612704335380815,4.483742820900321
CIV,2021,0.238,0.602,-0.395229250192642,-0.53695148229599,-0.715015649795532,-0.268797159194946,-0.458948493003845,39.94057646317,0.487653468277971,23.877,0.0,1.0,0.0,0.0,0.6312717768418579,4.507920336443611,2.468099531471619,4.208238563898166,0.18232155679395462,0.3074846997479606,7.71234454490947,8.707186049213046,0.0,4.278054044290903,4.48746239176762
CIV,2022,0.245,0.59,-0.338705569505692,-0.333772420883179,-0.587266504764557,-0.152012959122658,-0.393042325973511,40.0737293022029,0.490057862221303,27.359,0.0,1.0,0.0,0.0,0.6312717768418579,4.52393452728136,2.553343811341229,4.372960662660135,0.18232155679395462,0.3293037471426004,7.854137486736021,8.812909475320966,0.0,4.290459441148391,4.507920336443611
CMR,2003,0.16,0.921,-0.981341302394867,-0.842919766902924,-0.429470658302307,-0.972793400287628,-1.06000566482544,37.6021317714586,0.492135194127287,95.616,0.0,0.0,0.0,0.0,0.5423242908253616,-3.855384715141149,1.536867219599265,2.952041584929258,0.0,0.20701416938432615,7.024463959948364,7.77026591948695,0.0,3.8308129500026027,-3.8709811118135242
CMR,2004,0.161,0.921,-1.12543630599976,-0.810298979282379,-0.359356343746185,-0.720635175704956,-0.974191248416901,37.1112896055216,0.491601975902587,95.332,0.0,0.0,0.0,0.0,0.5423242908253616,-3.860565043236397,1.623340817603092,2.9738444737959617,0.0,0.22314355131420976,7.019991403376055,7.837415221068259,0.0,3.8732821771117156,-3.855384715141149
CMR,2005,0.156,0.921,-1.19940960407257,-0.931051731109619,-0.182024568319321,-0.912781834602356,-1.03406727313995,36.2668590534002,0.492798780234306,94.192,0.0,0.0,0.0,0.0,0.5423242908253616,-3.8564428386416467,1.601405740736836,2.942331496826876,0.0,0.20701416938432615,6.959259851048987,7.862759056295889,0.0,3.8753590210565547,-3.860565043236397
CMR,2006,0.156,0.936,-1.09145569801331,-0.972049713134766,-0.244705229997635,-0.842229604721069,-1.02389752864838,35.4381075284281,0.491574995640071,88.735,0.0,0.0,0.0,0.0,0.5423242908253616,-3.8713806629093996,1.801709800081223,3.179760706139632,0.0,0.2546422183735807,7.180701814723472,7.903018878025127,0.0,3.912023005428146,-3.8564428386416467
CMR,2007,0.155,0.936,-1.03304481506348,-0.854186415672302,-0.32610896229744,-0.836638271808624,-1.04956614971161,35.5511820794406,0.49302073464505,74.664,0.0,0.0,0.0,0.0,0.5423242908253616,-3.854415264546115,1.8261608959453874,3.180675391052897,0.0,0.2546422183735807,7.15364300933694,7.944038969476269,0.0,3.8958936234982624,-3.8713806629093996
CMR,2008,0.154,0.936,-1.03422832489014,-0.828287124633789,-0.552110910415649,-0.818746328353882,-1.06779563426971,35.4550345308417,0.495458246044133,75.709,0.0,0.0,0.0,0.0,0.5423242908253616,-3.8588784115086874,1.8931119634883424,3.1711131326686144,0.0,0.26236426446749106,7.115040143432565,7.9625692972541415,0.0,3.9435216724875173,-3.854415264546115
CMR,2009,0.156,0.936,-1.02055108547211,-0.85378509759903,-0.474782139062881,-0.769573271274567,-1.04035580158234,35.3165740906016,0.494955726065463,70.557,0.0,0.0,1.0,0.0,0.5423242908253616,-3.8401483053692784,1.9080599249242156,3.279669844100789,0.08617769624105233,0.26236426446749106,7.199383305905345,7.96552871148137,0.0,3.9646154555473165,-3.8588784115086874
CMR,2010,0.154,0.936,-1.07531774044037,-0.903040051460266,-0.736971437931061,-0.753017663955688,-1.058274269104,35.2036711579585,0.49099379249661,73.038,0.0,0.0,0.0,0.0,0.5423242908253616,-3.852306516601759,1.925707441737794,3.428131382902236,0.08617769624105233,0.26236426446749106,7.324558533359892,7.977605519709925,0.0,3.9852734671677386,-3.8401483053692784
CMR,2011,0.155,0.933,-1.16692554950714,-0.894476115703583,-0.661687970161438,-0.810016274452209,-1.03312134742737,35.0372920521517,0.496675968226672,75.0,0.0,1.0,1.0,0.0,0.5481214085096876,-3.858803774202358,1.9286186519452522,3.484833624845822,0.08617769624105233,0.2546422183735807,7.354812005374196,8.002967556576127,0.0,4.001863709427935,-3.852306516601759
CMR,2012,0.161,0.935,-1.27243947982788,-0.905474781990051,-0.588517427444458,-0.931122064590454,-1.02158093452454,35.2627378366114,0.487098583620969,78.637,0.0,1.0,0.0,0.0,0.5481214085096876,-3.84230018852046,2.0215475632609334,3.4975676054818488,0.08617769624105233,0.2776317365982795,7.339831807996482,8.026380063668364,0.0,4.028916756899646,-3.858803774202358
CMR,2013,0.152,0.941,-1.21772301197052,-0.925760507583618,-0.53223729133606,-0.959768235683441,-1.03697991371155,35.5310941416062,0.488320573876493,69.401,0.0,0.0,0.0,0.0,0.5481214085096876,-3.8002504765633884,2.089391872533004,3.332525887099536,0.08617769624105233,0.2851789422336624,7.1412134512234715,8.083287959329743,0.0,4.048300623720694,-3.84230018852046
CMR,2014,0.155,0.941,-1.17888414859772,-0.81291788816452,-1.05925238132477,-0.898471713066101,-0.944579899311066,35.9519609174801,0.488123614231948,64.006,0.0,0.0,0.0,0.0,0.5481214085096876,-3.745012440096991,2.151762203259462,3.603539406946921,0.08617769624105233,0.30010459245033805,7.3905498788586765,8.13834896678376,0.0,4.056988775678332,-3.8002504765633884
CMR,2015,0.154,0.941,-1.09658634662628,-0.833807587623596,-0.989914000034332,-0.936662197113037,-0.95428854227066,36.2039112745726,0.485771936778377,54.899,0.0,1.0,1.0,0.0,0.5481214085096876,-3.6648054844797415,2.194999882314108,3.612673128108683,0.13976194237515868,0.30010459245033805,7.368545343395952,8.16013551013994,0.0,4.087655574071304,-3.745012440096991
CMR,2016,0.143,0.949,-1.1794182062149,-0.822786748409271,-1.06121301651001,-0.809304058551788,-1.03096854686737,36.5140950463317,0.484695493403968,61.603,0.0,1.0,0.0,0.0,0.5481214085096876,-3.653841668473635,2.0992441689760155,3.5856278243034616,0.13976194237515868,0.27002713721306015,7.310895687067857,8.196436623882688,0.0,4.107589788972121,-3.6648054844797415
CMR,2017,0.136,0.934,-1.22516858577728,-0.861256957054138,-1.09150505065918,-0.846451878547668,-1.05181312561035,36.3805601325895,0.48239045726342,63.354,0.0,1.0,0.0,0.0,0.5481214085096876,-3.685056130987412,2.209372711271867,3.5714182416669082,0.13976194237515868,0.29266961396282,7.267958690550879,8.234413941487471,0.0,4.12552017969055,-3.653841668473635
CMR,2018,0.127,0.947,-1.1630687713623,-0.857635021209717,-1.40180146694183,-0.812619864940643,-1.12888038158417,36.6000655499215,0.485821328226616,58.899,0.0,0.0,0.0,0.0,0.5481214085096876,-3.6745885638388125,2.2607208888953467,3.651177586929925,0.13976194237515868,0.30010459245033805,7.322176824855392,8.29698622428878,0.0,4.146304301152812,-3.685056130987412
CMR,2019,0.121,0.949,-1.21736109256744,-0.866082966327667,-1.56182324886322,-0.847178757190704,-1.21103703975677,36.6143657655654,0.484616507811948,61.473,0.0,0.0,0.0,0.0,0.5933268452777344,-3.6561005800350386,2.2332350148592526,3.6209485185733623,0.13976194237515868,0.2851789422336624,7.263359049419326,8.352816478296248,0.0,4.162003210695915,-3.6745885638388125
CMR,2020,0.128,0.946,-1.13953602313995,-0.931410908699036,-1.51367974281311,-0.830199360847473,-1.2054191827774,36.9341049856799,0.482893094688844,60.114,0.0,1.0,0.0,0.0,0.5933268452777344,-3.6377775729296835,2.288486168614544,3.658626410942915,0.13976194237515868,0.29266961396282,7.274807987163845,8.381704923367074,0.0,4.178992036282385,-3.6561005800350386
CMR,2021,0.127,0.931,-1.11598348617554,-0.904558956623077,-1.39408874511719,-0.934422612190247,-1.15918850898743,36.8066711822272,0.488229140667947,62.901,0.0,1.0,1.0,0.0,0.5933268452777344,-3.631403781429625,2.2417729535972883,3.6125652037635443,0.13976194237515868,0.27002713721306015,7.201014271466116,8.475236445392698,0.0,4.1956970564823886,-3.6377775729296835
CMR,2022,0.139,0.931,-1.12971425056458,-0.881507813930511,-1.37962925434113,-0.898889482021332,-1.14725351333618,36.8335719942525,0.486085791085315,64.908,0.0,0.0,0.0,0.0,0.5933268452777344,-3.6177472258485235,2.21375387928743,3.6237540941534743,0.13976194237515868,0.26236426446749106,7.186229085182696,8.554484642559178,0.0,4.276666119016055,-3.631403781429625
COL,2003,0.432,0.41,-0.204286307096481,-0.221860736608505,-2.37602686882019,-0.126518681645393,-0.429242461919785,43.4755424771724,0.439055646188743,78.615,0.0,0.0,1.0,0.712949807856125,2.288486168614544,5.5349143820757885,3.830596006732417,5.780320586864324,0.2468600779315258,0.7419373447293773,8.973066709183582,8.912131093576033,0.0,4.565389315976247,5.470451613461806
COL,2004,0.433,0.41,-0.140631452202797,-0.215896517038345,-2.27122640609741,-0.0864163339138031,-0.318785130977631,43.9275787348197,0.43681737006347,81.512,0.0,1.0,0.0,0.712949807856125,2.295560478057081,5.532380030546205,3.885679030088544,5.830506164029877,0.26236426446749106,0.7654678421395714,9.008708525867812,8.975926846346328,0.0,4.56746831880408,5.5349143820757885
COL,2005,0.439,0.41,-0.145389392971992,-0.197672158479691,-2.05794286727905,-0.0163637585937977,-0.322521358728409,44.344473406906,0.434064639774885,80.016,0.0,0.0,0.0,0.712949807856125,2.2975725511705014,5.485317477289988,3.8958936234982624,5.8150316182620285,0.26236426446749106,0.76080582903376,8.979188716215413,9.039947381002024,0.0,4.582924577040772,5.532380030546205
COL,2006,0.453,0.41,-0.175137788057327,-0.191516101360321,-1.90479671955109,0.106225542724133,-0.172736719250679,42.938620837181,0.433381888120229,80.446,0.0,1.0,0.0,0.712949807856125,2.2975725511705014,5.471433211374603,3.96176509732296,5.958391100734301,0.2151113796169455,0.7929925155296614,9.109678909565046,9.12206520713919,0.0,4.571613402459248,5.485317477289988
COL,2007,0.468,0.41,-0.279160350561142,-0.0502213798463345,-1.80652725696564,0.284262537956238,-0.165321603417397,42.716478213428,0.432417138728131,81.383,0.0,0.0,0.0,0.712949807856125,2.301584592660462,5.49846825001533,4.006423680849631,5.974498941656907,0.2151113796169455,0.8109302162163288,9.113159974404347,9.201328921954243,0.0,4.574710978503383,5.471433211374603
COL,2008,0.468,0.41,-0.261542618274689,-0.0256232153624296,-1.85346233844757,0.272389978170395,-0.165922626852989,43.5649648952426,0.428543039873334,83.886,0.0,0.0,0.0,0.712949807856125,2.302585092994046,5.486845124484608,4.008786673860454,6.01488806205157,0.26236426446749106,0.8064758658669485,9.141612501087756,9.240681876359037,0.0,4.582924577040772,5.49846825001533
COL,2009,0.472,0.42,-0.337012529373169,-0.300557911396027,-1.83234584331512,0.0882817208766937,-0.149577632546425,44.297305646571,0.425671158887295,72.687,0.0,0.0,0.0,0.712949807856125,2.302585092994046,5.480355254777118,4.037597828336212,6.003348650581434,0.26236426446749106,0.8153648132841945,9.11839853293736,9.246513075023348,0.0,4.575741375297279,5.486845124484608
COL,2010,0.501,0.403,-0.42333310842514,-0.123824141919613,-1.53718483448029,0.157253935933113,-0.132357180118561,44.4624142560481,0.423508985756961,70.513,0.0,1.0,0.0,0.712949807856125,2.3282528397426234,5.506855281037724,4.101651137404539,6.053502287648734,0.26236426446749106,0.8458682675776092,9.157308830870672,9.291194563857902,0.0,4.582924577040772,5.480355254777118
COL,2011,0.542,0.396,-0.317527681589127,-0.0504269637167454,-1.28465557098389,0.279601454734802,-0.0597142279148102,45.2691739302045,0.421407374163063,81.75,0.0,1.0,1.0,0.712949807856125,2.372111155642656,5.560962177741384,4.113656873254474,6.097617998309311,0.26236426446749106,0.8458682675776092,9.190808460033296,9.368067061322268,0.0,4.581901559048737,5.506855281037724
COL,2012,0.544,0.387,-0.422298341989517,-0.00116499257273972,-1.40181040763855,0.326594680547714,-0.0639913454651833,45.1678742425547,0.419558259164838,77.894,0.0,1.0,1.0,0.712949807856125,2.377692565480851,5.550986934914324,4.148674906767148,6.1589537294101335,0.7884573603642702,0.8586616190375187,9.242245158108426,9.400470983075722,0.0,4.584967478670572,5.560962177741384
COL,2013,0.542,0.388,-0.441208124160767,0.0531518310308456,-1.29197180271149,0.339824229478836,-0.0813083127140999,45.167633555522,0.419633020247932,69.215,0.0,1.0,0.0,0.712949807856125,2.3869262414277967,5.521067775721361,4.292648823522665,6.186290925040411,1.0543120297715298,0.9400072584914712,9.260149730875886,9.455706098125656,0.0,4.593097604753822,5.550986934914324
COL,2014,0.553,0.388,-0.397509813308716,-0.135854035615921,-1.11459410190582,0.444412022829056,-0.043343797326088,46.1173977692486,0.419625583196584,69.089,0.0,1.0,1.0,0.712949807856125,2.4782176616372036,5.542326919812905,4.257879641930999,6.237515704201249,1.0331844833456545,0.9162907318741551,9.30254701351121,9.49974813578221,0.0,4.593097604753822,5.521067775721361
COL,2015,0.557,0.393,-0.352601826190948,-0.0937390848994255,-1.0726637840271,0.407719731330872,0.00404631532728672,46.2698653125443,0.418212504302865,63.345,0.0,1.0,1.0,0.7884573603642702,2.5257286443082556,5.519002954366492,4.36386266404621,6.225354152207839,1.1216775615991057,0.9745596399981308,9.281713794368716,9.49800160707245,0.0,4.597138014290827,5.542326919812905
COL,2016,0.557,0.392,-0.384617507457733,-0.03696658462286,-0.887163996696472,0.339025348424911,0.122125923633575,45.9833392902545,0.419760537508253,65.616,0.0,1.0,1.0,0.8628899551470399,2.534490149976828,5.634607446765243,4.350277936359301,6.309607320793356,0.9707789171582247,0.9593502213346021,9.356215071585451,9.548799204943613,0.0,4.599152113662528,5.519002954366492
COL,2017,0.554,0.405,-0.429829597473145,-0.140821367502213,-0.779457807540894,0.257446646690369,0.112731605768204,45.9193311671419,0.418251585088095,79.1,1.0,1.0,1.0,0.8628899551470399,2.543961412569315,5.702746974656783,4.376260039779544,6.321172888650222,1.128171090909654,0.9669838461896731,9.353287843856009,9.575095561570244,0.10199916795512147,4.600157644164547,5.634607446765243
COL,2018,0.538,0.383,-0.340439766645432,-0.139370113611221,-0.806941986083984,0.224889174103737,0.172213315963745,46.1441277689144,0.416909240913085,76.333,1.0,1.0,1.0,0.9745596399981308,2.552565298261815,5.713248396391852,4.373490303651595,6.349628382098134,1.1568811967920856,0.9555114450274365,9.363401916053224,9.63170540033301,0.10199916795512147,4.600157644164547,5.702746974656783
COL,2019,0.515,0.388,-0.283615678548813,0.0327151045203209,-0.979486107826233,0.317910939455032,0.204583406448364,46.8038319285223,0.406086197469698,69.485,1.0,1.0,1.0,0.9745596399981308,2.559550192783766,5.670755941172968,4.383151002335591,6.353910804929917,0.9122827104766162,0.9516578757114464,9.349830625273293,9.691691307525236,0.10199916795512147,4.609162207257629,5.713248396391852
COL,2020,0.497,0.398,-0.252498596906662,0.00847531855106354,-0.701150059700012,0.225666418671608,0.143006011843681,46.9771373786387,0.406469207944245,65.325,1.0,1.0,1.0,0.9745596399981308,2.561867690924129,5.699392346583276,4.379523504455763,6.251543509954098,0.9122827104766162,0.9400072584914712,9.232922466305945,9.64989833549253,0.10199916795512147,4.612145799724517,5.670755941172968
COL,2021,0.502,0.392,-0.365944802761078,-0.0478276498615742,-0.954574346542358,0.20214469730854,0.0940301716327667,46.7463310624448,0.405245079808042,75.071,1.0,1.0,1.0,0.9745596399981308,2.5610957881455465,5.735630337368904,4.448282430450947,6.340032971827677,0.9042181506398859,0.9745596399981308,9.310604533253064,9.763310709039098,0.10199916795512147,4.61512051684126,5.699392346583276
COL,2022,0.559,0.381,-0.362088114023209,0.01379637978971,-0.62995833158493,0.140449166297913,0.168687179684639,46.820482091427,0.404659524763037,74.354,0.0,1.0,1.0,0.9745596399981308,2.6518325211039815,5.72609830612097,4.434263234009391,6.442901566123628,0.9082585601768908,0.9593502213346021,9.402954610255565,9.937731608299954,0.0,4.61512051684126,5.735630337368904
COM,2003,0.167,0.71,-0.693807721138,-1.22532165050507,-0.673140525817871,-1.26821637153625,-0.574106872081757,36.7064164708381,0.549340812045842,0.0,0.0,0.0,0.0,0.0,0.0,-1.022385802203031,0.039220713153281295,0.45805755822733496,0.009950330853168083,0.06765864847381481,6.9274902569313275,7.5756555007467705,0.0,3.8607297110405954,-1.0452669093249205
COM,2004,0.233,0.71,-0.864246010780334,-1.31157219409943,-0.163161784410477,-1.41038632392883,-0.518591582775116,35.9942521295888,0.551020088469342,0.0,0.0,0.0,0.0,0.0,0.0,-1.0008299639810545,0.039220713153281295,0.4922542381805553,0.019802627296179712,0.06765864847381481,7.0001730981230565,7.613745950051082,0.0,3.906004933102583,-1.022385802203031
COM,2005,0.264,0.678,-0.887240290641785,-1.61003684997559,-0.43626394867897,-1.54902243614197,-0.630450963973999,37.4956328310668,0.54017428692085,0.0,0.0,0.0,0.0,0.0,0.0,-0.9916274446593806,0.04879016416943201,0.47685510419483734,0.019802627296179712,0.07696104113612832,6.93898259139871,7.679284692051701,0.0,3.9512437185814275,-1.0008299639810545
COM,2006,0.257,0.703,-0.700171768665314,-1.59931635856628,-0.360273152589798,-1.4848827123642,-0.221685230731964,36.1904416599106,0.530642782569045,0.0,0.0,0.0,0.0,0.0,0.0,-0.9725246286509158,0.04879016416943201,0.5382462193419828,0.019802627296179712,0.07696104113612832,7.072787397772438,7.671789847747665,0.0,3.9926809084456005,-0.9916274446593806
COM,2007,0.258,0.703,-0.691559910774231,-1.76499831676483,-1.0954577922821,-1.43888223171234,-0.388406991958618,36.7079414262519,0.521698474470598,0.0,0.0,0.0,0.0,0.0,0.0,-0.9839168306391235,0.04879016416943201,0.38390093019232385,0.009950330853168083,0.07696104113612832,6.632232317354166,7.686588369019102,0.0,4.034240638152395,-0.9725246286509158
COM,2008,0.257,0.703,-0.77248740196228,-1.75261247158051,-1.10721170902252,-1.46228051185608,-0.287370532751083,35.6897628919271,0.534115203339627,0.0,0.0,0.0,0.0,0.0,0.0,-0.9740794327680624,0.039220713153281295,0.39001300354924273,0.019802627296179712,0.058268908123975775,6.632078190813337,7.724666917440375,0.0,4.074141854904581,-0.9839168306391235
COM,2009,0.254,0.703,-0.812594294548035,-1.72881937026978,-0.765267729759216,-1.5387270450592,-0.341993927955627,35.6922278031647,0.52916842455248,0.0,0.0,0.0,0.0,0.0,0.0,-0.9531735213439949,0.04879016416943201,0.4599532933922341,0.019802627296179712,0.07696104113612832,6.814301375230878,7.742813321298109,0.0,4.11251186617755,-0.9740794327680624
COM,2010,0.256,0.704,-0.786249220371246,-1.75022375583649,-0.562939286231995,-1.39589881896973,-0.42228689789772,35.6191072337156,0.529671261281742,0.0,0.0,0.0,0.0,0.0,0.0,-0.926224362528929,0.058268908123975775,0.5276827408324136,0.019802627296179712,0.08617769624105233,6.968799577427896,7.77208400446633,0.0,4.258445572902527,-0.9531735213439949
COM,2011,0.273,0.704,-0.80391651391983,-1.80939316749573,-0.552736103534698,-1.3619624376297,-0.373951971530914,35.216962877625,0.538135898444988,0.0,0.0,0.0,0.0,0.0,0.0,-0.9126770879374527,0.058268908123975775,0.4848922417394862,0.019802627296179712,0.08617769624105233,6.840333672411671,7.813101233620452,0.0,4.252771798816619,-0.926224362528929
COM,2012,0.273,0.705,-0.781551659107208,-1.6018477678299,-0.452308028936386,-1.38660228252411,-0.466148853302002,35.315479660893,0.537610143339975,0.0,0.0,0.0,0.0,0.0,0.0,-0.890982382248421,0.058268908123975775,0.5025918188388871,0.019802627296179712,0.08617769624105233,6.865510397638386,7.893461107723797,0.0,4.252771798816619,-0.9126770879374527
COM,2013,0.296,0.671,-0.732214689254761,-1.6100869178772,-0.256929188966751,-1.2163941860199,-0.460575550794601,36.0046046839962,0.534502061518601,0.0,0.0,0.0,0.0,0.0,0.0,-0.8578302599723773,0.058268908123975775,0.5777363290486176,0.019802627296179712,0.08617769624105233,7.024491544743804,7.949278992129709,0.0,4.254193263163997,-0.890982382248421
COM,2014,0.297,0.671,-0.586699247360229,-1.73866128921509,-0.186910167336464,-1.1232727766037,-0.292148411273956,36.7927029171149,0.538197220685965,0.0,0.0,0.0,0.0,0.0,0.0,-0.8456611343044531,0.04879016416943201,0.5294510878891555,0.019802627296179712,0.06765864847381481,6.889439565681233,7.985692615832575,0.0,4.28771595520264,-0.8578302599723773
COM,2015,0.252,0.701,-0.769919633865356,-1.6414749622345,-0.244471609592438,-1.09154379367828,-0.291831433773041,36.6359857547861,0.524286160772053,0.0,0.0,0.0,0.0,0.0,0.0,-0.8447369939117242,0.04879016416943201,0.5613286059390974,0.019802627296179712,0.06765864847381481,6.94472056595754,7.989720918630836,0.0,4.318820558770089,-0.8456611343044531
COM,2016,0.253,0.701,-0.70679372549057,-1.6781952381134,0.0220019221305847,-1.09867775440216,-0.291283309459686,37.1602073975425,0.526297371464751,0.0,0.0,0.0,0.0,0.0,0.0,-0.8361661789869668,0.058268908123975775,0.6333971761541713,0.019802627296179712,0.07696104113612832,7.083940547207731,8.051994514246426,0.0,4.3489867805956814,-0.8447369939117242
COM,2017,0.194,0.741,-0.710437715053558,-1.67703437805176,0.0224080048501492,-1.09925413131714,-0.336461782455444,37.0995196039013,0.526558916744108,0.0,0.0,0.0,0.0,0.0,0.0,-0.8143857785006375,0.08617769624105233,0.7589349210979484,0.019802627296179712,0.11332868530700317,7.3148503912447715,8.116254781326116,0.0,4.378269585796169,-0.8361661789869668
COM,2018,0.171,0.767,-0.852027416229248,-1.71606528759003,-0.361612617969513,-1.18982172012329,-0.494857579469681,36.660207442975,0.524422172197416,0.0,0.0,0.0,0.0,0.0,0.0,-0.8429451001224099,0.09531017980432487,0.6010318916521397,0.019802627296179712,0.12221763272424921,6.974725840310991,8.094686507087564,0.0,4.406719247264253,-0.8143857785006375
COM,2019,0.12,0.803,-1.058385014534,-1.75331044197083,-0.176797673106194,-1.19900012016296,-0.707425773143768,35.3388400220974,0.533642172827941,0.0,0.0,0.0,0.0,0.0,0.0,-0.8363090874259407,0.10436001532424277,0.6460555730260948,0.019802627296179712,0.1310282624064041,7.052081571453583,8.099874916508272,0.0,4.4343818650078095,-0.8429451001224099
COM,2020,0.112,0.848,-1.20917761325836,-1.64305281639099,-0.287384897470474,-1.25821113586426,-0.762464702129364,35.2588078266954,0.526176290338831,0.0,0.0,0.0,0.0,0.0,0.0,-0.9379577537940356,0.12221763272424921,0.7280315824134471,0.019802627296179712,0.14842000511827327,7.197103712283177,8.08514385827449,0.0,4.461299815568389,-0.8363090874259407
COM,2021,0.11,0.836,-1.31024062633514,-1.81384289264679,-0.22799064218998,-1.27106618881226,-0.725413262844086,34.5299383896774,0.535308039212519,0.0,0.0,0.0,1.0,0.0,0.0,-0.8171655827771656,0.12221763272424921,0.9589670061545914,0.019802627296179712,0.14842000511827327,7.58454540942134,8.12530110709759,0.0,4.487512142519859,-0.9379577537940356
COM,2022,0.111,0.793,-1.24499189853668,-1.68305671215057,-0.226411357522011,-1.20053803920746,-0.851324260234833,34.513754907293,0.541243954148802,0.0,0.0,0.0,0.0,0.0,0.0,-0.7977315001536226,0.1310282624064041,1.0024684281152074,0.019802627296179712,0.15700374880966475,7.6349071892280636,8.200461008656065,0.0,4.509760001183433,-0.8171655827771656
CPV,2003,0.682,0.204,0.47895535826683,-0.283033072948456,0.918948590755463,-0.282602161169052,0.59484726190567,47.4714053754463,0.428243170121325,0.0,0.0,0.0,0.0,0.0,0.0,0.4104927314534682,0.173953307123438,0.9681238805141723,0.07696104113612832,0.33647223662121295,8.146330649215852,8.175396682153973,0.0,4.169761201506855,0.4533084563678973
CPV,2004,0.682,0.204,0.338964372873306,-0.347504287958145,1.03930127620697,-0.462027728557587,0.649413287639618,47.0102044997219,0.429509581503168,4.545,0.0,0.0,0.0,0.0,0.0,0.43214393268403645,0.1988508587451652,1.0242478733792473,0.07696104113612832,0.3784364357202451,8.222644396899119,8.28643495106552,0.0,4.1956970564823886,0.4104927314534682
CPV,2005,0.684,0.204,0.590595901012421,-0.235938340425491,0.754638612270355,-0.365165054798126,0.441597372293472,49.0681285422763,0.43086624987396,4.167,0.0,0.0,0.0,0.0,0.0,0.5649535135660393,0.2151113796169455,1.332366019094335,0.07696104113612832,0.4054651081081644,8.657444057726869,8.372214198513758,0.0,4.219507705176107,0.43214393268403645
CPV,2006,0.693,0.204,0.838406205177307,-0.0304500982165337,0.962325036525726,-0.287643551826477,0.782895863056183,47.6851661551376,0.43443497665522,4.0,0.0,0.0,0.0,0.0,0.0,0.59232962225805,0.22314355131420976,1.3772536164677416,0.06765864847381481,0.412109650826833,8.706294050060361,8.467872066803178,0.0,4.2456340097683265,0.5649535135660393
CPV,2007,0.698,0.204,0.91870528459549,0.285852700471878,0.877260088920593,-0.326841533184052,0.863329768180847,48.5431776946628,0.42661670143738,3.704,0.0,0.0,0.0,0.0,0.0,0.637578204729856,0.23901690047049992,1.4597771378796942,0.06765864847381481,0.43178241642553783,8.804081649039059,8.624749802273646,0.0,4.269697449699962,0.59232962225805
CPV,2008,0.703,0.204,0.900168597698212,-0.0291452296078205,0.81338632106781,-0.188693180680275,0.937762975692749,48.6930817770994,0.427952147941564,3.448,0.0,0.0,0.0,0.0,0.0,0.6232335242139297,0.2546422183735807,1.470405703738543,0.08617769624105233,0.4574248470388754,8.807719016567711,8.701488028091331,0.0,4.294560608892605,0.637578204729856
CPV,2009,0.703,0.204,0.892971932888031,-0.083322748541832,0.818449318408966,-0.0558004304766655,0.891080617904663,48.9576757997528,0.423688902633523,3.226,0.0,0.0,0.0,0.0,0.0,0.6169096424150744,0.27002713721306015,1.428395537138526,0.07696104113612832,0.4762341789963716,8.743261262151663,8.682989092871157,0.0,4.318820558770089,0.6232335242139297
CPV,2010,0.699,0.204,0.877152562141418,-0.100744239985943,0.840972781181335,-0.146439358592033,0.894677519798279,48.9214726567351,0.423043214012607,0.0,0.0,0.0,1.0,0.0,0.0,0.6407185996007523,0.29266961396282,1.4822861267736167,0.08617769624105233,0.5128236264286637,8.806244476069025,8.706090622438229,0.0,4.407938016458383,0.6169096424150744
CPV,2011,0.706,0.184,0.924242794513702,0.0792631283402443,0.722605228424072,0.00015922928287182,0.970096409320831,49.9708609778693,0.419562413325763,8.108,0.0,0.0,0.0,0.0,0.0,0.7069330041479862,0.31481073984003355,1.6118350370338217,0.09531017980432487,0.5423242908253616,8.967679337708281,8.761742545571996,0.0,4.422448549172797,0.6407185996007523
CPV,2012,0.707,0.206,0.885680317878723,0.0534557551145554,0.809086382389069,0.0197162088006735,0.938719630241394,49.4921859330322,0.432133920446295,18.421,0.0,0.0,0.0,0.0,0.0,0.6470188842721907,0.32208349916911333,1.5071836783953438,0.11332868530700317,0.5538851132264376,8.834170196347543,8.751325913957878,0.0,4.4331949212482815,0.7069330041479862
CPV,2013,0.718,0.197,0.851966083049774,0.0416815020143986,0.777999877929688,-0.115504145622253,0.916036486625671,49.4095319316475,0.436539514929418,21.951,0.0,0.0,0.0,0.0,0.0,0.6425403866893776,0.3435897043900769,1.4893021111941198,0.10436001532424277,0.5877866649021191,8.810696487620172,8.75908469848352,0.0,4.446174454497633,0.6470188842721907
CPV,2014,0.717,0.206,0.970862925052643,0.0374637916684151,0.350779145956039,-0.241273880004883,0.955249071121216,51.154084438259,0.433160579856254,20.93,0.0,0.0,0.0,0.0,0.0,0.6695586995726258,0.3576744442718159,1.5484132105963258,0.10436001532424277,0.6097655716208943,8.8860665117167,8.76683580255751,0.0,4.457829598089382,0.6425403866893776
CPV,2015,0.718,0.203,0.929722607135773,0.16827255487442,0.855819821357727,-0.162442341446877,0.942328155040741,51.5181914304608,0.419215515468014,20.93,0.0,0.0,1.0,0.0,0.0,0.6825234706914504,0.3576744442718159,1.541373181519971,0.13976194237515868,0.6097655716208943,8.877087407931924,8.820918893756115,0.0,4.470495282661489,0.6695586995726258
CPV,2016,0.718,0.203,0.844147324562073,0.113703817129135,0.871190190315247,-0.194087252020836,0.973954975605011,51.3030766460941,0.419795101962444,20.0,0.0,0.0,0.0,0.0,0.0,0.7018539553949688,0.37156355643248307,1.578359956863239,0.1310282624064041,0.6312717768418579,8.923422940445342,8.902694147052081,0.0,4.483002552013883,0.6825234706914504
CPV,2017,0.706,0.202,0.796454071998596,0.14313443005085,0.762865543365479,-0.0798579379916191,0.963748395442963,50.8974457229994,0.423352194359674,18.605,0.0,0.0,0.0,0.0,0.0,0.7198073834465903,0.3576744442718159,1.6300245460424887,0.1310282624064041,0.6097655716208943,8.987428793754134,8.97926063261553,0.0,4.4953553199808844,0.7018539553949688
CPV,2018,0.7,0.208,0.755423963069916,0.340908616781235,0.833261907100677,-0.0363074876368046,0.974645018577576,50.5466622275255,0.425442579510421,20.93,0.0,0.0,0.0,0.0,0.0,0.6688658350002937,0.3576744442718159,1.479101410706097,0.1310282624064041,0.6097655716208943,8.794961585343145,8.976820819823486,0.0,4.513054897080286,0.7198073834465903
CPV,2019,0.707,0.208,0.851012945175171,0.278803288936615,0.859627425670624,-0.0247740764170885,0.949219763278961,51.0772842220877,0.418785405625635,18.182,0.0,0.0,0.0,0.0,0.0,0.6890971657935487,0.36464311358790924,1.5277939233935902,0.12221763272424921,0.6205764877251099,8.856250512397237,9.064939554876238,0.0,4.526126978647638,0.6688658350002937
CPV,2020,0.698,0.262,0.846103608608246,0.199302867054939,0.874232292175293,0.160896986722946,0.912386834621429,50.9667233486358,0.426105779833532,16.667,0.0,0.0,0.0,0.0,0.0,0.5795263006921881,0.35065687161316933,1.3053554186145386,0.1310282624064041,0.598836501088704,8.56130787109406,8.832525940869273,0.0,4.550714000192032,0.6890971657935487
CPV,2021,0.679,0.255,1.0163791179657,0.00169475981965661,0.894368469715118,0.26886397600174,0.930763721466064,52.1186741051648,0.416600076835399,18.605,0.0,0.0,1.0,0.0,0.0,0.5953173263490807,0.3576744442718159,1.3357902289461225,0.1310282624064041,0.6043159668533296,8.599019783943715,8.947210312174048,0.0,4.56954300834494,0.5795263006921881
CPV,2022,0.656,0.255,0.959875285625458,0.0208359286189079,0.927069365978241,0.263682216405869,0.946042716503143,51.7165882441028,0.421095793925841,28.0,0.0,0.0,0.0,0.0,0.0,0.615637106054334,0.4054651081081644,1.3822863397223517,0.15700374880966475,0.6729444732424258,8.655456446102425,9.15715827956967,0.0,4.585987366571318,0.5953173263490807
CRI,2003,0.846,0.173,0.516545832157135,0.211418956518173,0.595756590366364,0.623164057731628,0.964284658432007,47.6516293003132,0.414079457627427,97.808,0.0,0.0,0.0,0.0,0.832909122935104,3.127668991015073,2.1065702090680887,3.502067832047117,0.33647223662121295,1.007957920399979,8.958948312110595,9.089752745740839,0.0,4.602165676967792,3.212325036493751
CRI,2004,0.843,0.173,0.284917920827866,0.212290197610855,0.631576538085938,0.546658217906952,0.971273601055145,47.0895593825919,0.410282278960462,99.123,0.0,0.0,0.0,0.0,0.832909122935104,3.0274472775780814,2.167910189667444,3.503362798423441,0.33647223662121295,1.0438040521731147,8.945580500331818,9.144876383110088,0.0,4.605170185988092,3.127668991015073
CRI,2005,0.841,0.173,0.365192472934723,0.149778127670288,0.708228170871735,0.594156503677368,0.816958487033844,47.6973436462636,0.408830338100747,96.703,0.0,0.0,0.0,0.0,0.832909122935104,2.9232784984441733,2.2192034840549946,3.5622953020044834,0.33647223662121295,1.0715836162801904,8.991828701918475,9.200282883922679,0.0,4.6061696863211745,3.0274472775780814
CRI,2006,0.851,0.187,0.378651320934296,0.0309586375951767,0.736050128936768,0.382123380899429,0.915722608566284,46.89730602606,0.407220569463191,93.852,0.0,1.0,0.0,0.0,0.8796267475025636,2.936324617429422,2.2731562823032334,3.6170074418761415,0.35065687161316933,1.1052568313867783,9.034098536167473,9.28734876411143,0.0,4.6061696863211745,2.9232784984441733
CRI,2007,0.855,0.187,0.457115024328232,0.211472004652023,0.582772672176361,0.450156897306442,0.935347318649292,47.2734327842907,0.407681699086654,91.982,0.0,0.0,0.0,0.0,0.9162907318741551,2.9771384252109723,2.316487998163037,3.686777246022066,0.35065687161316933,1.128171090909654,9.092158906957362,9.379483909793043,0.0,4.607168188650764,2.936324617429422
CRI,2008,0.855,0.187,0.493208974599838,0.270571917295456,0.359765231609344,0.566187620162964,0.96675968170166,47.9665126815774,0.407117692499844,92.766,0.0,1.0,1.0,0.0,0.924258901523332,2.9697800365917795,2.3350522831315472,3.6837412762578126,0.48858001481867097,1.1314021114911006,9.075490167243998,9.431295314876749,0.0,4.60816569496789,2.9771384252109723
CRI,2009,0.855,0.187,0.715470135211945,0.32113441824913,0.587060391902924,0.51818436384201,1.00583362579346,48.7864433864958,0.407894698227657,95.13,0.0,1.0,1.0,0.0,0.9202827531436926,2.943792014330553,2.3282528397426234,3.650320521935313,0.5068176023684519,1.1184149159642893,9.027845720202157,9.415308579521266,0.0,4.609162207257629,2.9697800365917795
CRI,2010,0.859,0.187,0.66439163684845,0.298928886651993,0.691537201404572,0.586027026176453,1.03988945484161,50.1434381623362,0.388278190614311,93.27,0.0,0.0,1.0,0.0,0.9360933591703348,2.9349831722821382,2.355177543113216,3.670180717306394,0.5423242908253616,1.128171090909654,9.035826376696514,9.467194451915493,0.0,4.605170185988092,2.943792014330553
CRI,2011,0.861,0.184,0.593173563480377,0.283398628234863,0.508276045322418,0.596260905265808,1.0538626909256,49.9038319238424,0.387322141849888,91.179,0.0,1.0,1.0,0.0,0.9707789171582247,2.9201362352474853,2.3711778844596574,3.6785260420344446,0.4762341789963716,1.1346227261911428,9.032612846442442,9.518946530881069,0.0,4.607168188650764,2.9349831722821382
CRI,2012,0.859,0.187,0.570753693580627,0.47439906001091,0.638402462005615,0.743631064891815,1.08821976184845,50.2959309910819,0.38627763628463,91.79,0.0,1.0,1.0,0.0,0.9932517730102834,2.9581147943395885,2.4096441652874536,3.6896041914283932,0.4762341789963716,1.1537315878891892,9.032332219065788,9.579469273578917,0.0,4.61015772749913,2.9201362352474853
CRI,2013,0.854,0.187,0.577441453933716,0.455911159515381,0.677918016910553,0.747273743152618,1.07845854759216,50.947033414223,0.38599546965765,88.224,0.0,1.0,1.0,0.0,1.0043016091968684,3.008417675136897,2.419478844465545,3.710322891407588,0.4700036292457356,1.1537315878891892,9.042422778232703,9.63122447097976,0.0,4.611152257665639,2.9581147943395885
CRI,2014,0.856,0.179,0.725378334522247,0.362441927194595,0.577418208122253,0.656426250934601,1.13833606243134,52.6761123607964,0.385472598247927,89.774,0.0,1.0,1.0,0.0,1.0402767116551463,2.6611549394630107,2.4309783077624445,3.7335659717363425,0.4700036292457356,1.1568811967920856,9.055487278847785,9.704720072427637,0.0,4.609162207257629,3.008417675136897
CRI,2015,0.854,0.182,0.687055706977844,0.306554466485977,0.669974029064178,0.664466142654419,1.15161108970642,52.9340100695201,0.383416272700676,98.979,0.0,1.0,1.0,0.0,1.0784095813505903,2.7611733216307135,2.4561641809223462,3.741424464777703,0.4700036292457356,1.1662709371419244,9.052925804792205,9.77144878610579,0.0,4.609162207257629,2.6611549394630107
CRI,2016,0.855,0.187,0.678310811519623,0.28387451171875,0.648553013801575,0.526479542255402,1.11790990829468,52.7483695987833,0.383451806917013,98.25,0.0,1.0,0.0,0.0,1.2029723039923526,2.6760623637815186,2.488234439880675,3.7957588157410322,0.4510756193602167,1.184789984909162,9.098434258334125,9.862808533385012,0.0,4.61015772749913,2.7611733216307135
CRI,2017,0.852,0.201,0.432391852140427,0.222521707415581,0.597007215023041,0.43350425362587,1.12175965309143,51.9639117395856,0.38337589719052,99.645,0.0,1.0,1.0,0.0,1.2029723039923526,2.5986548316215603,2.4915511925066687,3.82677008145338,0.4510756193602167,1.1817271953786161,9.12069286891189,9.928196955867378,0.0,4.611152257665639,2.6760623637815186
CRI,2018,0.836,0.196,0.50113844871521,0.352706402540207,0.453386008739471,0.476172715425491,1.11900758743286,52.3513908860922,0.381847074181903,98.601,0.0,1.0,1.0,0.0,1.2149127443642704,2.633685304150395,2.501435951739211,3.852888522802622,0.4510756193602167,1.1817271953786161,9.138331671731558,9.975763332861332,0.0,4.612145799724517,2.5986548316215603
CRI,2019,0.843,0.19,0.626857101917267,0.347661405801773,0.430319964885712,0.544661998748779,1.09427237510681,52.7535300027115,0.38113506063617,99.124,0.0,1.0,1.0,0.0,1.205970806988609,2.6231915953427096,2.5209170873110334,3.856023919308044,0.3852624007906449,1.1908875647772805,9.133162415315583,10.057950003691028,0.0,4.612145799724517,2.633685304150395
CRI,2020,0.848,0.19,0.661411285400391,0.196500390768051,0.746818065643311,0.477579593658447,1.12029850482941,52.8793285424634,0.377877502488867,99.829,0.0,1.0,1.0,0.0,1.2029723039923526,2.507512005150078,2.502255288122613,3.726391978373708,0.3852624007906449,1.172482137234565,8.993616420864427,10.003372154279663,0.0,4.6141299273595635,2.6231915953427096
CRI,2021,0.844,0.19,0.47030770778656,0.222867384552956,0.860422551631927,0.438738018274307,1.08030879497528,52.1753534579119,0.37827616122363,100.0,0.0,1.0,0.0,0.0,1.2178757094949273,2.591851336483171,2.543961412569315,3.8333909689566203,0.3576744442718159,1.199964782928397,9.098022823298198,10.079704065667299,0.0,4.61512051684126,2.507512005150078
CRI,2022,0.809,0.19,0.465857774019241,0.0526026673614979,0.956596434116364,0.567061722278595,1.07340776920319,52.3092009444679,0.375485626502588,100.0,0.0,1.0,0.0,0.0,1.2029723039923526,2.6109326008443303,2.543175557911976,3.8591073430815306,0.32208349916911333,1.1969481893889715,9.119993146315954,10.162991591179598,0.0,4.61512051684126,2.591851336483171
CYP,2003,0.666,0.184,1.19230818748474,1.1232738494873,0.532275915145874,1.18172955513,0.99446302652359,55.7597933924414,0.359822052516182,0.0,0.0,0.0,0.0,0.0,0.0,2.2980213200041106,1.6193882432872684,3.499170678885964,0.6729444732424258,1.6193882432872684,10.37667806701436,10.09749519889388,0.0,4.61512051684126,2.2286392789705065
CYP,2004,0.703,0.138,0.873254597187042,1.10752463340759,0.380177587270737,1.21912789344788,0.950031280517578,54.6198153853569,0.360412129220688,0.0,0.0,0.0,0.0,0.0,0.0,2.293344286437165,1.6486586255873816,3.4728356399149494,0.6729444732424258,1.635105659182678,10.331397513141297,10.163792682214002,0.0,4.61512051684126,2.2980213200041106
CYP,2005,0.704,0.138,0.89903998374939,1.15242898464203,0.517519235610962,1.22012770175934,0.955872654914856,55.8864353276271,0.362226468043202,0.0,0.0,0.0,0.0,0.0,0.0,2.3037524088992645,1.682688374173693,3.583324475104894,0.7371640659767197,1.6544112780768316,10.427409069534024,10.231502812561512,0.2191085761020307,4.61512051684126,2.293344286437165
CYP,2006,0.714,0.142,1.08556258678436,1.26175379753113,0.53966498374939,1.27664840221405,1.05206739902496,60.0753551842132,0.359803458334974,0.0,0.0,0.0,0.0,0.0,0.0,2.3153130577961027,1.7316555451583495,3.5670507457488028,0.7371640659767197,1.6882490928583902,10.393194723286856,10.309492228592989,0.2191085761020307,4.61512051684126,2.3037524088992645
CYP,2007,0.728,0.141,1.07337045669556,1.42116558551788,0.537055730819702,1.33180058002472,1.06665575504303,60.0473293158501,0.361988937750788,0.0,0.0,0.0,0.0,0.0,0.0,2.34913891695479,1.769854633840005,3.583157762128681,0.7371640659767197,1.7119945007591926,10.392547176250444,10.400926670822729,0.2191085761020307,4.61512051684126,2.3153130577961027
CYP,2008,0.726,0.136,1.19312751293182,1.5237752199173,0.639003932476044,1.36799836158752,1.08403408527374,61.1447457141249,0.360948547895392,0.197,0.0,0.0,0.0,0.0,0.0,2.363265176867011,1.803358605071407,3.606991294641252,0.8372475245337022,1.7316555451583495,10.400155568659207,10.458267447617523,0.2191085761020307,4.61512051684126,2.34913891695479
CYP,2009,0.725,0.138,0.905417799949646,1.41438210010529,0.390287488698959,1.36015510559082,1.06802761554718,55.8980121618558,0.35898076069547,0.576,0.0,0.0,1.0,0.0,0.0,2.342252615073956,1.8261608959453874,3.5836300433948387,0.8919980393051105,1.7404661748405044,10.35943824392103,10.430719532683538,0.2191085761020307,4.61512051684126,2.363265176867011
CYP,2010,0.736,0.138,0.969285845756531,1.52651119232178,0.452444821596146,1.42102324962616,1.02339065074921,55.9218995399674,0.358438544800189,1.501,0.0,0.0,0.0,0.0,0.0,2.311171749725838,1.8453002361560848,3.5569467828531107,0.9122827104766162,1.7457155307266483,10.315503755288216,10.419506153799293,0.2191085761020307,4.61512051684126,2.342252615073956
CYP,2011,0.735,0.133,0.859248042106628,1.55788862705231,0.607984483242035,1.23100304603577,1.0535831451416,55.4563531456024,0.357214159155394,3.455,0.0,0.0,0.0,0.0,0.0,2.285828981337823,1.7783364488959144,3.5474598886404074,0.9122827104766162,1.665818245870208,10.289325230000284,10.416524128781885,0.2191085761020307,4.61512051684126,2.311171749725838
CYP,2012,0.733,0.133,1.24330234527588,1.38360106945038,0.635126054286957,1.12454509735107,1.02202355861664,56.945814949525,0.356690387995385,5.508,0.0,0.0,0.0,0.0,0.0,2.2308873749254152,1.7439688053917064,3.4844656508451655,0.9969486348916095,1.6193882432872684,10.208039500085043,10.371144313829411,0.2324956568844901,4.61512051684126,2.285828981337823
CYP,2013,0.733,0.139,1.23852777481079,1.35990357398987,0.563347160816193,0.910857200622559,0.980770349502563,57.3027074947098,0.358753712587886,7.692,0.0,1.0,0.0,0.0,0.0,2.1547518687845124,1.665818245870208,3.37683638074922,0.9969486348916095,1.5303947050936475,10.081084088982347,10.322753795246111,0.2324956568844901,4.61512051684126,2.2308873749254152
CYP,2014,0.732,0.143,1.07067537307739,1.13519954681396,0.551882088184357,1.09409928321838,1.0199453830719,57.4581779152689,0.358045179273661,7.143,0.0,0.0,0.0,0.0,0.0,2.2015492418039417,1.6752256529721035,3.3773827168961152,0.9969486348916095,1.5282278570085572,10.066636143755348,10.30540614480997,0.2324956568844901,4.61512051684126,2.1547518687845124
CYP,2015,0.74,0.143,0.971173226833344,1.0175507068634,0.542449116706848,1.04765045642853,1.0316162109375,57.2944573528662,0.357181523540881,8.811,0.0,0.0,0.0,0.0,0.0,2.209267555457008,1.7119945007591926,3.4073119826620095,1.0473189942805592,1.551808799597464,10.082989721923303,10.35423239217486,0.2324956568844901,4.61512051684126,2.2015492418039417
CYP,2016,0.739,0.14,0.789454460144043,0.926266729831696,0.593786835670471,1.04042482376099,1.04651844501495,56.5606678035914,0.35314027746594,8.793,0.0,1.0,0.0,0.0,0.0,2.264314883210898,1.7732559976634952,3.488505936712233,1.0473189942805592,1.599387576580599,10.152494309078508,10.470139244630506,0.2324956568844901,4.61512051684126,2.209267555457008
CYP,2017,0.733,0.146,0.746647298336029,0.88537871837616,0.530974149703979,1.0184805393219,1.05625879764557,56.9474290502193,0.35422872956012,8.6,0.0,0.0,0.0,0.0,0.0,2.2746332118004804,1.791759469228055,3.5144070122633804,1.0473189942805592,1.6074359097634274,10.165416683885395,10.539234941321668,0.2324956568844901,4.61512051684126,2.264314883210898
CYP,2018,0.723,0.146,0.607749342918396,0.883620500564575,0.48454225063324,0.862575232982635,1.01570796966553,56.5182040437222,0.354691649363559,9.486,0.0,1.0,0.0,0.0,0.0,2.2649034683511235,1.801709800081223,3.510410466635472,1.0473189942805592,1.6054298910365616,10.148267225738149,10.60317608469809,0.2324956568844901,4.61512051684126,2.2746332118004804
CYP,2019,0.715,0.154,0.598950326442719,0.955758094787598,0.54459822177887,0.999724805355072,1.04663980007172,56.6520179444501,0.355346793614322,10.097,0.0,1.0,0.0,0.0,0.0,2.2698669617303473,1.8164520818184267,3.511336461772956,1.0473189942805592,1.6094379124341003,10.136778207421692,10.700862419845457,0.2324956568844901,4.61512051684126,2.2649034683511235
CYP,2020,0.693,0.202,0.349943220615387,0.839448511600494,0.288777649402618,0.993247628211975,0.90229332447052,55.9885891420146,0.355975378021274,12.371,0.0,1.0,0.0,0.0,0.0,2.231361710379708,1.766441661243765,3.3769388415153747,1.0473189942805592,1.551808799597464,9.985909120783553,10.658907444595721,0.2324956568844901,4.61512051684126,2.2698669617303473
CYP,2021,0.657,0.202,0.369423598051071,0.697915256023407,0.422150671482086,0.845392525196075,0.855743706226349,56.0633359903442,0.358072970017657,15.234,0.0,1.0,0.0,0.0,0.0,2.2525136100349537,1.8115620965242347,3.4288773974354645,1.0473189942805592,1.5871923034867808,10.028123100453993,10.77129518246742,0.2324956568844901,4.61512051684126,2.231361710379708
CYP,2022,0.651,0.202,0.421445220708847,0.730335235595703,0.423811227083206,0.773753821849823,0.850350379943848,56.2598849459747,0.358874739587076,16.73,0.0,1.0,0.0,0.0,0.0,2.277748676115765,1.8341801851120072,3.486579654604317,1.0473189942805592,1.599387576580599,10.077093908722746,10.912392788689358,0.0,4.61512051684126,2.2525136100349537
CZE,2003,0.822,0.261,0.489982098340988,0.854176342487335,0.887058138847351,1.13681435585022,1.01417517662048,58.5933880969969,0.25951881439065,2.259,0.0,0.0,0.0,2.2874714551839976,0.6931471805599453,4.98899695601025,4.213312081286144,6.2452342919639525,0.0,2.0149030205422647,10.823897209977726,9.883671983901369,0.0,4.61512051684126,4.964927267626489
CZE,2004,0.822,0.261,0.384490489959717,0.864507555961609,0.653875827789307,0.999590992927551,0.954461276531219,58.3763039544963,0.258866636696629,3.27,0.0,0.0,1.0,2.2945529212967815,0.6981347220709844,4.9962479424163355,4.235120483100881,6.270657564273214,0.0,2.0320878452963655,10.848144181248257,9.951893491595722,0.0,4.61512051684126,4.98899695601025
CZE,2005,0.823,0.261,0.480226010084152,0.913030743598938,0.936384081840515,1.10902845859528,0.905672550201416,58.630947820123,0.259353966895138,3.82,0.0,0.0,0.0,2.2945529212967815,0.7030975114131134,4.974230590250887,4.252771798816619,6.25504345820887,0.0,2.046401687601636,10.830680518495422,10.004049205934692,0.2191085761020307,4.61512051684126,4.9962479424163355
CZE,2006,0.828,0.261,0.350346773862839,1.08249938488007,1.05372881889343,1.1080676317215,0.962292671203613,58.6229014441647,0.259001722967791,4.208,0.0,1.0,0.0,2.2975725511705014,0.7030975114131134,4.9919580203590925,4.277082698901271,6.273735128819948,0.0,2.065596134857783,10.847033989957557,10.082482445005114,0.2191085761020307,4.61512051684126,4.974230590250887
CZE,2007,0.83,0.261,0.321369081735611,0.845191836357117,1.0154139995575,1.0531712770462,0.995283782482147,59.1207556071379,0.258143652045168,3.897,0.0,0.0,0.0,2.2975725511705014,0.7030975114131134,5.005789040882577,4.28524036598619,6.262836199902075,0.0,2.0706530356467567,10.832922223136109,10.17616633581181,0.2191085761020307,4.61512051684126,4.9919580203590925
CZE,2008,0.83,0.261,0.343739986419678,0.951468646526337,1.04987955093384,1.22245907783508,1.03275871276855,59.4059220765584,0.258904674507893,4.467,0.0,0.0,0.0,2.2945529212967815,0.708035793053696,4.95526952638729,4.2878533084066195,6.24342682104712,0.0,2.0693912058263346,10.809539870265107,10.237773170537732,0.2191085761020307,4.61512051684126,5.005789040882577
CZE,2009,0.821,0.265,0.380892634391785,0.873511850833893,0.90582937002182,1.30928015708923,1.03304421901703,59.4248915722369,0.258889017588574,5.708,0.0,1.0,1.0,2.2945529212967815,0.712949807856125,4.906437893915148,4.23410650459726,6.20215285288816,0.0,2.018895041811802,10.764080567938194,10.229180855082248,0.2191085761020307,4.61512051684126,4.95526952638729
CZE,2010,0.81,0.244,0.384590119123459,0.9017294049263,0.989233732223511,1.29729211330414,1.01486504077911,60.2123679583084,0.256749565862451,6.935,0.0,0.0,1.0,2.2945529212967815,0.7178397931503169,4.924532512804221,4.266475481513779,6.243485114902576,0.019802627296179712,2.0438143640366846,10.801371636681065,10.245586269092945,0.2191085761020307,4.61512051684126,4.906437893915148
CZE,2011,0.814,0.249,0.383604437112808,0.922613501548767,1.10911762714386,1.19579684734344,1.02266430854797,60.5458637107242,0.259054460534571,8.356,0.0,0.0,0.0,2.2945529212967815,0.7178397931503169,4.901963781626243,4.257030144499196,6.220542455243709,0.019802627296179712,2.0320878452963655,10.775380654919681,10.283230911120267,0.2191085761020307,4.61512051684126,4.924532512804221
CZE,2012,0.819,0.236,0.310179650783539,0.921718597412109,1.05410611629486,1.05303382873535,0.970379710197449,60.6722329259043,0.259461054786135,9.321,0.0,1.0,1.0,2.2289385528257473,0.7275486072772778,4.867529321875739,4.255045172913092,6.215483714958118,0.019802627296179712,2.0294631718735947,10.769186470243731,10.29101294868375,0.2324956568844901,4.61512051684126,4.901963781626243
CZE,2013,0.788,0.239,0.299111813306808,0.915809273719788,1.08477854728699,1.07856404781342,0.98448371887207,61.3226548711927,0.259269313459123,10.825,0.0,0.0,0.0,2.2289385528257473,0.7323678937132266,4.8377901176743645,4.2487809155265195,6.19689412836207,0.019802627296179712,2.0241930674493576,10.750195145892876,10.34219426183178,0.2324956568844901,4.61512051684126,4.867529321875739
CZE,2014,0.776,0.23,0.429756611585617,1.03113341331482,0.989990472793579,1.00139343738556,1.0266318321228,62.5223762099836,0.259332548695119,10.791,0.0,1.0,1.0,2.2438960966453663,0.7323678937132266,4.823777831900282,4.243913332544247,6.175736284396531,0.019802627296179712,2.018895041811802,10.728417579153664,10.396489975706631,0.2324956568844901,4.61512051684126,4.8377901176743645
CZE,2015,0.776,0.224,0.46791335940361,1.02559614181519,0.970251083374023,1.08391523361206,1.04274165630341,62.7255525651544,0.259651279330916,11.407,0.0,1.0,0.0,2.2438960966453663,0.7371640659767197,4.836223061432257,4.2623981472183505,6.156377109579271,0.0295588022415444,2.0347056478384444,10.708334726733131,10.43714582573707,0.2324956568844901,4.61512051684126,4.823777831900282
CZE,2016,0.773,0.224,0.555945515632629,1.00811576843262,0.963384211063385,0.973719298839569,1.02528142929077,62.7629617554859,0.258970224148806,11.451,0.0,1.0,0.0,2.278292400425001,0.7371640659767197,4.852308741960148,4.277082698901271,6.142841383385845,0.0295588022415444,2.046401687601636,10.694055797052359,10.503588324789622,0.2324956568844901,4.61512051684126,4.836223061432257
CZE,2017,0.741,0.211,0.568141341209412,1.03059422969818,0.990650773048401,1.22255635261536,0.880147039890289,62.8633267356707,0.259238382898872,11.229,0.0,1.0,0.0,2.278292400425001,0.7371640659767197,4.869420471197585,4.300274132801622,6.197628761887274,0.0295588022415444,2.066862759472976,10.748064084895358,10.580175788844567,0.2324956568844901,4.61512051684126,4.852308741960148
CZE,2018,0.717,0.2,0.509728491306305,0.951154172420502,1.0264128446579,1.26730799674988,0.822354137897491,62.4819601569287,0.258914244528229,10.859,0.0,1.0,0.0,2.278292400425001,0.7371640659767197,4.894651286554156,4.3031186995690085,6.194454369497048,0.0295588022415444,2.0681277817795625,10.744164147790881,10.636796904564799,0.2324956568844901,4.61512051684126,4.869420471197585
CZE,2019,0.712,0.228,0.533485949039459,0.919642746448517,0.941995680332184,1.23532867431641,0.834152519702911,62.5056626961134,0.261474647531148,11.736,0.0,1.0,0.0,2.25758772706331,0.7371640659767197,4.89737839296908,4.298916727950875,6.171502247887087,0.0295588022415444,2.064327903869788,10.720601653508156,10.727992263946735,0.2324956568844901,4.61512051684126,4.894651286554156
CZE,2020,0.719,0.22,0.55544102191925,0.910964906215668,0.912328004837036,1.23466849327087,0.978554964065552,62.2451813508331,0.261930386054076,12.909,0.0,1.0,0.0,2.2027647577118348,0.7371640659767197,4.841734506583882,4.261975403606051,6.094851115813794,0.0295588022415444,2.0320878452963655,10.644234260166954,10.71086663114133,0.2324956568844901,4.61512051684126,4.89737839296908
CZE,2021,0.706,0.163,0.615270674228668,1.06974017620087,0.947537839412689,1.34087228775024,1.00824761390686,62.2798517683173,0.263210322604168,12.718,0.0,1.0,0.0,2.1400661634962708,0.7466879474879752,4.859319151413056,4.2983732496766285,6.147198258992839,0.0295588022415444,2.065596134857783,10.698541087501725,10.774718860923192,0.2324956568844901,4.61512051684126,4.841734506583882
CZE,2022,0.789,0.159,0.663074553012848,1.09341883659363,0.814114570617676,1.38589835166931,1.04114127159119,62.4771872118165,0.263776612923801,12.863,0.0,1.0,0.0,2.1400661634962708,0.7466879474879752,4.822933860778541,4.26549281841793,6.1086651909849685,0.0295588022415444,2.0255131996542803,10.64648060171817,10.853422659291176,0.0,4.61512051684126,4.859319151413056
DEU,2003,0.857,0.011,1.87576138973236,1.35740518569946,0.577859222888947,1.50187790393829,1.41355431079865,67.1354655419887,0.308723565213352,7.752,0.0,0.0,1.0,3.97198858659558,1.7833912195575383,6.961642480735451,6.396529575194807,8.296913285951575,0.9202827531436926,2.115049969147204,10.79636018877801,10.319109490565822,0.0,4.61512051684126,6.9480007021731165
DEU,2004,0.857,0.011,1.84006547927856,1.46714746952057,0.638884365558624,1.46957302093506,1.4960401058197,67.1557671116878,0.308242864524596,9.51,0.0,0.0,1.0,3.970291913552122,1.8229350866965048,6.932500969793396,6.410141986688282,8.296769188774983,0.9202827531436926,2.127040520479115,10.796446482496927,10.365913094460652,0.0,4.61512051684126,6.961642480735451
DEU,2005,0.861,0.011,1.87544226646423,1.5005247592926,0.888915359973907,1.51510655879974,1.48583388328552,67.4157356953554,0.307765033328912,10.342,0.0,1.0,1.0,3.9606226752642084,1.8261608959453874,6.902862900877297,6.413081836886114,8.284916812501999,0.9202827531436926,2.130609828254235,10.785151497401227,10.383278652480998,0.2191085761020307,4.61512051684126,6.932500969793396
DEU,2006,0.869,0.011,1.79364252090454,1.64597606658936,1.02506959438324,1.56890881061554,1.3652309179306,69.097570408179,0.307253801209817,11.514,0.0,1.0,1.0,3.9606226752642084,1.8229350866965048,6.900513919863992,6.420353170159735,8.309772141267159,0.9202827531436926,2.1412419425852827,10.814223344259076,10.455927781204604,0.2191085761020307,4.61512051684126,6.902862900877297
DEU,2007,0.869,0.011,1.72651934623718,1.63131237030029,0.995823800563812,1.61616551876068,1.33647847175598,69.352118101293,0.304534980217415,14.172,0.0,1.0,1.0,3.956805148200039,1.814824742159051,6.8617841274767395,6.4224999313276765,8.267300808691955,0.9202827531436926,2.1471001901536506,10.776692082673067,10.51640915178928,0.2191085761020307,4.61512051684126,6.900513919863992
DEU,2008,0.869,0.011,1.74589586257935,1.51405537128448,0.943830788135529,1.48888456821442,1.33677780628204,69.331880428937,0.305939254919152,14.925,0.0,1.0,1.0,3.956805148200039,1.8180767775454285,6.8549538716688225,6.418674838971664,8.277835396847946,0.9202827531436926,2.145931282948669,10.789541340882906,10.556971926559202,0.2191085761020307,4.61512051684126,6.8617841274767395
DEU,2009,0.863,0.012,1.74621033668518,1.57510924339294,0.859902501106262,1.51645278930664,1.33496069908142,69.1284744903149,0.306769428075324,16.341,0.0,1.0,1.0,3.9573787071489432,1.8468787684491346,6.787308188964367,6.357304860432879,8.214242612986979,0.9202827531436926,2.093097868127322,10.728099259974416,10.53357359207666,0.2191085761020307,4.61512051684126,6.8549538716688225
DEU,2010,0.862,0.012,1.76642882823944,1.51569378376007,0.796834468841553,1.57068610191345,1.29778325557709,70.2095677824154,0.302628007432016,16.887,0.0,1.0,1.0,3.9573787071489432,1.8578592709325787,6.842991774598437,6.4138850958655595,8.255348052179924,0.9516578757114464,2.1447610078004784,10.770504990552496,10.589899345929105,0.2191085761020307,4.61512051684126,6.787308188964367
DEU,2011,0.867,0.012,1.74194991588593,1.50013899803162,0.842218458652496,1.54886770248413,1.34921073913574,70.0069274055526,0.303222802759139,20.567,0.0,1.0,1.0,3.9429401080628677,1.890095369948917,6.804816864552324,6.400639432143224,8.219214288087088,0.9516578757114464,2.1329823086078656,10.734028809069573,10.678199613966326,0.2191085761020307,4.61512051684126,6.842991774598437
DEU,2012,0.867,0.012,1.81763017177582,1.53097581863403,0.775621294975281,1.52908289432526,1.39373803138733,70.3520765937773,0.302375939245874,23.136,0.0,1.0,1.0,3.94138761405805,1.888583653863595,6.8206467167266265,6.397379553996511,8.23294946772935,0.9516578757114464,2.1294214739848565,10.747044094339536,10.697167483148544,0.2324956568844901,4.61512051684126,6.804816864552324
DEU,2013,0.854,0.012,1.79800081253052,1.51041460037231,0.92798388004303,1.54434037208557,1.40613043308258,70.6268199144864,0.301418592001533,24.131,0.0,1.0,0.0,3.94681083091381,1.8855533485144158,6.836331942510408,6.394426524998027,8.260884972033335,1.11514159061932,2.124653884501384,10.773440376002386,10.734002884425312,0.2324956568844901,4.61512051684126,6.8206467167266265
DEU,2014,0.847,0.012,1.81229484081268,1.6648246049881,0.925186455249786,1.69703912734985,1.43629622459412,71.3657868515424,0.301651048791294,26.171,0.0,1.0,1.0,3.9347624923976356,1.884034745337226,6.805239408399276,6.373097921962801,8.219181956363602,1.11514159061932,2.102913897864978,10.727608257162256,10.777701269786691,0.2324956568844901,4.61512051684126,6.836331942510408
DEU,2015,0.847,0.012,1.7758332490921,1.65639758110046,0.687514960765839,1.71191465854645,1.42213714122772,70.9283912335115,0.301074730761147,29.435,0.0,1.0,1.0,3.978933710710773,1.8855533485144158,6.805484349717663,6.383320806808228,8.237971231082156,1.1249295969854831,2.1041341542702074,10.73781922838027,10.790543961439841,0.2324956568844901,4.61512051684126,6.805239408399276
DEU,2016,0.85,0.012,1.78129398822784,1.66018795967102,0.667541146278381,1.8065539598465,1.3646674156189,70.2691681305666,0.299710708297431,29.482,0.0,1.0,1.0,3.966132331075178,1.891604804197771,6.812372275009991,6.3835066348840055,8.253865723216933,1.1249295969854831,2.096790180014449,10.74543619562263,10.8507128715561,0.2324956568844901,4.61512051684126,6.805484349717663
DEU,2017,0.843,0.012,1.79697561264038,1.61311173439026,0.574381291866302,1.77526342868805,1.43248081207275,70.2519272690256,0.300362551691015,33.467,0.0,1.0,1.0,3.9005575273188677,1.891604804197771,6.787095986626648,6.385194398997726,8.28161160748315,1.1249295969854831,2.0943301541735866,10.769041824435355,10.89879745918896,0.2324956568844901,4.61512051684126,6.812372275009991
DEU,2018,0.834,0.013,1.89839863777161,1.52356374263763,0.577865242958069,1.75632679462433,1.44311714172363,70.5563859977297,0.300053060063851,35.258,0.0,1.0,1.0,3.8790865051818813,1.8453002361560848,6.841808208299241,6.370825213130038,8.254896564661264,1.1249295969854831,2.0794415416798357,10.739142727703149,10.937988616543887,0.2324956568844901,4.61512051684126,6.787095986626648
DEU,2019,0.836,0.013,1.86510336399078,1.49534583091736,0.548539876937866,1.71493887901306,1.35402822494507,70.3403059700903,0.300726822629741,40.189,0.0,1.0,1.0,3.8529097409356394,1.8531680973566984,6.7701269756288935,6.342860582092304,8.230764732862099,1.1249295969854831,2.052840859882657,10.712720662815823,10.989887703162507,0.2324956568844901,4.61512051684126,6.841808208299241
DEU,2020,0.824,0.016,1.82534158229828,1.31368815898895,0.645049154758453,1.57793474197388,1.37390911579132,70.1445740003777,0.299449544528448,44.374,0.0,1.0,1.0,3.858411235979497,1.864080130807681,6.7057870655280825,6.307588293191066,8.160493961468317,1.144222799920162,2.0215475632609334,10.641600546129022,10.9799713470717,0.2324956568844901,4.61512051684126,6.7701269756288935
DEU,2021,0.816,0.016,1.7829247713089,1.28911292552948,0.725788176059723,1.62516117095947,1.41956698894501,70.0948932265681,0.299430638931335,40.167,0.0,1.0,1.0,3.7064737625148876,1.8702625307159986,6.720906747175325,6.330166439056464,8.188548003375981,1.0612565021243408,2.0399207835175526,10.668844737390618,11.04342995173047,0.2324956568844901,4.61512051684126,6.7057870655280825
DEU,2022,0.805,0.018,1.81836342811584,1.28929960727692,0.628491878509521,1.52229499816895,1.41448700428009,70.1877115957677,0.301358152542534,44.373,0.0,1.0,1.0,3.6933693593867885,1.8825138324965192,6.718467192161924,6.292716629088463,8.14799732978091,1.0612565021243408,2.004179057179289,10.623644780310546,11.128655959261245,0.0,4.61512051684126,6.720906747175325
DNK,2003,0.883,0.002,2.35876488685608,2.08797860145569,1.20381569862366,1.7327196598053,1.60145223140717,68.9597779576138,0.33527785161041,17.555,1.0,0.0,1.0,1.7561322915849038,0.009950330853168083,4.403057373148683,3.6485781573404106,5.546087186788511,0.5007752879124893,2.0719132752590443,10.76529090488589,10.337509200698957,0.19178447182747646,4.61512051684126,4.336454804825297
DNK,2004,0.883,0.002,2.40682458877563,2.28722190856934,1.08433735370636,1.74865007400513,1.80099177360535,69.444509815312,0.33474061239909,23.683,1.0,0.0,1.0,1.7439688053917064,0.009950330853168083,4.323125364542727,3.647275904258861,5.491628318141593,0.5007752879124893,2.0681277817795625,10.708025940024843,10.404898314088115,0.19178447182747646,4.61512051684126,4.403057373148683
DNK,2005,0.896,0.002,2.27820563316345,2.11490678787231,1.07349538803101,1.64963126182556,1.73960888385773,69.4194485600945,0.334263016848643,27.162,1.0,0.0,0.0,1.7439688053917064,0.009950330853168083,4.269326527315179,3.649358695951653,5.457954397362119,0.5007752879124893,2.0681277817795625,10.671448099258075,10.44113002324713,0.27416835328505806,4.61512051684126,4.323125364542727
DNK,2006,0.897,0.002,2.45911836624146,2.22395443916321,1.0467928647995,1.80342781543732,1.57163619995117,72.8128047528798,0.333902433088021,20.224,1.0,0.0,0.0,1.7439688053917064,0.009950330853168083,4.371092485667862,3.6765538044232993,5.547054587793131,0.5007752879124893,2.089391872533004,10.757620436553285,10.52946094325498,0.27416835328505806,4.61512051684126,4.269326527315179
DNK,2007,0.897,0.002,2.43483400344849,2.34719085693359,1.1181892156601,1.92670845985413,1.47770440578461,72.9090422153738,0.333833987080639,26.316,1.0,1.0,1.0,1.7439688053917064,0.009950330853168083,4.3147263164524805,3.66842161221154,5.498810318942097,0.5007752879124893,2.0781907597781832,10.704745700291829,10.574197874413876,0.27416835328505806,4.61512051684126,4.371092485667862
DNK,2008,0.897,0.002,2.37640881538391,2.2413592338562,1.06538677215576,1.87364733219147,1.53830599784851,72.7633362844503,0.333427905240197,27.686,1.0,1.0,1.0,1.7439688053917064,0.009950330853168083,4.24257158006036,3.6617651616223643,5.463289285006878,0.5007752879124893,2.066862759472976,10.663206529477826,10.632686637315084,0.27416835328505806,4.61512051684126,4.3147263164524805
DNK,2009,0.897,0.002,2.4354944229126,2.22860789299011,1.00118267536163,1.87865126132965,1.53825998306274,72.8025948639438,0.333985558590093,27.779,1.0,1.0,1.0,1.7101878155342436,0.009950330853168083,4.199174888575849,3.6264719939853194,5.401807634382193,0.5007752879124893,2.030776369698555,10.596117224211447,10.609161065747443,0.27416835328505806,4.61512051684126,4.24257158006036
DNK,2010,0.897,0.002,2.35235905647278,2.10007047653198,1.04096102714539,1.87385439872742,1.54195690155029,73.0313119733704,0.333005372344239,32.077,1.0,0.0,1.0,1.6486586255873816,0.009950330853168083,4.1895469412511614,3.653511310276145,5.467963090012321,0.5007752879124893,2.0515563381903004,10.658098532116568,10.669964063403455,0.27416835328505806,4.61512051684126,4.199174888575849
DNK,2011,0.896,0.002,2.39288401603699,2.10107469558716,1.10029304027557,1.89863109588623,1.55170702934265,73.5959556234573,0.332402166204812,40.359,1.0,1.0,1.0,1.6486586255873816,0.009950330853168083,4.0933344157138984,3.6224725219163374,5.402564762918391,0.5007752879124893,2.020222182019865,10.58828118919978,10.702001367385815,0.27416835328505806,4.61512051684126,4.1895469412511614
DNK,2012,0.897,0.002,2.3824622631073,1.98699104785919,0.914910674095154,1.79916131496429,1.67411422729492,74.0291333456952,0.33085988397208,48.544,1.0,1.0,1.0,1.597365331199831,0.009950330853168083,3.998342755782228,3.604954219176175,5.329055085244897,0.5007752879124893,2.0014800002101243,10.51065848381322,10.708984422094808,0.286842794181786,4.61512051684126,4.0933344157138984
DNK,2013,0.896,0.002,2.39937782287598,1.94326293468475,0.959233462810516,1.80028736591339,1.66623783111572,74.1245083441789,0.339468571405337,46.114,1.0,1.0,1.0,1.597365331199831,0.009950330853168083,4.020467173781022,3.6025042383671906,5.359892125076888,0.5007752879124893,1.9960599327407849,10.537462215840305,10.755137214842,0.286842794181786,4.61512051684126,3.998342755782228
DNK,2014,0.896,0.002,2.25215744972229,1.78492867946625,0.951779723167419,1.6811044216156,1.5245566368103,73.8856930180811,0.342695454598012,56.149,1.0,1.0,1.0,1.5325568680981427,0.009950330853168083,3.948653442480367,3.580458705159516,5.320880884956788,0.5007752879124893,1.9712993830601329,10.493204325802363,10.77646559810381,0.286842794181786,4.61512051684126,4.020467173781022
DNK,2015,0.896,0.002,2.18585419654846,1.79474246501923,0.887059271335602,1.72294008731842,1.55306839942932,73.7737551011574,0.341755704355774,65.775,1.0,0.0,0.0,1.5325568680981427,0.009950330853168083,3.8871419939614844,3.574870537502069,5.298192358734886,0.5007752879124893,1.9600947840472698,10.463358879247307,10.797764395795536,0.286842794181786,4.61512051684126,3.948653442480367
DNK,2016,0.894,0.002,2.20300269126892,1.82117700576782,0.852912425994873,1.56364238262177,1.54204452037811,72.9249378813192,0.34206134932845,60.493,1.0,1.0,0.0,1.355835153635182,0.009950330853168083,3.9395996031456795,3.596215769250517,5.311238527636558,0.5007752879124893,1.9726911717329554,10.468675842345341,10.855569124779556,0.286842794181786,4.61512051684126,3.8871419939614844
DNK,2017,0.893,0.002,2.190749168396,1.74683058261871,0.854937553405762,1.61215782165527,1.51810312271118,72.9522621597913,0.340104009039134,70.55,1.0,0.0,0.0,1.355835153635182,0.009950330853168083,3.8913323064450798,3.596215769250517,5.318041559395766,0.5007752879124893,1.9671123567059163,10.469078766287764,10.92003254209936,0.286842794181786,4.61512051684126,3.9395996031456795
DNK,2018,0.893,0.002,2.15699577331543,1.81060206890106,0.931982338428497,1.62839412689209,1.57402217388153,72.5554266949853,0.343344658223717,68.686,1.0,1.0,0.0,1.355835153635182,0.009950330853168083,3.9267415536038492,3.5953926110204724,5.303886828262905,0.5007752879124893,1.9629077254238845,10.449895528640631,10.954914294397327,0.286842794181786,4.61512051684126,3.8913323064450798
DNK,2019,0.889,0.002,2.12164855003357,1.87326776981354,0.967598736286163,1.5476325750351,1.54343402385712,72.0784525778251,0.34787146155068,78.55,1.0,1.0,1.0,1.0367368849500223,0.009950330853168083,3.8305888673254387,3.588506479967149,5.383586393193155,0.5007752879124893,1.9530276168241771,10.526391544574158,11.011983608789167,0.286842794181786,4.61512051684126,3.9267415536038492
DNK,2020,0.886,0.002,2.23648619651794,1.8400673866272,0.920233726501465,1.78572452068329,1.5147852897644,72.5301373897076,0.348777851375636,82.05,1.0,1.0,0.0,0.9400072584914712,0.009950330853168083,3.7768896046406666,3.596215769250517,5.263549922854662,0.5007752879124893,1.9572739077056285,10.40286698791171,11.045850183086111,0.286842794181786,4.61512051684126,3.8305888673254387
DNK,2021,0.887,0.002,2.33337140083313,1.95973408222198,0.928662657737732,1.79559290409088,1.5449755191803,72.7005783328038,0.344978014183676,79.283,1.0,1.0,0.0,0.9400072584914712,0.009950330853168083,3.783775056834352,3.6581624814518756,5.261912684654237,0.5007752879124893,2.0082140323914683,10.396898487011189,11.152187721428163,0.286842794181786,4.61512051684126,3.7768896046406666
DNK,2022,0.89,0.002,2.40263819694519,1.9901350736618,0.86891770362854,1.84312748908997,1.59125435352325,72.8121419233711,0.348060865858898,80.864,0.0,1.0,0.0,0.9400072584914712,0.009950330853168083,3.7306052335289324,3.6251406131469297,5.2741732285179905,0.5007752879124893,1.9726911717329554,10.401377651989346,11.25675930491863,0.0,4.61512051684126,3.783775056834352
DOM,2003,0.347,0.783,-0.728653252124786,-0.555919051170349,-0.419894456863403,-0.39022970199585,0.0232535153627396,40.9724719944438,0.442464037802467,9.591,0.0,0.0,0.0,0.27002713721306015,0.43178241642553783,3.4507919809259464,2.719978771967484,4.38370023342589,1.2178757094949273,0.9477893989335261,9.083944376037815,8.867646813954046,0.0,4.502029427068578,3.5211815873980012
DOM,2004,0.339,0.783,-0.592195391654968,-0.659424364566803,-0.344310492277145,-0.446592062711716,0.0470070876181126,41.955412155338,0.435898259248532,14.476,0.0,1.0,0.0,0.27002713721306015,0.43178241642553783,3.4331978210130747,2.5664866367804233,4.300043503929936,1.1878434223960523,0.8415671856782186,8.985452425088303,8.90596131992634,0.0,4.514150787600923,3.4507919809259464
DOM,2005,0.34,0.783,-0.710663259029388,-0.517401039600372,-0.258760690689087,-0.392353922128677,-0.0705539360642433,41.320182684819,0.434757148463165,15.442,0.0,0.0,0.0,0.27002713721306015,0.3852624007906449,3.4709871951719355,2.663052835171474,4.389932798432479,1.1755733298042381,0.8960880245566356,9.06340074655497,9.01384270069585,0.0,4.511957804265912,3.4331978210130747
DOM,2006,0.339,0.783,-0.723454773426056,-0.557839572429657,-0.109803065657616,-0.233389332890511,0.205657720565796,41.2946477351743,0.433386586372678,13.536,0.0,0.0,0.0,0.27002713721306015,0.3852624007906449,3.537965315995299,2.715356776284648,4.3924347815054,1.1662709371419244,0.9202827531436926,9.05342664511442,9.119438059993279,0.0,4.511957804265912,3.4709871951719355
DOM,2007,0.344,0.783,-0.775851249694824,-0.666550159454346,-0.0785724595189095,-0.223225876688957,0.197003677487373,41.7082910190894,0.430427041420514,12.766,0.0,1.0,1.0,0.27002713721306015,0.3852624007906449,3.569615333334795,2.745345985845907,4.4220763310486815,1.1474024528375417,0.9321640810304452,9.07125288710342,9.205542070107608,0.0,4.583946549536464,3.537965315995299
DOM,2008,0.342,0.783,-0.752358675003052,-0.635512411594391,-0.0380077101290226,-0.161350831389427,0.164732426404953,42.4150285307917,0.431285727103736,10.541,0.0,1.0,1.0,0.27002713721306015,0.3852624007906449,3.5768787779803373,2.7479117345273405,4.42360034658381,1.1019400787607843,0.9282193027394289,9.060451348378429,9.24443335482775,0.0,4.591071261608589,3.569615333334795
DOM,2009,0.341,0.783,-0.806728780269623,-0.620937764644623,-0.00273510301485658,-0.163394451141357,0.0897984206676483,43.1879752495713,0.43087615215908,11.782,0.0,1.0,0.0,0.27002713721306015,0.41871033485818504,3.564730437376676,2.691243082785829,4.409824178071384,1.1085626195212777,0.8837675401685949,9.033830494610243,9.24788899688029,0.0,4.594109238628667,3.5768787779803373
DOM,2010,0.339,0.783,-0.883080899715424,-0.687138080596924,-0.0449540354311466,-0.116028167307377,0.0738618969917297,42.6693952850015,0.429186599831763,10.758,0.0,0.0,0.0,0.27002713721306015,0.41871033485818504,3.603718739007819,2.7587433154177283,4.458802473475931,1.091923300517313,0.9202827531436926,9.070590254531108,9.327828358707254,0.0,4.596129441335942,3.564730437376676
DOM,2011,0.322,0.783,-0.844827234745026,-0.63081967830658,-0.000481850205687806,-0.173335298895836,0.0904332846403122,42.5178317786811,0.428631041672784,10.787,0.0,0.0,0.0,0.27002713721306015,0.41871033485818504,3.613647541306313,2.818995095053937,4.440283750275496,1.1118575154181303,0.9516578757114464,9.039159447246742,9.36697346964425,0.0,4.594109238628667,3.603718739007819
DOM,2012,0.324,0.783,-0.897264659404755,-0.538394749164581,0.252366811037064,-0.0618661120533943,0.124592199921608,42.4508291308341,0.428850094057527,12.13,0.0,1.0,1.0,0.27002713721306015,0.4574248470388754,3.637288917302312,2.884800712846709,4.541143533823242,1.11514159061932,0.9858167945227653,9.128692910707422,9.373956638060115,0.0,4.594109238628667,3.613647541306313
DOM,2013,0.313,0.768,-0.912038087844849,-0.488938599824905,0.207428693771362,-0.0211300067603588,0.115321941673756,42.2992241251243,0.427265462612673,13.036,0.0,1.0,0.0,0.27002713721306015,0.4574248470388754,3.629326683792229,2.929592471049446,4.487208384354023,1.1216775615991057,1.007957920399979,9.061980377057262,9.426653450099328,0.0,4.599152113662528,3.637288917302312
DOM,2014,0.31,0.768,-0.842135190963745,-0.456834703683853,0.145934492349625,0.0333384610712528,0.188916221261024,42.7528997602996,0.432724525906272,10.127,0.0,1.0,0.0,0.27002713721306015,0.46373401623214017,3.6428451237989625,2.905807566026004,4.45693696342487,1.1085626195212777,0.9858167945227653,9.019496523395732,9.507907864330951,0.0,4.600157644164547,3.629326683792229
DOM,2015,0.3,0.756,-0.873729884624481,-0.394820213317871,0.227570921182632,0.0140787828713655,0.154222220182419,42.6690528640544,0.435220441866758,7.889,0.0,1.0,1.0,0.27002713721306015,0.4762341789963716,3.7040605699797737,2.9444389791664403,4.568931422400646,1.1216775615991057,1.0043016091968684,9.121228025859379,9.60272681984305,0.0,4.601162164590552,3.6428451237989625
DOM,2016,0.292,0.756,-0.810472190380096,-0.290739774703979,0.241259410977364,-0.00929667800664902,0.181855902075768,42.7852852995203,0.427759656076643,11.076,0.0,1.0,0.0,0.27002713721306015,0.4762341789963716,3.737563541021017,2.984671326194566,4.62080728676749,1.0612565021243408,1.0224509277025458,9.162510546533868,9.697888560949377,0.0,4.604169685654508,3.7040605699797737
DOM,2017,0.28,0.77,-0.787598609924316,-0.38338103890419,0.152073904871941,-0.0386812426149845,0.159204080700874,42.8289817215198,0.425903278188175,15.833,0.0,1.0,0.0,0.27002713721306015,0.4762341789963716,3.719374244969595,3.005682604407159,4.595301651789486,1.0331844833456545,1.0296194171811583,9.1258730651848,9.73194017913754,0.0,4.61512051684126,3.737563541021017
DOM,2018,0.286,0.79,-0.830888628959656,-0.38873553276062,0.012300387956202,-0.0285366922616959,0.124981448054314,42.595701766412,0.426134364157295,13.776,0.0,1.0,0.0,0.27002713721306015,0.4824261492442927,3.7747172937190023,3.0252910757955354,4.699270543343187,1.091923300517313,1.0367368849500223,9.220098110027122,9.797895803161046,0.0,4.604169685654508,3.719374244969595
DOM,2019,0.289,0.808,-0.838990390300751,-0.351295411586761,-0.00311226956546307,-0.0187732968479395,0.17925138771534,42.6312577525483,0.427045463588311,12.547,0.0,0.0,0.0,0.5247285289349821,0.4824261492442927,3.8457890324499573,3.1036894150590832,4.825429582122438,1.0473189942805592,1.0818051703517284,9.337003242717243,9.891807751375229,0.0,4.605170185988092,3.7747172937190023
DOM,2020,0.4,0.616,-0.750963449478149,-0.281447857618332,0.164981201291084,0.0231650732457638,0.237134993076324,42.842657256519,0.427067381439144,16.162,0.0,1.0,1.0,0.7227059828014898,0.4824261492442927,3.822390730571933,3.0199369622508083,4.634282286531539,1.0473189942805592,1.0188473201992472,9.133735855277664,9.852157782048149,0.0,4.61512051684126,3.8457890324499573
DOM,2021,0.444,0.609,-0.590438902378082,-0.00257122726179659,0.287386029958725,0.0779508575797081,0.294744700193405,43.3746382307217,0.428546515332269,17.779,0.0,1.0,0.0,0.7227059828014898,0.4824261492442927,3.8922454113772167,3.110399348532117,4.789913807214423,1.0473189942805592,1.0750024230289759,9.280359689820116,10.001270082063403,0.0,4.596129441335942,3.822390730571933
DOM,2022,0.437,0.61,-0.439807772636414,-0.0684610605239868,0.249287635087967,0.0695477873086929,0.313117146492004,43.5814687043781,0.434629848674873,18.448,0.0,1.0,0.0,0.7227059828014898,0.4824261492442927,3.952153332520589,3.142858338444285,4.89422881055712,1.0116009116784799,1.0885619528146082,9.375896080788564,10.111590919440134,0.0,4.596129441335942,3.8922454113772167
DZA,2003,0.156,0.657,-0.715244472026825,-0.674277365207672,-1.75440907478333,-0.481900811195374,-1.07671809196472,45.3376853191638,0.389523497262013,0.879,0.0,1.0,1.0,0.0,0.2468600779315258,4.991876294282923,3.420346200500916,5.822815099620933,0.37156355643248307,0.6523251860396903,9.25648752265103,9.287648637111294,0.0,4.601162164590552,4.894664930688608
DZA,2004,0.157,0.657,-0.699272692203522,-0.559222877025604,-1.35918843746185,-0.441777735948563,-0.802059054374695,45.6545510504788,0.386709023202543,0.8,0.0,1.0,1.0,0.0,0.2468600779315258,4.982658273396139,3.4738280726970627,5.8601535447344,0.37156355643248307,0.6729444732424258,9.279967082544696,9.344231696077577,0.0,4.601162164590552,4.991876294282923
DZA,2005,0.159,0.657,-0.466420471668243,-0.446233421564102,-0.913666009902954,-0.341526746749878,-0.715685963630676,46.2356383665806,0.383821075398653,1.622,0.0,1.0,1.0,0.0,0.2468600779315258,5.01565235063295,3.5550623063795967,5.906102717956845,0.4252677354043441,0.708035793053696,9.311407765358114,9.413058270662113,0.0,4.601162164590552,4.982658273396139
DZA,2006,0.159,0.657,-0.564962565898895,-0.438161790370941,-1.1264134645462,-0.500463128089905,-0.916875541210175,44.7056206987731,0.38122678303087,0.624,0.0,1.0,0.0,0.0,0.22314355131420976,5.064782765857512,3.5920931854262443,5.94075003256348,0.4252677354043441,0.7178397931503169,9.330735282604426,9.456601931815648,0.0,4.602165676967792,5.01565235063295
DZA,2007,0.158,0.657,-0.592309474945068,-0.537276387214661,-1.15058553218842,-0.52258163690567,-0.984122395515442,44.6803479456916,0.381227596859064,0.592,0.0,0.0,0.0,0.0,0.22314355131420976,5.069566840836888,3.6428355156125294,5.993063268471679,0.5068176023684519,0.7371640659767197,9.36648811349048,9.497169389747985,0.0,4.602165676967792,5.064782765857512
DZA,2008,0.158,0.657,-0.633444845676422,-0.603184521198273,-1.09584629535675,-0.62473601102829,-0.979712247848511,44.7324811458215,0.381097658283576,0.696,0.0,0.0,0.0,0.0,0.20701416938432615,5.1134861185415685,3.717952701599643,6.051046272355613,0.5187937934151676,0.7654678421395714,9.406420674962266,9.522755412012847,0.0,4.60816569496789,5.069566840836888
DZA,2009,0.157,0.657,-0.614938259124756,-0.534546136856079,-1.19691348075867,-0.964235186576843,-1.03841888904572,44.9595770421848,0.378267993033492,0.779,0.0,0.0,0.0,0.0,0.20701416938432615,5.087346575278605,3.675540889674756,6.108934200331887,0.5364933705145685,0.7323678937132266,9.445280469630536,9.521674073883652,0.0,4.603168183317418,5.1134861185415685
DZA,2010,0.156,0.672,-0.552147269248962,-0.395901709794998,-1.25936758518219,-1.10480070114136,-1.02233076095581,44.8042543310262,0.376966997977975,0.372,0.0,1.0,0.0,0.0,0.20701416938432615,5.132749266709102,3.8428872665932836,6.086763363211377,0.5709795465857378,0.8153648132841945,9.403591400570363,9.5611638487731,0.0,4.604169685654508,5.087346575278605
DZA,2011,0.158,0.672,-0.572699666023254,-0.520578742027283,-1.36056065559387,-1.21237993240356,-1.00412118434906,44.4611559366964,0.379552524731042,0.976,0.0,1.0,1.0,0.0,0.20701416938432615,5.167699267063407,3.9527809979003137,6.1430863176522985,0.6097655716208943,0.8671004876833832,9.440468037487213,9.591572754544211,0.0,4.605170185988092,5.132749266709102
DZA,2012,0.162,0.672,-0.521544516086578,-0.447385340929031,-1.32504332065582,-1.32038903236389,-0.906026601791382,44.7185849921522,0.378386203303321,1.08,0.0,0.0,0.0,0.0,0.20701416938432615,5.267959839955094,4.066459358732565,6.231803408049243,0.6205764877251099,0.924258901523332,9.509433638393885,9.577918711063576,0.0,4.603168183317418,5.167699267063407
DZA,2013,0.163,0.65,-0.472966939210892,-0.431544005870819,-1.20237147808075,-1.13844060897827,-0.893428981304169,45.2451448091684,0.376748958916696,0.551,0.0,0.0,1.0,0.0,0.20701416938432615,5.276350135772464,4.107589788972121,6.28781580831857,0.7371640659767197,0.9400072584914712,9.545355118402965,9.57302466984175,0.0,4.607168188650764,5.267959839955094
DZA,2014,0.164,0.65,-0.61311799287796,-0.339864790439606,-1.19053518772125,-1.30188941955566,-0.813460826873779,44.9823982987278,0.375612271911973,0.389,0.0,1.0,1.0,0.0,0.20701416938432615,5.341907003574631,4.175617282350837,6.37436531790706,0.7466879474879752,0.9669838461896731,9.611676634788163,9.595272366309919,0.0,4.60816569496789,5.276350135772464
DZA,2015,0.166,0.65,-0.639462769031525,-0.410829484462738,-1.09078657627106,-1.25690579414368,-0.847631812095642,45.1234434178704,0.37601512165201,0.32,0.0,1.0,1.0,0.0,0.20701416938432615,5.381936482027662,4.24577726598231,6.4273262940768126,0.7654678421395714,1.000631880307906,9.644161099244412,9.533028875350425,0.0,4.609162207257629,5.341907003574631
DZA,2016,0.159,0.641,-0.673700511455536,-0.464708805084229,-1.09974193572998,-1.2414299249649,-0.861599445343018,45.4714405577168,0.376073267595752,0.479,0.0,1.0,0.0,0.0,0.20701416938432615,5.373965692180431,4.273745190588392,6.426481984944835,0.8544153281560676,1.0043016091968684,9.622759378920987,9.505904749023053,0.0,4.609162207257629,5.381936482027662
DZA,2017,0.155,0.656,-0.598896265029907,-0.537024140357971,-0.919614315032959,-1.2794988155365,-0.903114080429077,46.6246143347909,0.377986572045652,0.841,0.0,1.0,0.0,0.0,0.20701416938432615,5.402624304034126,4.340292766189574,6.437423595932636,0.9122827104766162,1.0367368849500223,9.613398786318841,9.510041975791879,0.0,4.61015772749913,5.373965692180431
DZA,2018,0.156,0.67,-0.658903956413269,-0.488536387681961,-0.842107713222504,-1.34690141677856,-0.995263040065765,46.3534668021387,0.379167030575157,1.068,0.0,1.0,0.0,0.0,0.20701416938432615,5.439097939480714,4.352340324303521,6.508202657625575,0.9001613499442714,1.0296194171811583,9.664906326145893,9.527202046319951,0.0,4.611152257665639,5.402624304034126
DZA,2019,0.145,0.657,-0.656169533729553,-0.567920982837677,-1.05585384368896,-1.38831329345703,-1.0534600019455,46.487537223125,0.381465377316674,1.066,0.0,1.0,0.0,0.0,0.20701416938432615,5.465340103805013,4.412434590845264,6.544413877798901,0.9001613499442714,1.0577902941478545,9.682765379817214,9.539178783861404,0.0,4.61015772749913,5.439097939480714
DZA,2020,0.146,0.68,-0.666826963424683,-0.573643207550049,-0.847820401191711,-1.35530030727386,-1.08850860595703,47.5316325038626,0.358462514119565,1.109,0.0,1.0,0.0,0.0,0.1906203596086497,5.409621590733459,4.38589414620037,6.476816966200858,0.9400072584914712,1.0296194171811583,9.597954020022742,9.447585077558559,0.0,4.612145799724517,5.465340103805013
DZA,2021,0.132,0.686,-0.635961413383484,-0.65274578332901,-0.992457151412964,-1.18196296691895,-1.01377856731415,47.2464769115856,0.369851629849208,0.946,0.0,1.0,0.0,0.0,0.12221763272424921,5.46523786450425,4.4479314095616,6.563329295007746,0.9400072584914712,1.0612565021243408,9.66839666518058,9.581756708588214,0.0,4.613138355637268,5.409621590733459
DZA,2022,0.115,0.67,-0.638041079044342,-0.51349949836731,-0.650652348995209,-1.06357324123383,-1.01191890239716,47.3918994576124,0.367360744349921,0.94,0.0,1.0,0.0,0.0,0.12221763272424921,5.502625435794669,4.498697941477575,6.600207857267195,0.9400072584914712,1.085189268335969,9.689448491779753,9.670110216537159,0.0,4.61512051684126,5.46523786450425
ECU,2003,0.46,0.716,-0.72812420129776,-0.936161398887634,-0.961056590080261,-0.723995983600616,-0.121541075408459,38.5041729971574,0.484069242876965,61.934,0.0,0.0,0.0,0.0,1.0116009116784799,4.512905888631556,2.604909442182697,4.678485701373732,0.7514160886839212,0.6626879730752367,8.983848220352767,8.77586850212015,0.0,4.564348191467836,4.494868682606051
ECU,2004,0.458,0.713,-0.726669907569885,-0.957234144210815,-0.842910349369049,-0.699335694313049,-0.244635745882988,38.8247622405133,0.481004261970647,57.344,0.0,0.0,0.0,0.0,1.0116009116784799,4.548573334451082,2.7350166493320245,4.7454189663601385,0.7514160886839212,0.7227059828014898,9.033854235948011,8.85096052502112,0.0,4.562262684976815,4.512905888631556
ECU,2005,0.459,0.717,-0.735878944396973,-0.96779453754425,-0.793961822986603,-0.777636587619781,-0.363743484020233,38.8442906304011,0.477308008443338,54.035,0.0,0.0,0.0,0.0,1.0152306797290587,4.553706537526541,2.731115474033206,4.801764402068764,0.7701082216960736,0.712949807856125,9.073375434333798,8.91710497982386,0.0,4.572646994282532,4.548573334451082
ECU,2006,0.461,0.71,-0.784096121788025,-1.03793919086456,-0.853825330734253,-1.09882938861847,-0.253862708806992,39.0069540758146,0.478297360551906,50.284,0.0,0.0,0.0,0.0,1.0296194171811583,4.574518410016819,2.812410216426453,4.857375328576316,0.9001613499442714,0.7466879474879752,9.112246060070392,8.972783056657848,0.0,4.577798989191959,4.553706537526541
ECU,2007,0.409,0.685,-0.745632350444794,-0.861449539661407,-0.815987229347229,-1.13693797588348,-0.161115884780884,39.4316466412135,0.476012190357661,52.0,0.0,0.0,0.0,0.0,1.1184149159642893,4.564543437945241,2.9481164196123277,4.907147098626619,0.9593502213346021,0.8153648132841945,9.145314585477458,9.001278241052068,0.0,4.582924577040772,4.574518410016819
ECU,2008,0.351,0.666,-0.654705822467804,-0.854377806186676,-0.728682398796082,-1.12754857540131,-0.222304701805115,40.0545012567179,0.474115623391891,60.573,0.0,0.0,0.0,0.0,1.1184149159642893,4.568651757212096,2.9932291433358724,4.9717905102726885,0.9707789171582247,0.832909122935104,9.193371816900775,9.06688646941994,0.0,4.58700621536042,4.564543437945241
ECU,2009,0.332,0.663,-0.744574427604675,-0.738012194633484,-0.673675775527954,-1.25917947292328,-0.250357389450073,39.8939498271466,0.476271473642569,50.385,0.0,0.0,1.0,0.0,1.1184149159642893,4.59870860807937,3.0086484988205373,4.947375954457065,1.068153081183401,0.832909122935104,9.151731117941107,9.066828681669936,0.0,4.579852378003801,4.568651757212096
ECU,2010,0.311,0.673,-0.707744359970093,-0.674511253833771,-0.586674451828003,-1.12405169010162,-0.231080830097198,39.7170163538668,0.47261194028612,44.13,0.0,0.0,1.0,0.0,1.1755733298042381,4.626431439284549,3.0577676644734435,5.051098824375881,1.11514159061932,0.8544153281560676,9.239379427522325,9.101634311595928,0.0,4.590056548178043,4.59870860807937
ECU,2011,0.311,0.677,-0.641708135604858,-0.527820348739624,-0.686557531356812,-0.956343531608582,-0.293364822864532,40.2680651919231,0.470275555716191,53.989,0.0,0.0,1.0,0.0,1.172482137234565,4.619836581146078,3.122805356117467,5.109840907142129,1.1314021114911006,0.8837675401685949,9.282069789037768,9.18704022056901,0.0,4.583946549536464,4.626431439284549
ECU,2012,0.307,0.68,-0.508597850799561,-0.474284678697586,-0.570306479930878,-0.943592429161072,-0.29611411690712,40.7734496975039,0.47112758305379,53.41,0.0,0.0,1.0,0.0,1.1817271953786161,4.6108493072251315,3.1763857732472487,5.1644030434721495,1.1631508098056809,0.9042181506398859,9.321030490038535,9.23459559932937,0.0,4.58700621536042,4.619836581146078
ECU,2013,0.268,0.698,-0.502911984920502,-0.448586314916611,-0.178656712174416,-0.837611019611359,-0.25279027223587,40.5817526663679,0.473036922591737,47.625,0.0,0.0,1.0,0.0,1.1817271953786161,4.6350771300861,3.210440346047099,5.195780638025737,1.172482137234565,0.9202827531436926,9.337608327668667,9.332258205822043,0.0,4.59511985013459,4.6108493072251315
ECU,2014,0.265,0.7,-0.741118490695953,-0.385554224252701,-0.0185332093387842,-0.920283794403076,-0.202547445893288,40.500010304274,0.466672080094912,47.54,0.0,0.0,0.0,0.0,1.1786549963416462,4.645858589480179,3.2573270112424533,5.24472142309781,1.2178757094949273,0.9400072584914712,9.372491618886999,9.378952476174737,0.0,4.605170185988092,4.6350771300861
ECU,2015,0.263,0.706,-0.672376871109009,-0.394527703523636,-0.147344976663589,-1.14157736301422,-0.211860507726669,40.7072602819565,0.468559399695888,51.103,0.0,1.0,1.0,0.0,1.2267122912954256,4.6191672410579585,3.306886702190914,5.241990371689401,1.2499017362143359,0.9631743177730056,9.355437967447077,9.294566692690534,0.0,4.603168183317418,4.645858589480179
ECU,2016,0.268,0.706,-0.68079274892807,-0.383570671081543,-0.0917104333639145,-0.958474397659302,-0.247269630432129,41.3546028360932,0.466223289548431,59.978,0.0,1.0,0.0,0.0,1.6956156086751528,4.596633851538533,3.326473835466219,5.238588593339385,1.297463147413275,0.9669838461896731,9.337437320393132,9.294910269123003,0.0,4.602165676967792,4.6191672410579585
ECU,2017,0.342,0.622,-0.626104652881622,-0.352247714996338,-0.0789320766925812,-1.02358734607697,-0.172362104058266,42.1145382615948,0.453879578819271,73.518,0.0,1.0,1.0,0.0,1.7083778602890038,4.540997944166957,3.3548043420924447,5.278675726292748,1.2267122912954256,0.9745596399981308,9.362437058087584,9.375386882576853,0.0,4.607168188650764,4.596633851538533
ECU,2018,0.46,0.64,-0.629500389099121,-0.317793667316437,-0.0947211682796478,-0.886888802051544,0.000832675490528345,42.2650031624918,0.451015086869663,71.912,0.0,1.0,0.0,0.0,1.803358605071407,4.506360186686706,3.403860499081639,5.334552859130132,1.244154593958768,0.9969486348916095,9.401434751451067,9.408197672423663,0.0,4.602165676967792,4.540997944166957
ECU,2019,0.45,0.629,-0.509275019168854,-0.367696136236191,-0.238217756152153,-0.796693980693817,0.0317208766937256,42.7691346447863,0.449121500585503,77.781,0.0,1.0,1.0,0.0,1.8050046959780757,4.511302129082237,3.4541060373175574,5.358155797044109,1.247032293786383,1.0188473201992472,9.408255957424025,9.436998924380985,0.0,4.6061696863211745,4.506360186686706
ECU,2020,0.473,0.638,-0.504086554050446,-0.470506340265274,-0.270243227481842,-0.871133387088776,-0.0146998642012477,42.477374500849,0.462381541463569,79.642,0.0,0.0,0.0,0.0,1.8082887711792655,4.445699625943458,3.4404180948154366,5.214185476218281,1.244154593958768,1.000631880307906,9.251755886328692,9.352516901317054,0.0,4.604169685654508,4.511302129082237
ECU,2021,0.458,0.627,-0.59461385011673,-0.241593524813652,-0.25738736987114,-0.719614744186401,0.0996665507555008,42.1933048355703,0.461592686353266,81.196,0.0,1.0,0.0,0.0,1.8082887711792655,4.543806440302684,3.495294705041271,5.364091062043588,1.252762968495368,1.0331844833456545,9.394663424440681,9.511070292115622,0.0,4.61512051684126,4.445699625943458
ECU,2022,0.5,0.626,-0.63026487827301,-0.309278339147568,-0.37122431397438,-0.45972153544426,0.0273947101086378,42.139565061137,0.46103781958309,76.013,0.0,1.0,0.0,0.0,1.8229350866965048,4.581406364375055,3.5360196074696004,5.4103863301673165,1.244154593958768,1.0543120297715298,9.433202843791252,9.628989688883816,0.0,4.61512051684126,4.543806440302684
ESP,2003,0.792,0.039,1.3489111661911,1.81680715084076,-0.047485888004303,1.30430352687836,1.27055943012238,60.8152823015218,0.30917986477077,21.667,0.0,0.0,1.0,2.6939512767227085,2.808800104202353,5.918561150993521,5.558987889752967,7.435898680655702,1.3812818192963463,1.9572739077056285,10.593431257442706,10.129088696556947,0.0,4.61512051684126,5.893095721406663
ESP,2004,0.803,0.039,1.33718907833099,1.33226644992828,-0.0905463024973869,1.30674779415131,1.3236118555069,60.871418930384,0.309532228768276,18.123,0.0,0.0,1.0,2.6939512767227085,2.8160073426073025,5.962455715412357,5.615242657469459,7.464772837297579,1.3812818192963463,1.9919755158985601,10.605339808742684,10.172151341902227,0.0,4.61512051684126,5.918561150993521
ESP,2005,0.805,0.039,1.32761585712433,1.50157427787781,0.19302661716938,1.30437541007996,1.13140439987183,60.9649996192321,0.312232662684727,14.603,0.0,1.0,1.0,2.6939512767227085,2.8195915758351173,5.9963024221238035,5.6668418268439185,7.479485955828276,1.3937663759585917,2.0215475632609334,10.603446530038894,10.226683031143425,0.2191085761020307,4.61512051684126,5.962455715412357
ESP,2006,0.805,0.039,1.17766547203064,0.830167770385742,-0.150648653507233,1.17664575576782,1.07872498035431,61.3400479128774,0.311238051339866,17.643,0.0,0.0,0.0,2.688527534613346,2.8249439525737094,5.969704814156332,5.6812300701856895,7.486650868488556,1.4279160358107101,2.020222182019865,10.593998736908805,10.333850090920354,0.2191085761020307,4.61512051684126,5.9963024221238035
ESP,2007,0.804,0.039,1.07903242111206,0.987038195133209,-0.276731640100479,1.21525323390961,1.12308669090271,61.2460030809173,0.310486083727219,19.314,0.0,1.0,1.0,2.6361960973342264,2.8284963541780774,6.0197464007112,5.694102440602895,7.511747696231178,1.4996230464268938,2.0162354657760435,10.600906272069805,10.390174474138448,0.2191085761020307,4.61512051684126,5.969704814156332
ESP,2008,0.817,0.039,1.17877197265625,0.912503182888031,-0.383085459470749,1.25488996505737,1.18532562255859,61.546194721199,0.312808044993389,20.062,0.0,1.0,1.0,2.6311691567662523,2.833213344056216,5.930211007984706,5.702948793907623,7.481890293814725,1.4996230464268938,2.0095554142156695,10.555370036431016,10.414841314231117,0.2191085761020307,4.61512051684126,6.0197464007112
ESP,2009,0.82,0.039,1.05494809150696,0.9416823387146,-0.474599570035934,1.18705248832703,1.17698621749878,60.8708433464452,0.313344025439951,25.482,0.0,1.0,1.0,2.6311691567662523,2.8361502037295256,5.823403293456505,5.6476353140332,7.410406987134701,1.4996230464268938,1.9544450515051506,10.475230169491525,10.379798664994828,0.2191085761020307,4.61512051684126,5.930211007984706
ESP,2010,0.822,0.039,1.16003704071045,0.942974150180817,-0.318043738603592,1.15819036960602,1.12254285812378,60.8758647741173,0.309638243347369,32.831,0.0,1.0,1.0,2.6311691567662523,2.837908188360424,5.774907633962588,5.671500300735477,7.434462913284231,1.5195132049061133,1.9712993830601329,10.494907359577336,10.367511400597994,0.2191085761020307,4.61512051684126,5.823403293456505
ESP,2011,0.822,0.042,1.16321241855621,0.97240149974823,0.0211045369505882,1.06073820590973,1.08586597442627,61.0779324331338,0.308652160901424,30.023,0.0,1.0,1.0,2.6195832197798796,2.8384934971274993,5.772792503310652,5.657564000854586,7.415991152237226,1.5195132049061133,1.9558604799084813,10.473066938563441,10.374009022680372,0.2191085761020307,4.61512051684126,5.774907633962588
ESP,2012,0.805,0.046,1.17040634155273,1.05716216564178,-0.0295164491981268,0.947154939174652,1.06417882442474,61.5223307659896,0.307273897053522,29.587,0.0,0.0,1.0,2.5603232890727545,2.8390784635086144,5.7624820373655865,5.648093568795613,7.40762773522231,1.5195132049061133,1.9473377010464987,10.46426740554198,10.369445006488236,0.2324956568844901,4.61512051684126,5.772792503310652
ESP,2013,0.776,0.054,0.926990270614624,1.16768598556519,0.0120177594944835,0.932680726051331,0.988832354545593,60.8850204845965,0.30414123591579,39.583,0.0,1.0,1.0,2.513656063073986,2.8243506567983707,5.665747542134067,5.619349588681358,7.364883246513614,1.5195132049061133,1.925707441737794,10.424861823178057,10.392518054249095,0.2324956568844901,4.61512051684126,5.7624820373655865
ESP,2014,0.776,0.054,0.689240038394928,1.1732976436615,0.243121743202209,0.746454060077667,0.993711829185486,60.5731276335644,0.303541605474944,40.176,0.0,1.0,1.0,2.513656063073986,2.826721730819709,5.651956998257027,5.6059123543316955,7.349371650709736,1.5195132049061133,1.916922612182061,10.412337395732534,10.427089872525077,0.2324956568844901,4.61512051684126,5.665747542134067
ESP,2015,0.762,0.054,0.630986750125885,1.15725028514862,0.24116013944149,0.791497886180878,1.04487037658691,60.6048143928052,0.304096108979646,35.025,0.0,1.0,1.0,2.492378664626701,2.8746939451769347,5.6798351263993885,5.627764988232285,7.361466911450895,1.5303947050936475,1.9358598132018119,10.42522192891051,10.469910664764868,0.2324956568844901,4.61512051684126,5.651956998257027
ESP,2016,0.767,0.063,0.569826066493988,1.0948657989502,0.402214497327805,0.99648380279541,1.04160034656525,60.0479221586688,0.304466877078963,38.652,0.0,1.0,0.0,2.4475508632442313,2.8763855159214247,5.651286032822069,5.632537068115956,7.367653646623555,1.5303947050936475,1.9401794743463283,10.43036164791885,10.535124126345687,0.2324956568844901,4.61512051684126,5.6798351263993885
ESP,2017,0.756,0.051,0.510279893875122,1.00125849246979,0.270845949649811,0.930761218070984,1.02150094509125,60.2097375567363,0.303894974446852,32.282,0.0,1.0,1.0,2.4475508632442313,2.8763855159214247,5.697158880202156,5.6438555260758525,7.379658976953458,1.5303947050936475,1.9473377010464987,10.439471495068679,10.592281516875385,0.2324956568844901,4.61512051684126,5.651286032822069
ESP,2018,0.776,0.037,0.612778782844543,0.969246029853821,0.27590623497963,0.93815416097641,1.02963280677795,60.3219048375062,0.302901505308998,38.272,0.0,1.0,1.0,2.4159137783010487,2.8763855159214247,5.669545567794806,5.647212123167807,7.396134046558075,1.5303947050936475,1.9459101490553132,10.451183697223568,10.621721330881613,0.2324956568844901,4.61512051684126,5.697158880202156
ESP,2019,0.802,0.037,0.666394531726837,0.968808770179749,0.292768746614456,1.037264585495,1.03599870204926,60.2528627745255,0.303271389379362,37.332,0.0,1.0,1.0,2.3933394562625097,2.8780742300857587,5.60887597198632,5.628987086799254,7.368258294986579,1.5303947050936475,1.9242486522741338,10.416049527970689,10.692938909116435,0.2324956568844901,4.61512051684126,5.669545567794806
ESP,2020,0.788,0.034,0.711801946163177,0.853928565979004,0.411448448896408,0.755449116230011,1.00401437282562,60.5272504809885,0.299874207624524,43.855,0.0,1.0,1.0,1.8164520818184267,2.8786365016777435,5.452055363783847,5.575001684790276,7.2611970016897525,1.5040773967762742,1.873339456220478,10.30378208288314,10.579713572521865,0.2324956568844901,4.61512051684126,5.60887597198632
ESP,2021,0.778,0.038,0.715437471866608,0.907896876335144,0.509235560894012,0.797288954257965,0.99951308965683,60.5771047033233,0.300303353237357,46.445,0.0,1.0,0.0,1.5325568680981427,2.8791984572980396,5.52734971073125,5.6080055192624325,7.334915992813574,1.5040773967762742,1.900613874140137,10.376371186833115,10.697670893192338,0.2324956568844901,4.61512051684126,5.452055363783847
ESP,2022,0.785,0.051,0.685416162014008,0.920230388641357,0.318843424320221,0.797074437141418,1.01683568954468,60.1921083617437,0.305986828943871,42.803,0.0,1.0,0.0,1.3609765531356006,2.87976009730157,5.545856422326184,5.592292098622838,7.373478510381807,1.5040773967762742,1.8855533485144158,10.413016325754842,10.829116481264151,0.0,4.61512051684126,5.52734971073125
EST,2003,0.811,0.055,0.9227254986763,0.880270600318909,0.894786238670349,1.17419981956482,1.0705794095993,56.7408723739394,0.344821252893314,0.492,1.0,0.0,0.0,0.0,0.0,3.167744975236734,2.225704048658088,4.156003942608828,1.2237754316221157,1.9501867058225737,10.73255046217989,9.483242647459395,0.1493452885523198,4.61512051684126,3.041945185393297
EST,2004,0.813,0.047,0.982846856117249,0.903343915939331,0.703926205635071,1.22550690174103,1.09341907501221,57.3235048599998,0.344891426656766,0.582,1.0,0.0,0.0,0.0,0.0,3.154767744830867,2.253394848803274,4.176016710866126,1.3001916620664788,1.9810014688665833,10.758867415379022,9.584725535935187,0.1493452885523198,4.61512051684126,3.167744975236734
EST,2005,0.813,0.038,0.994831264019012,0.937840044498444,0.605274677276611,1.24708712100983,0.992168545722961,58.0692416873,0.343091662561354,1.078,1.0,0.0,0.0,0.0,0.0,3.105355787580975,2.2607208888953467,4.181500373225081,1.2556160374777745,1.9933388426264242,10.77019275201939,9.719509302680127,0.3407774334167333,4.61512051684126,3.154767744830867
EST,2006,0.813,0.041,1.0123438835144,1.14691519737244,0.736678242683411,1.29370141029358,1.06822168827057,61.1170836106878,0.342127876264752,1.336,1.0,0.0,0.0,0.0,0.0,2.9636014318526236,2.300583090323373,4.169452034708906,1.2556160374777745,2.0373166153791646,10.763857267032403,9.870416011081376,0.3407774334167333,4.61512051684126,3.105355787580975
EST,2007,0.813,0.041,0.967807710170746,1.00763607025146,0.634109556674957,1.32278323173523,1.07301092147827,61.5381804599519,0.340427489205436,1.149,1.0,0.0,0.0,0.0,0.0,3.124204640212224,2.3758355547336385,4.314095699133308,1.269760544863939,2.1138429683971682,10.91519527669177,10.007953615612177,0.3407774334167333,4.61512051684126,2.9636014318526236
EST,2008,0.813,0.033,0.952435076236725,1.15763688087463,0.571973562240601,1.38836634159088,1.09165287017822,62.0620949782186,0.343119107337757,1.89,1.0,0.0,0.0,0.0,0.0,3.0469030826549472,2.3646204839134985,4.232017367347173,1.2809338454620645,2.105352923464337,10.834676295874642,10.034714017852867,0.3407774334167333,4.61512051684126,3.124204640212224
EST,2009,0.814,0.033,1.00068259239197,1.00224792957306,0.567619025707245,1.39269268512726,1.08552134037018,62.2245319335676,0.346361882666491,6.15,1.0,0.0,1.0,0.0,0.009950330853168083,2.8594992392050482,2.288486168614544,4.089784179465769,1.2499017362143359,2.033397603178429,10.692103468511611,9.927167578256986,0.3407774334167333,4.61512051684126,3.0469030826549472
EST,2010,0.832,0.029,0.989536285400391,1.07666647434235,0.661366999149323,1.38820207118988,1.10565173625946,62.5704782444152,0.34436299408464,8.096,1.0,0.0,1.0,0.0,0.009950330853168083,3.119682406895466,2.372111155642656,4.306049609235466,1.2499017362143359,2.1162555148025524,10.913970657883645,9.981268268843337,0.3407774334167333,4.61512051684126,2.8594992392050482
EST,2011,0.831,0.029,1.04544830322266,1.06727397441864,0.611041307449341,1.38531708717346,1.13372588157654,62.6080264674573,0.341799206047643,9.154,1.0,0.0,0.0,0.0,0.0,3.18353704404588,2.3350522831315472,4.303564968162488,1.2499017362143359,2.0831845279586703,10.914525596743522,10.112668520268981,0.3407774334167333,4.61512051684126,3.119682406895466
EST,2012,0.83,0.029,1.08829832077026,0.945922076702118,0.636465191841125,1.4102840423584,1.11192464828491,62.1390020371367,0.342144707690559,12.291,1.0,0.0,0.0,0.0,0.009950330853168083,3.21308888827608,2.372111155642656,4.310638038586228,1.247032293786383,2.122261538862764,10.925282779702544,10.175174695371858,0.35263996872655334,4.61512051684126,3.18353704404588
EST,2013,0.836,0.027,1.18144452571869,0.966788172721863,0.748215436935425,1.4392409324646,1.11682975292206,62.9755805144734,0.339648632213645,9.262,1.0,0.0,0.0,0.07696104113612832,0.009950330853168083,3.3499767186363223,2.3693087250369538,4.362627176094271,1.220829921392359,2.122261538862764,10.981522846162731,10.23394720055565,0.35263996872655334,4.61512051684126,3.21308888827608
EST,2014,0.839,0.027,1.29877054691315,1.01121234893799,0.780257880687714,1.67060923576355,1.17029809951782,64.5045406304686,0.336699183498064,11.165,1.0,0.0,0.0,0.07696104113612832,0.0,3.3470399862544604,2.3702437414678603,4.319632479406196,1.244154593958768,2.1258479144939915,10.940594138641801,10.28890839143743,0.35263996872655334,4.61512051684126,3.3499767186363223
EST,2015,0.847,0.027,1.25537073612213,1.03593826293945,0.613857269287109,1.65832471847534,1.18691825866699,64.2915671122741,0.337256994003795,15.369,1.0,0.0,0.0,0.0,0.009950330853168083,3.3058450738162573,2.325324579963535,4.243138060801398,1.184789984909162,2.081938421878423,10.862934608262588,10.29962903428181,0.35263996872655334,4.61512051684126,3.3470399862544604
EST,2016,0.862,0.027,1.23109316825867,1.05459797382355,0.662796258926392,1.68796372413635,1.20819759368896,63.251998539813,0.337365123766835,13.065,1.0,0.0,0.0,0.0,0.009950330853168083,3.317680199972085,2.4096441652874536,4.273369022896761,1.0885619528146082,2.1633230256605382,10.892627662008913,10.371889177719057,0.35263996872655334,4.61512051684126,3.3058450738162573
EST,2017,0.861,0.027,1.20263087749481,1.07229030132294,0.642370760440826,1.63404095172882,1.21454405784607,63.2895200454105,0.336783287963729,14.134,1.0,0.0,0.0,0.13976194237515868,0.009950330853168083,3.3670051644307133,2.4362414778067194,4.37555574354357,1.0750024230289759,2.188295946591918,10.994990126976743,10.44893627972998,0.35263996872655334,4.61512051684126,3.317680199972085
EST,2018,0.862,0.031,1.46850371360779,1.15055811405182,0.580415546894073,1.54483294487,1.19020283222198,64.1313864083229,0.335728235951526,16.087,1.0,0.0,0.0,0.0,0.009950330853168083,3.48120167926825,2.4397349311412793,4.367915032729233,1.1662709371419244,2.188295946591918,10.983803988153374,10.521964740858547,0.35263996872655334,4.61512051684126,3.3670051644307133
EST,2019,0.849,0.032,1.52524757385254,1.13976681232452,0.630197763442993,1.58012461662292,1.17930448055267,64.4254224338071,0.334983345561968,28.121,1.0,0.0,0.0,0.0,0.009950330853168083,3.1635122078629547,2.3767644911682972,4.155141718173273,1.1085626195212777,2.1234584270966104,10.764318258081648,10.61121242134382,0.35263996872655334,4.61512051684126,3.48120167926825
EST,2020,0.843,0.032,1.58082056045532,1.29900670051575,0.709816992282867,1.52953481674194,1.16718208789825,64.2266377782637,0.335782799608274,48.849,1.0,0.0,0.0,0.0,0.009950330853168083,2.8798349723262713,2.372111155642656,4.0898846315000075,1.068153081183401,2.1174596088673567,10.695850367583606,10.613323056178489,0.35263996872655334,4.61512051684126,3.1635122078629547
EST,2021,0.855,0.032,1.50660848617554,1.34329342842102,0.748589515686035,1.54799437522888,1.17938566207886,64.1607857817726,0.334520464005268,39.917,1.0,0.0,0.0,0.0,0.009950330853168083,2.9025788117290414,2.3813962734183356,4.13427015509442,0.8754687373538999,2.124653884501384,10.739407421232952,10.697667993387316,0.35263996872655334,4.61512051684126,2.8798349723262713
EST,2022,0.854,0.032,1.54471278190613,1.34263217449188,0.727880895137787,1.5589644908905,1.20195424556732,64.2687721400371,0.334474271793817,31.991,0.0,0.0,0.0,0.0,0.009950330853168083,2.9752830081316324,2.3933394562625097,4.163652939487425,0.8754687373538999,2.124653884501384,10.755588203893561,10.774843830906638,0.0,4.61512051684126,2.9025788117290414
ETH,2003,0.112,0.573,-0.777412176132202,-1.07022738456726,-1.40960443019867,-1.15582895278931,-1.11473321914673,34.3516984052084,0.592588037004764,99.142,0.0,1.0,1.0,0.0,0.3920420877760237,4.508338769404807,1.2029723039923526,2.992175957351214,0.1310282624064041,0.0295588022415444,5.550522509136261,6.2022131077904135,0.0,2.6741486494265287,4.409446200408349
ETH,2004,0.111,0.573,-0.757493495941162,-0.878722608089447,-1.31249165534973,-0.991614580154419,-1.18099057674408,34.2253943616599,0.596920471780147,99.222,0.0,0.0,0.0,0.0,0.5247285289349821,4.63050051381293,1.2725655957915476,3.0515926230506127,0.18232155679395462,0.0295588022415444,5.582943524445639,6.32583750109402,0.0,2.785011242238338,4.508338769404807
ETH,2005,0.116,0.573,-0.772508382797241,-0.917718350887299,-1.69038331508636,-1.11570703983307,-1.23875725269318,34.2043520994025,0.590113557563335,99.653,0.0,0.0,0.0,0.0,0.5247285289349821,4.747069876000721,1.355835153635182,3.1903117277434476,0.18232155679395462,0.039220713153281295,5.697982353091395,6.438568423966609,0.0,2.70805020110221,4.63050051381293
ETH,2006,0.11,0.572,-0.650104701519012,-0.690580487251282,-1.74013221263885,-1.02831625938416,-1.19371747970581,34.0194219346795,0.593593160507328,99.396,0.0,0.0,0.0,0.0,0.5247285289349821,4.870046650575338,1.4609379041156565,3.270860879934152,0.18232155679395462,0.039220713153281295,5.752290059221237,6.542280166404791,0.0,2.975529566236472,4.747069876000721
ETH,2007,0.112,0.541,-0.632185876369476,-0.47174859046936,-1.80640935897827,-0.982684671878815,-1.20370495319366,34.3110177336061,0.590821932522324,98.834,0.0,1.0,1.0,0.0,0.5247285289349821,5.005594020922148,1.4883995840570443,3.383712067321136,0.13976194237515868,0.039220713153281295,5.839804097415636,6.648027038924158,0.0,3.0587070727153796,4.870046650575338
ETH,2008,0.112,0.562,-0.666399776935577,-0.450209558010101,-1.73212063312531,-0.899132013320923,-1.30721271038055,33.9836660275665,0.592154439065115,99.7,0.0,0.0,0.0,0.0,0.5247285289349821,5.099765601283081,1.4655675420143985,3.44304285225205,0.18232155679395462,0.039220713153281295,5.87211497257004,6.740505624309407,0.0,3.1354942159291497,5.005594020922148
ETH,2009,0.113,0.58,-0.704722344875336,-0.562428534030914,-1.64107227325439,-0.931926727294922,-1.29824542999268,33.9708865912085,0.5882187644841,98.343,0.0,0.0,0.0,0.0,0.8796267475025636,5.181405718906335,1.5303947050936475,3.471065425629483,0.173953307123438,0.039220713153281295,5.872647226763546,6.802551308622291,0.0,3.2068032436339315,5.099765601283081
ETH,2010,0.109,0.58,-0.694108724594116,-0.488994628190994,-1.63510119915009,-0.848106443881989,-1.34485614299774,34.1457315764785,0.586496086774501,99.002,0.0,0.0,1.0,0.0,1.0543120297715298,5.261891411859344,1.7934247485471162,3.5167854174754174,0.12221763272424921,0.058268908123975775,5.8913845095977795,6.904403647112592,0.0,3.2771447329921766,5.181405718906335
ETH,2011,0.108,0.58,-0.667876601219177,-0.521041929721832,-1.5069637298584,-0.994923114776611,-1.36264383792877,34.33352882957,0.586098294237244,99.211,0.0,1.0,1.0,0.0,1.0885619528146082,5.308147029272931,1.9473377010464987,3.602640505997026,0.173953307123438,0.06765864847381481,5.951150236194593,7.002260732615621,0.0,3.1780538303479458,5.261891411859344
ETH,2012,0.108,0.581,-0.608586847782135,-0.454180359840393,-1.56427133083344,-1.05003821849823,-1.30890786647797,34.7275918671442,0.577326545415733,99.736,0.0,0.0,1.0,0.0,1.0885619528146082,5.3773156992837485,2.080690761080268,3.6932200202123564,0.173953307123438,0.06765864847381481,6.015962018708369,7.073248315137683,0.0,3.4011973816621555,5.308147029272931
ETH,2013,0.104,0.577,-0.501710414886475,-0.620984315872192,-1.40730738639832,-1.13566875457764,-1.31313121318817,35.4718115043711,0.567243401531577,99.885,0.0,1.0,1.0,0.0,1.0885619528146082,5.441890261351556,2.200552367428894,3.848401397130821,0.173953307123438,0.07696104113612832,6.147328758001981,7.133989221378916,0.0,3.459466289786131,5.3773156992837485
ETH,2014,0.104,0.579,-0.448165893554688,-0.443245232105255,-1.3393874168396,-1.07841408252716,-1.28455746173859,35.6927817976162,0.56656019192901,100.0,0.0,1.0,0.0,0.0,1.0885619528146082,5.4932836035209425,2.2731562823032334,3.9837667564408217,0.173953307123438,0.08617769624105233,6.258389549427895,7.3035951835260216,0.0,3.339321977944068,5.441890261351556
ETH,2015,0.103,0.578,-0.476118475198746,-0.712037622928619,-1.49694204330444,-1.0579651594162,-1.29830551147461,36.1796337148022,0.555944759818075,100.0,0.0,1.0,1.0,0.0,1.1505720275988207,5.5359037559992625,2.3693087250369538,4.032238635481722,0.1310282624064041,0.08617769624105233,6.2808545352410965,7.398552576185627,0.0,3.4011973816621555,5.4932836035209425
ETH,2016,0.1,0.578,-0.442086547613144,-0.714294850826263,-1.61724519729614,-1.10960459709167,-1.40238106250763,37.4763520641195,0.550349978525202,100.0,0.0,1.0,1.0,0.0,1.1505720275988207,5.584431555632141,2.498973906999436,4.171027786993058,0.09531017980432487,0.10436001532424277,6.394707187363047,7.527551605015208,0.0,3.7819143200811256,5.5359037559992625
ETH,2017,0.099,0.563,-0.582322061061859,-0.759255349636078,-1.67723059654236,-1.0297976732254,-1.43262052536011,36.6679619102602,0.55169499760372,100.0,0.0,1.0,1.0,0.0,1.5727739280625088,5.6198100247434715,2.540814281726296,4.1701938745055385,0.09531017980432487,0.10436001532424277,6.366659433308965,7.603772116301371,0.0,3.8133070324889884,5.584431555632141
ETH,2018,0.132,0.56,-0.50531792640686,-0.666894257068634,-1.27460920810699,-0.984722435474396,-1.16189217567444,37.8019452158832,0.54253096790372,100.0,0.0,1.0,0.0,0.0,1.5727739280625088,5.658492208165421,2.655352412101761,4.251590446956661,0.08617769624105233,0.11332868530700317,6.42222046283593,7.64793755032699,0.0,3.8242840911201395,5.6198100247434715
ETH,2019,0.16,0.563,-0.434498816728592,-0.66142076253891,-1.30376279354095,-0.910632014274597,-1.06248962879181,38.6016105538981,0.530498131316866,99.935,0.0,1.0,0.0,0.0,1.5727739280625088,5.696784988004333,2.719319793360441,4.390168400365504,0.09531017980432487,0.11332868530700317,6.535570679742486,7.715767857743915,0.0,3.8918202981106265,5.658492208165421
ETH,2020,0.153,0.565,-0.389672368764877,-0.589582562446594,-1.75370299816132,-0.975501298904419,-1.03639280796051,38.4726948780506,0.530899900582751,99.936,0.0,1.0,1.0,0.0,1.623340817603092,5.722169805659472,2.7067159780890733,4.242635248634243,0.09531017980432487,0.11332868530700317,6.359215673040092,7.786464337813864,0.0,3.9531649487593215,5.696784988004333
ETH,2021,0.14,0.576,-0.422021746635437,-0.650382697582245,-2.18383121490479,-0.941965937614441,-1.07109928131104,38.3461297371075,0.532611288961892,100.0,0.0,1.0,1.0,0.0,1.623340817603092,5.707091645319655,2.716018370751387,4.28310368667448,0.09531017980432487,0.11332868530700317,6.373521134493478,7.859186527532515,0.0,4.01096295328305,5.722169805659472
ETH,2022,0.134,0.572,-0.433258950710297,-0.791824162006378,-2.07060623168945,-0.94841742515564,-1.04841494560242,38.5937265910016,0.527037457539315,100.0,0.0,1.0,0.0,0.0,1.7613002617433464,5.718662503978765,2.8130106367386967,4.401142751866112,0.09531017980432487,0.12221763272424921,6.46673242087248,7.953642633291039,0.0,4.032469158504013,5.707091645319655
FIN,2003,0.833,0.015,2.3741238117218,2.19400310516357,1.6870174407959,1.82632374763489,1.57245707511902,72.1891220201919,0.280444053970029,22.615,1.0,0.0,0.0,1.55814461804655,1.3787660946990992,4.195247262989873,4.501253072568319,5.981232376541733,0.708035793053696,2.89591193827178,11.235323774320564,10.276684575187609,0.18343949989529584,4.61512051684126,4.062965515904924
FIN,2004,0.834,0.015,2.41011142730713,2.14761972427368,1.61962687969208,1.78043079376221,1.78360843658447,72.134029559635,0.286962029283842,29.858,1.0,0.0,1.0,1.55814461804655,1.3862943611198906,4.116082349405359,4.518631424570852,5.976995371638223,0.708035793053696,2.9096295745005794,11.228167233925202,10.348182715111149,0.18343949989529584,4.61512051684126,4.195247262989873
FIN,2005,0.834,0.015,2.3147189617157,2.12453174591064,1.59494686126709,1.66158723831177,1.68709695339203,72.6429896926702,0.285166580164629,33.248,1.0,0.0,1.0,1.55814461804655,1.3962446919730587,3.883052535786074,4.483793199821491,5.882062542290436,0.708035793053696,2.872999508171694,11.129557907629312,10.375012116185667,0.3759510475950004,4.61512051684126,4.116082349405359
FIN,2006,0.837,0.015,2.45411086082458,2.1676173210144,1.50111103057861,1.60181975364685,1.4940721988678,75.0145309153837,0.283659981680114,27.294,1.0,0.0,0.0,1.541159071680806,1.4011829736136412,4.0417962595642445,4.550608397995409,5.951974997821505,0.708035793053696,2.933324813425374,11.195822408779497,10.44722695506741,0.3759510475950004,4.61512051684126,3.883052535786074
FIN,2007,0.842,0.015,2.38947749137878,1.96812081336975,1.48869705200195,1.54888129234314,1.4602267742157,75.0055921031653,0.283147032076012,29.962,1.0,0.0,0.0,1.541159071680806,1.410986973710262,4.168533372190502,4.551030739887443,5.948536169052059,0.708035793053696,2.929592471049446,11.188118112278032,10.541261896011115,0.3759510475950004,4.61512051684126,4.0417962595642445
FIN,2008,0.843,0.015,2.32084584236145,2.04124021530151,1.44586837291718,1.61093139648438,1.46308124065399,74.9860134848031,0.282382581184128,35.902,1.0,0.0,0.0,1.541159071680806,1.3887912413184778,3.972741683658841,4.512177319138926,5.9121399148898774,0.708035793053696,2.8881470628740535,11.146970321447347,10.598688154587531,0.3759510475950004,4.61512051684126,4.168533372190502
FIN,2009,0.843,0.015,2.24071860313416,2.22546005249023,1.45967149734497,1.80945932865143,1.46526706218719,74.4006091200968,0.281736930213618,30.114,1.0,0.0,1.0,1.541159071680806,1.3937663759585917,3.647344524768845,4.444414407108697,5.835652487954057,0.708035793053696,2.818995095053937,11.06548577649486,10.544542744659225,0.3759510475950004,4.61512051684126,3.972741683658841
FIN,2010,0.843,0.015,2.15166974067688,2.22388696670532,1.42360687255859,1.87310171127319,1.48671269416809,74.5757914644322,0.282775596196683,29.985,1.0,0.0,1.0,1.541159071680806,1.3962446919730587,4.090190445546322,4.523309159507771,5.9196758065332915,0.708035793053696,2.8898160479624417,11.145166548706724,10.570073911542181,0.3759510475950004,4.61512051684126,3.647344524768845
FIN,2011,0.844,0.015,2.1919150352478,2.23519229888916,1.39347100257874,1.81332981586456,1.50755143165588,74.6891220963358,0.284787797120329,32.898,1.0,1.0,0.0,1.541159071680806,1.4060969884160703,3.952666022521774,4.481306198765705,5.860566826180668,0.708035793053696,2.845490610223448,11.081265487448743,10.617587597463553,0.3759510475950004,4.61512051684126,4.090190445546322
FIN,2012,0.844,0.015,2.22684669494629,2.2103111743927,1.40076518058777,1.8215891122818,1.60069715976715,75.3132621750648,0.282654279896015,40.562,1.0,0.0,0.0,1.541159071680806,1.4060969884160703,3.7903098673919375,4.486949554600661,5.833227613238084,0.708035793053696,2.8466520505398383,11.049081020941163,10.614968467905118,0.3874059265697669,4.61512051684126,3.952666022521774
FIN,2013,0.856,0.012,2.20024275779724,2.18062210083008,1.38517248630524,1.84167218208313,1.5736231803894,75.2760567927729,0.286777076167595,35.967,1.0,1.0,0.0,1.5238800240724537,1.4134230285081433,3.9510791741192106,4.476995847264583,5.837150103872228,0.8544153281560676,2.8326249356838407,11.048392715135316,10.629266604910754,0.3874059265697669,4.61512051684126,3.7903098673919375
FIN,2014,0.856,0.012,2.15926671028137,2.02504563331604,1.28219723701477,1.87765765190125,1.54184234142303,75.4842312934337,0.288987169794264,38.59,1.0,1.0,0.0,1.2781522025001875,1.4182774069729414,3.8537130840169445,4.466712392840524,5.801583489148509,0.8544153281560676,2.818995095053937,11.00857014689021,10.634607033858211,0.3874059265697669,4.61512051684126,3.9510791741192106
FIN,2015,0.83,0.012,2.2156457901001,1.84316194057465,1.02799820899963,1.8257349729538,1.54369699954987,75.1212060301418,0.287221436761699,44.498,1.0,1.0,1.0,1.2781522025001875,1.4182774069729414,3.883663576483502,4.453765731828859,5.798768359458343,0.8544153281560676,2.803360380906535,11.002451595997933,10.651838127089123,0.3874059265697669,4.61512051684126,3.8537130840169445
FIN,2016,0.829,0.012,2.18630695343018,1.84161901473999,0.982591867446899,1.80655252933502,1.53210496902466,74.2330028866173,0.284931894759472,44.233,1.0,1.0,1.0,1.2781522025001875,1.4182774069729414,4.027165479394895,4.485259889315534,5.814378262331361,0.8544153281560676,2.830857630363757,11.01523848332695,10.704668198151795,0.3874059265697669,4.61512051684126,3.883663576483502
FIN,2017,0.839,0.012,2.16233658790588,1.9772777557373,1.06380820274353,1.81227469444275,1.5595486164093,74.1431609448426,0.28447535430661,46.608,1.0,1.0,0.0,1.1410330045520618,1.425515074273172,4.036161379907677,4.4880744141118445,5.7936719282294415,0.8544153281560676,2.831447079246135,10.992118492870032,10.762908477721272,0.3874059265697669,4.61512051684126,4.027165479394895
FIN,2018,0.846,0.019,2.17175912857056,2.01387786865234,0.891889691352844,1.77911019325256,1.58935248851776,74.1111510078526,0.28449871078289,45.764,1.0,1.0,1.0,1.1410330045520618,1.423108334242607,4.224546222267164,4.5127258955968115,5.813655792288412,0.8544153281560676,2.8535925063928684,11.010832566389928,10.804658099159239,0.3874059265697669,4.61512051684126,4.036161379907677
FIN,2019,0.842,0.01,2.11393284797668,1.97280502319336,0.835258841514587,1.84047222137451,1.56299781799316,73.8151772621887,0.284531791581487,46.466,1.0,1.0,1.0,1.095273387402595,1.425515074273172,4.11313007153475,4.495913200051142,5.792989217842795,0.8544153281560676,2.836736542063533,10.989010836028768,10.864313917022868,0.3874059265697669,4.61512051684126,4.224546222267164
FIN,2020,0.842,0.011,2.17043972015381,1.90100395679474,0.981825113296509,1.85089826583862,1.6095118522644,74.1789855511038,0.283522843609008,51.892,1.0,1.0,1.0,0.9516578757114464,1.425515074273172,3.9956664930277217,4.446643277759854,5.752413896067938,0.8544153281560676,2.7880929087757464,10.94688796692044,10.88364619223485,0.3874059265697669,4.61512051684126,4.11313007153475
FIN,2021,0.836,0.011,2.23784065246582,1.91831088066101,0.963275969028473,1.88712561130524,1.60936939716339,74.6804733263889,0.281034425922063,52.947,1.0,1.0,1.0,0.9516578757114464,1.4279160358107101,4.173693344768724,4.509539954972841,5.773237017334384,0.8544153281560676,2.8460714989995846,10.965707776982109,10.947139773073706,0.3874059265697669,4.61512051684126,3.9956664930277217
FIN,2022,0.833,0.011,2.24686503410339,1.75458240509033,0.894830107688904,1.77915287017822,1.60676980018616,74.75656101349,0.282452526461527,53.568,0.0,1.0,0.0,0.9516578757114464,1.4279160358107101,4.164786799265526,4.450736132681027,5.772163603511222,0.8544153281560676,2.785628335747585,10.959547565888945,11.024320422765978,0.0,4.61512051684126,4.173693344768724
FJI,2003,0.374,0.314,0.276081532239914,0.0618577711284161,0.452653437852859,-0.282602161169052,0.0666418224573135,42.3324647174571,0.518972918900501,54.023,0.0,0.0,0.0,0.0,0.07696104113612832,1.4267504204423234,0.6259384308664953,2.068380594320411,0.09531017980432487,0.6931471805599453,8.98467765021496,8.705185357113802,0.0,4.394449154672439,1.3698767685137134
FJI,2004,0.374,0.314,0.29008686542511,-0.472905904054642,0.389960020780563,-0.727014660835266,-0.0370266474783421,42.468741511096,0.520818960998191,56.818,0.0,0.0,0.0,0.0,0.08617769624105233,1.538049322645556,0.6312717768418579,2.329811079247637,0.09531017980432487,0.6981347220709844,9.269492286361773,8.77406928024385,0.0,4.401829261970061,1.4267504204423234
FJI,2005,0.374,0.314,-0.224626928567886,-0.0410240553319454,0.386921286582947,-0.39935889840126,0.0493086352944374,41.4240631168902,0.511243319926776,52.809,0.0,0.0,0.0,0.0,0.08617769624105233,1.483020450639035,0.636576829071551,2.187174241482718,0.10436001532424277,0.6981347220709844,9.10112108750365,8.802790931922134,0.0,4.414009680526933,1.538049322645556
FJI,2006,0.266,0.318,0.184131041169167,-0.0131071144714952,-0.0340580493211746,-0.383677423000336,-0.325200825929642,45.0788636360169,0.506323800227814,52.222,0.0,0.0,1.0,0.0,0.08617769624105233,1.5152289239371677,0.6418538861723948,2.2717134293269585,0.10436001532424277,0.6981347220709844,9.186890664159565,8.842503020685298,0.0,4.426043520090656,1.483020450639035
FJI,2007,0.108,0.235,0.121460936963558,-0.539598524570465,0.0618767961859703,-0.372163325548172,-0.650255858898163,45.5779866012007,0.502969954440677,68.539,0.0,0.0,0.0,0.0,0.08617769624105233,1.4898737573901193,0.636576829071551,2.1972245773362196,0.10436001532424277,0.688134638736401,9.095072832305211,8.85233927654467,0.0,4.498697941477575,1.5152289239371677
FJI,2008,0.107,0.229,0.0983418449759483,-1.04641199111938,-0.0669486746191978,-0.700911939144135,-0.70470142364502,45.6627089162207,0.505940423825646,67.857,0.0,0.0,0.0,0.0,0.08617769624105233,1.445848647102721,0.6097655716208943,1.9454814857637597,0.10436001532424277,0.6575200029167942,8.800672042697352,8.875513461377912,0.0,4.468204330914934,1.4898737573901193
FJI,2009,0.098,0.229,-0.154777318239212,-1.17454290390015,-0.272885650396347,-0.971093595027924,-0.910686910152435,44.4951084183681,0.509762528326394,62.651,0.0,0.0,0.0,0.0,0.08617769624105233,1.1577459240521433,0.6043159668533296,1.8146618624453592,0.10436001532424277,0.6523251860396903,8.64219085009024,8.863465085678609,0.0,4.461299815568389,1.445848647102721
FJI,2010,0.107,0.234,-0.159897983074188,-0.915295720100403,-0.190827518701553,-0.564225971698761,-1.1063551902771,44.8144544328755,0.503102200870021,52.273,0.0,0.0,0.0,0.0,0.08617769624105233,1.5753945583716393,0.6312717768418579,2.132508262616528,0.10436001532424277,0.6780335427498971,9.007995642767762,8.901159085670404,0.0,4.536891345234797,1.1577459240521433
FJI,2011,0.107,0.234,0.108835898339748,-0.898599445819855,-0.0712881982326508,-0.451289445161819,-1.09306156635284,46.2627245138286,0.500810906699799,57.647,0.0,0.0,0.0,0.0,0.08617769624105233,1.4290995091343188,0.6151856390902335,1.8699543168131119,0.10436001532424277,0.6575200029167942,8.70147915084066,8.94544744804284,0.0,4.537961436294641,1.5753945583716393
FJI,2012,0.107,0.242,0.181172475218773,-1.04902374744415,-0.0677748322486877,-0.587406158447266,-0.978677988052368,46.6293008199148,0.500670556544971,66.279,0.0,0.0,1.0,0.0,0.1310282624064041,1.4211521675313254,0.6205764877251099,1.8679486075856013,0.10436001532424277,0.6626879730752367,8.697108355167519,9.012555754473253,0.0,4.539030383483547,1.4290995091343188
FJI,2013,0.115,0.239,0.196483537554741,-1.02984869480133,-0.0510276891291142,-0.525646507740021,-0.909636080265045,46.969626041111,0.496411850608583,63.636,0.0,0.0,0.0,0.0,0.1310282624064041,1.46656656092657,0.6312717768418579,1.9233723560299472,0.11332868530700317,0.6729444732424258,8.760606398206889,9.08739862369997,0.0,4.530446639792155,1.4211521675313254
FJI,2014,0.145,0.217,0.385087877511978,-0.400987982749939,0.553164601325989,-0.256007999181747,-0.176666140556335,48.2700802588183,0.496055061587477,48.352,0.0,0.0,0.0,0.0,0.1310282624064041,1.3960816999867003,0.6471032420585385,1.9982314862542927,0.11332868530700317,0.688134638736401,8.846413050148218,9.26077296866745,0.0,4.543294782270004,1.46656656092657
FJI,2015,0.268,0.245,0.378061681985855,-0.334282904863358,0.569660663604736,-0.235928744077682,0.0277618281543255,48.3229990587831,0.492995354254242,48.387,0.0,0.0,1.0,0.0,0.1310282624064041,1.4107698835507765,0.6575200029167942,2.047047473868832,0.13976194237515868,0.6981347220709844,8.901634030327527,9.351866081367453,0.0,4.545420181582317,1.3960816999867003
FJI,2016,0.278,0.246,0.33558577299118,-0.280381351709366,0.897029459476471,-0.228087186813354,0.0286825429648161,48.5530341481294,0.493082342167864,54.737,0.0,0.0,0.0,0.0,0.1310282624064041,1.4094765706913488,0.6678293725756554,2.0153029405635916,0.13976194237515868,0.708035793053696,8.864415863050048,9.373015018433449,0.0,4.547541073151455,1.4107698835507765
FJI,2017,0.287,0.244,0.638820290565491,0.237182199954987,0.585380256175995,0.0646388009190559,0.123874723911285,50.0262158881101,0.489497466693817,50.0,0.0,0.0,0.0,0.0,0.1310282624064041,1.4104443083259115,0.7030975114131134,2.0895156272513105,0.13976194237515868,0.7466879474879752,8.949959409464508,9.440362429751273,0.0,4.574710978503383,1.4094765706913488
FJI,2018,0.285,0.249,0.69995129108429,0.7747842669487,0.832882523536682,0.0395447723567486,0.145927339792252,49.9797768409134,0.493014818508242,59.091,0.0,0.0,0.0,0.0,0.1310282624064041,1.4438305473134454,0.7419373447293773,2.1076645006235757,0.13976194237515868,0.7884573603642702,8.972451896594546,9.47156608624025,0.0,4.565389315976247,1.4104443083259115
FJI,2019,0.267,0.271,0.688054382801056,0.762365400791168,0.779334902763367,0.0334556773304939,0.0224217269569635,51.9031176744563,0.451498407858179,57.895,0.0,0.0,0.0,0.0,0.1310282624064041,1.4625621171575345,0.76080582903376,2.0987538527122087,0.15700374880966475,0.8109302162163288,8.96482300820041,9.47109557608244,0.0,4.575741375297279,1.4438305473134454
FJI,2020,0.273,0.29,0.613366007804871,0.590555310249329,0.662797212600708,-0.102151036262512,0.0560786165297031,51.8804468215571,0.450033303144246,62.963,0.0,0.0,1.0,0.0,0.1310282624064041,1.310472932683406,0.7323678937132266,1.809271894312686,0.15700374880966475,0.7793248768009976,8.62724759353238,9.27961373821899,0.0,4.585987366571318,1.4625621171575345
FJI,2021,0.272,0.323,0.44344025850296,0.660467982292175,0.72510689496994,-0.00529439095407724,-0.1721011698246,50.9130566290379,0.452949667808735,62.264,0.0,0.0,0.0,0.0,0.1310282624064041,1.3692344644080308,0.7227059828014898,1.9041948985578432,0.15700374880966475,0.7701082216960736,8.737764316878359,9.242171150923454,0.0,4.533674184283021,1.310472932683406
FJI,2022,0.266,0.351,0.388872087001801,0.593959331512451,0.748508632183075,-0.0602172017097473,-0.143952786922455,50.509311596437,0.452260764313332,60.748,0.0,0.0,0.0,0.0,0.1310282624064041,1.4074681968478642,0.7275486072772778,1.9941559473974755,0.15700374880966475,0.7701082216960736,8.839747883904167,9.47141853684832,0.0,4.532599493153256,1.3692344644080308
FRA,2003,0.797,0.061,1.30575609207153,1.6510945558548,0.179551064968109,1.21546447277069,1.12266278266907,64.1939443489169,0.30861258819549,10.994,0.0,0.0,1.0,2.2407096892759584,3.195811885269649,6.181514814081354,6.201968554875728,8.05644008385791,0.7839015438284094,2.209372711271867,10.857276591997445,10.240983415499315,0.0,4.61512051684126,6.184089490133228
FRA,2004,0.797,0.061,1.31116378307343,1.75563025474548,0.345115303993225,1.21646451950073,1.45645833015442,64.3632350198906,0.308031898074153,11.022,0.0,0.0,1.0,2.2460147415056513,3.1912990570979662,6.181085893955528,6.225330408450468,8.064991758565766,0.8020015854720274,2.224623551524334,10.858709224814266,10.272500509587081,0.0,4.61512051684126,6.181514814081354
FRA,2005,0.797,0.061,1.3575382232666,1.66645479202271,0.399723917245865,1.24496161937714,1.476771235466,64.5787494876913,0.307594723249661,9.66,0.0,1.0,1.0,2.1656192379208883,3.1917101567954314,6.184354744184538,6.234038107285137,8.05676881428148,0.8020015854720274,2.225704048658088,10.843158524020712,10.323257744101015,0.2191085761020307,4.61512051684126,6.181085893955528
FRA,2006,0.797,0.061,1.45506083965302,1.62847626209259,0.595505774021149,1.23982167243958,1.29872286319733,65.6256515469897,0.307428773828465,10.737,0.0,1.0,1.0,2.143589361503588,3.1921210875593813,6.157116120808447,6.224479218217454,8.048766238562775,0.8020015854720274,2.21046980408624,10.828283888980517,10.38688373467939,0.2191085761020307,4.61512051684126,6.184354744184538
FRA,2007,0.805,0.061,1.45600175857544,1.46457493305206,0.563000798225403,1.28756642341614,1.2597668170929,66.5758610938732,0.30664187777273,11.445,0.0,1.0,1.0,2.143589361503588,3.192531849528599,6.155042090291823,6.226595956067519,8.031642124699228,0.8586616190375187,2.2071749081893874,10.805007552268371,10.436127489024116,0.2191085761020307,4.61512051684126,6.157116120808447
FRA,2008,0.814,0.061,1.39503479003906,1.57403433322906,0.543759167194366,1.28425264358521,1.30479431152344,66.6004513544888,0.305896262587723,12.757,0.0,1.0,1.0,2.143589361503588,3.1908877883280318,6.1417394322990155,6.253809580621328,8.034580804830847,1.0296194171811583,2.2267833795777636,10.802392707293441,10.464652502954088,0.2191085761020307,4.61512051684126,6.155042090291823
FRA,2009,0.814,0.061,1.4299693107605,1.47705447673798,0.512012898921967,1.21470284461975,1.24453508853912,67.0017819943224,0.306673266150096,12.886,0.0,1.0,1.0,2.143589361503588,3.1945831322991562,6.136211300701117,6.22245721336559,7.975877431852211,1.0986122886681096,2.1938856760707046,10.738487726829128,10.453571193216224,0.2191085761020307,4.61512051684126,6.1417394322990155
FRA,2010,0.814,0.061,1.48775613307953,1.46266102790833,0.681087553501129,1.31016075611115,1.20285654067993,67.743962009878,0.30505265421119,13.635,0.0,1.0,1.0,2.143589361503588,3.2035591207563074,6.152299914542044,6.277864548057207,8.007110957933874,1.1184149159642893,2.238579763018133,10.764816416396261,10.488841924536807,0.2191085761020307,4.61512051684126,6.136211300701117
FRA,2011,0.815,0.061,1.53777325153351,1.39230680465698,0.602992832660675,1.15604257583618,1.17066836357117,67.982328238166,0.305345184507752,11.63,0.0,1.0,1.0,2.143589361503588,3.2120525995200753,6.111443163377711,6.238793265210547,7.972021089423219,1.1184149159642893,2.199444334074532,10.724738548032837,10.532399525684147,0.2191085761020307,4.61512051684126,6.152299914542044
FRA,2012,0.818,0.061,1.4719694852829,1.37338125705719,0.554941534996033,1.12417411804199,1.23810577392578,67.8427385045641,0.30466001777237,15.02,0.0,1.0,0.0,2.143589361503588,3.2128577525426376,6.109278255542151,6.261606181582774,7.971036719154272,1.1184149159642893,2.2159372862683733,10.718672681536475,10.536673027059537,0.2324956568844901,4.61512051684126,6.111443163377711
FRA,2013,0.82,0.055,1.30433368682861,1.48205244541168,0.448744118213654,1.14989483356476,1.21920275688171,67.282023522172,0.304543967682562,17.24,0.0,1.0,1.0,1.937301774518713,3.212455257065278,6.084081776698925,6.271536485808084,7.9814096948815045,1.1184149159642893,2.2202898502672155,10.723922015526455,10.58618916873352,0.2324956568844901,4.61512051684126,6.109278255542151
FRA,2014,0.82,0.055,1.2879855632782,1.41287088394165,0.300568491220474,1.07406842708588,1.21813237667084,67.902035082945,0.303244860594214,16.604,1.0,1.0,1.0,1.860974538249528,3.2108436531709366,6.0214649566336895,6.2148480696267985,7.936939601523349,1.1568811967920856,2.1656192379208883,10.674715471211583,10.60209792922118,0.263911853117869,4.61512051684126,6.084081776698925
FRA,2015,0.813,0.055,1.24783480167389,1.41732227802277,0.0977598056197166,1.11580765247345,1.20674192905426,67.9069582400311,0.303791829266957,15.996,1.0,1.0,1.0,1.4747630091074988,3.211649779776461,6.043014606057084,6.236526133723123,7.946060791148971,1.172482137234565,2.1815467646169897,10.680385541872477,10.61930347849159,0.2716140734799613,4.61512051684126,6.0214649566336895
FRA,2016,0.813,0.055,1.32828891277313,1.38062357902527,-0.106349594891071,1.05861842632294,1.13691318035126,67.7595518409474,0.302903776042362,17.715,1.0,1.0,1.0,1.4747630091074988,3.2144661163795005,6.055131022250063,6.2506313975988474,7.925734713652396,1.172482137234565,2.191653532286764,10.65742964629446,10.6661895997968,0.2716140734799613,4.61512051684126,6.043014606057084
FRA,2017,0.815,0.055,1.22452700138092,1.30890679359436,0.265701532363892,1.14648473262787,1.15271818637848,67.3408935052657,0.302696238237504,16.538,1.0,1.0,1.0,1.4747630091074988,3.2180755046974316,6.0797593172485005,6.24728823781082,7.921981468872911,1.172482137234565,2.186051276738094,10.650638876061166,10.70257336404086,0.2716140734799613,4.61512051684126,6.055131022250063
FRA,2018,0.797,0.062,1.28155159950256,1.41971850395203,0.013894104398787,1.1474986076355,1.1575254201889,67.5853668023877,0.301001116953221,19.757,1.0,1.0,1.0,1.4747630091074988,3.2188758248682006,6.024741321565376,6.242748419366502,7.934308930072667,1.172482137234565,2.178155014615869,10.659380914577136,10.74466800531665,0.2716140734799613,4.61512051684126,6.0797593172485005
FRA,2019,0.793,0.065,1.24806225299835,1.33822000026703,0.271341234445572,1.43153774738312,1.11500012874603,67.7222688013064,0.30329510576886,19.964,1.0,1.0,1.0,1.4747630091074988,3.2244602031621015,6.012010840287943,6.2321532776379405,7.912916225802349,1.172482137234565,2.166765369851511,10.634782442902491,10.842155483162255,0.2716140734799613,4.61512051684126,6.024741321565376
FRA,2020,0.789,0.058,1.12261998653412,1.2042510509491,0.280992835760117,1.18946194648743,1.06575298309326,66.7702304451671,0.30235527872919,23.714,1.0,1.0,1.0,1.4747630091074988,3.2280337626529665,5.8954273055074715,6.180451341770698,7.801908780493879,1.1878434223960523,2.1186622548331173,10.521063710436486,10.809380502971534,0.2716140734799613,4.61512051684126,6.012010840287943
FRA,2021,0.788,0.058,1.28193628787994,1.22854030132294,0.325612366199493,1.23037326335907,1.10422718524933,67.5842475482433,0.302884938058303,22.187,1.0,1.0,1.0,1.144222799920162,3.229222116922345,5.980019658732338,6.227366364520854,7.862713109254739,1.1878434223960523,2.157559320943788,10.579188910851757,10.868917635046747,0.2716140734799613,4.61512051684126,5.8954273055074715
FRA,2022,0.808,0.05,1.25943613052368,1.16521215438843,0.393339216709137,1.1889523267746,1.11015677452087,67.395343667044,0.305648385396293,24.169,0.0,1.0,1.0,1.144222799920162,3.228430037673012,5.946943190381557,6.182477391667807,7.7437864796782385,1.1878434223960523,2.115049969147204,10.457287805840226,10.934598550289513,0.0,4.61512051684126,5.980019658732338
GAB,2003,0.202,0.88,-0.553776979446411,-0.425413876771927,0.29903855919838,-0.058016262948513,-0.662809371948242,44.1316777409714,0.447865137735404,58.824,0.0,0.0,0.0,0.0,0.15700374880966475,-4.290083034605048,0.9282193027394289,2.424802725718295,0.16551443847757338,0.7466879474879752,8.916279330426827,9.515261524978087,0.0,4.375757021660286,-4.311207754651886
GAB,2004,0.202,0.88,-0.826650083065033,-0.849328279495239,0.408170908689499,-0.430164128541946,-0.780080676078796,43.072466243807,0.450329584912781,58.17,0.0,0.0,0.0,0.0,0.15700374880966475,-4.340798273070454,0.9282193027394289,2.4485883871138885,0.15700374880966475,0.7323678937132266,8.914309411010995,9.520664184473715,0.0,4.384523514872469,-4.290083034605048
GAB,2005,0.202,0.88,-0.660073697566986,-0.836270749568939,0.325625747442245,-0.0601043850183487,-0.827001750469208,44.9765736720517,0.448453374637991,51.592,0.0,0.0,1.0,0.0,0.15700374880966475,-4.381507082422882,0.9439058989071285,2.5335380711997373,0.15700374880966475,0.7275486072772778,8.977899610229223,9.548907285225356,0.0,4.414009680526933,-4.340798273070454
GAB,2006,0.205,0.88,-1.08306789398193,-0.835813224315643,0.220006227493286,-0.301130533218384,-0.950213253498077,39.6761824951407,0.444889655034353,57.229,0.0,0.0,0.0,0.0,0.15700374880966475,-4.463945215793456,0.9783261227936076,2.5418381860413235,0.15700374880966475,0.7419373447293773,8.956708231302322,9.52063428534047,0.0,4.400603020246817,-4.381507082422882
GAB,2007,0.205,0.88,-1.16633176803589,-0.833615064620972,0.30284458398819,-0.382520467042923,-0.86647754907608,39.3203976620536,0.444800339134989,46.243,0.0,0.0,0.0,0.0,0.15700374880966475,-4.534026513411326,1.0043016091968684,2.557149788982999,0.1906203596086497,0.7466879474879752,8.942090531435294,9.574444909086509,0.0,4.410371107683024,-4.463945215793456
GAB,2008,0.205,0.88,-1.16565454006195,-0.900729417800903,0.261874705553055,-0.560679852962494,-0.845180630683899,39.1856943082488,0.443680576386692,49.171,0.0,0.0,0.0,0.0,0.15700374880966475,-4.552656206971434,1.0331844833456545,2.56541078944696,0.18232155679395462,0.7561219797213337,8.918782665614927,9.527680849928274,0.0,4.418840607796598,-4.534026513411326
GAB,2009,0.206,0.88,-1.07714748382568,-0.762323498725891,0.140438765287399,-0.477560758590698,-0.971218228340149,39.3192855349944,0.44232905808496,51.913,0.0,0.0,0.0,0.0,0.15700374880966475,-4.591997381459382,1.0402767116551463,2.548507231197595,0.18232155679395462,0.7419373447293773,8.86719872419375,9.501857548056778,0.0,4.4272389774954295,-4.552656206971434
GAB,2010,0.209,0.873,-0.905257821083069,-0.79597407579422,0.299279242753983,-0.435533314943314,-0.865145206451416,39.5968097239684,0.438608489824362,47.15,0.0,0.0,1.0,0.0,0.15700374880966475,-4.61885937827871,1.0750024230289759,2.7143635631588023,0.11332868530700317,0.7514160886839212,9.011435671781593,9.547932734530058,0.0,4.5031374604229395,-4.591997381459382
GAB,2011,0.209,0.873,-0.893178522586823,-0.847473442554474,0.384890913963318,-0.456474870443344,-0.905199348926544,39.4677577881055,0.439778326841457,41.379,0.0,0.0,0.0,0.0,0.15700374880966475,-4.577490100984311,1.1085626195212777,2.747078588069688,0.11332868530700317,0.76080582903376,9.010950333899963,9.601391993401524,0.0,4.49647076906475,-4.61885937827871
GAB,2012,0.216,0.887,-0.666252255439758,-0.961209893226624,0.293291419744492,-0.532351732254028,-0.863606691360474,40.7298782045619,0.43425930344399,42.13,0.0,0.0,1.0,0.0,0.15700374880966475,-4.585735612174021,1.1505720275988207,2.9756826157482874,0.09531017980432487,0.7747271675523681,9.217686026474432,9.590194852788995,0.0,4.5031374604229395,-4.577490100984311
GAB,2013,0.228,0.777,-0.634305477142334,-0.868893802165985,0.330102741718292,-0.614103138446808,-0.863398909568787,40.8058905338677,0.434427757866055,44.976,0.0,0.0,1.0,0.0,0.2851789422336624,-4.557586542962701,1.184789984909162,2.9837609017727713,0.08617769624105233,0.7839015438284094,9.190975374905925,9.581834417143861,0.0,4.470495282661489,-4.585735612174021
GAB,2014,0.228,0.777,-0.678029417991638,-0.606707334518433,0.149542808532715,-0.69313257932663,-0.866170287132263,41.3656356728843,0.432016895203815,40.201,0.0,1.0,0.0,0.0,0.2851789422336624,-4.545932106352531,1.2178757094949273,3.040849032357114,0.08617769624105233,0.7884573603642702,9.21745540002576,9.606069656789177,0.0,4.478472532942134,-4.557586542962701
GAB,2015,0.228,0.777,-0.72360235452652,-0.759362697601318,0.0152472918853164,-0.732971966266632,-0.894511580467224,41.0688482533429,0.432385877051942,43.396,0.0,1.0,1.0,0.0,0.2851789422336624,-4.545779511415206,1.2412685890696329,2.9921257779598793,0.07696104113612832,0.7929925155296614,9.135084464273415,9.56853454667699,0.0,4.480740107609915,-4.545932106352531
GAB,2016,0.23,0.777,-0.758754312992096,-0.832691252231598,-0.110105983912945,-0.717620611190796,-0.968311488628387,41.0618894204737,0.435587623575541,37.9,0.0,1.0,0.0,0.0,0.2851789422336624,-4.5257412589278925,1.264126727145683,2.974866080872606,0.07696104113612832,0.7929925155296614,9.088263129396775,9.546722267673285,0.0,4.489759334476764,-4.545779511415206
GAB,2017,0.234,0.825,-0.841892600059509,-1.0042712688446,-0.105890899896622,-0.71398663520813,-1.06009995937347,40.6850952461017,0.435930868054193,41.964,0.0,0.0,0.0,0.0,0.2851789422336624,-4.500977797675651,1.308332819650179,3.0424250015459733,0.07696104113612832,0.8109302162163288,9.132715314429946,9.60222221971291,0.0,4.469350462845556,-4.5257412589278925
GAB,2018,0.214,0.803,-0.85915344953537,-0.826597571372986,-0.257340848445892,-0.889868915081024,-0.961422681808472,40.6744407345421,0.436592504599892,47.122,0.0,1.0,0.0,0.0,0.2851789422336624,-4.515863860349368,1.4562867329399256,2.859225028899328,0.08617769624105233,0.9122827104766162,8.914077455828805,9.64426614260311,0.0,4.506454213048934,-4.500977797675651
GAB,2019,0.205,0.839,-0.887044489383698,-0.957504510879517,-0.0750986188650131,-0.958428800106049,-1.04159319400787,40.4098873185108,0.435159642298578,46.479,0.0,1.0,0.0,0.0,0.2851789422336624,-4.494749697982325,1.4747630091074988,2.7853815440385334,0.08617769624105233,0.9122827104766162,8.810815187540054,9.677254068164562,0.0,4.514150787600923,-4.515863860349368
GAB,2020,0.201,0.821,-0.886901438236237,-0.991475403308868,-0.0657728165388107,-0.881805598735809,-0.977103650569916,39.8300592363265,0.447515955929616,48.805,0.0,0.0,0.0,0.0,0.2851789422336624,-4.496635358129484,1.4973884086254774,2.8333309841951673,0.08617769624105233,0.9122827104766162,8.837951029676384,9.58039457122436,0.0,4.522874943261261,-4.494749697982325
GAB,2021,0.203,0.825,-0.868000090122223,-0.816382169723511,-0.0757173225283623,-0.821126997470856,-0.891519963741302,40.3093442093328,0.43941679086644,46.622,0.0,1.0,0.0,0.0,0.2851789422336624,-4.506806300283462,1.501852701754163,2.843978718326454,0.08617769624105233,0.9042181506398859,8.826170012691101,9.826853767219815,0.0,4.530446639792155,-4.496635358129484
GAB,2022,0.206,0.83,-1.04297661781311,-0.685424149036407,0.0603694021701813,-0.702257215976715,-0.880173981189728,39.837298291534,0.436387799733926,47.962,0.0,1.0,0.0,0.0,0.2851789422336624,-4.4982841177979145,1.5539252025038417,2.821973947420524,0.08617769624105233,0.9321640810304452,8.780342378520572,9.903165353853046,0.0,4.548599834499697,-4.506806300283462
GBR,2003,0.801,0.04,1.98295390605927,1.74633467197418,0.27125072479248,1.64780592918396,1.33304226398468,69.1018617993562,0.271393599468273,2.685,0.0,0.0,1.0,3.4836986031738992,1.0260415958332743,6.570195432433094,5.9948836951536375,7.889734120963184,1.8656293177945105,2.0399207835175526,10.70579081895528,10.319514168176843,0.0,4.61512051684126,6.556696835803403
GBR,2004,0.801,0.04,1.91091167926788,1.86802077293396,0.140847533941269,1.7263457775116,1.59744584560394,68.8453023814049,0.272420569426845,3.59,0.0,0.0,1.0,3.4836986031738992,1.0296194171811583,6.562025789933524,5.9974714693713835,7.897910410491494,1.8656293177945105,2.0373166153791646,10.708143079555468,10.375254369085484,0.0,4.61512051684126,6.570195432433094
GBR,2005,0.804,0.04,1.89147984981537,1.76157212257385,0.124187760055065,1.61318349838257,1.44395637512207,68.6378699744584,0.274699996375347,4.25,0.0,0.0,1.0,3.4836986031738992,1.0296194171811583,6.551682713745319,6.010458023600516,7.906061663301402,1.890095369948917,2.0425181875752383,10.709240232860296,10.395959773936358,0.2191085761020307,4.61512051684126,6.562025789933524
GBR,2006,0.805,0.04,1.78294026851654,1.6667982339859,0.667080104351044,1.83990871906281,1.37877368927002,69.6879179446231,0.27902846642663,4.556,0.0,1.0,1.0,3.4836986031738992,1.0331844833456545,6.543835427685294,6.005835784406955,7.893324654839727,1.969905654611529,2.0320878452963655,10.689018498760769,10.45552659571533,0.2191085761020307,4.61512051684126,6.551682713745319
GBR,2007,0.805,0.04,1.732870221138,1.64163875579834,0.574654936790466,1.86806631088257,1.3355964422226,69.6704325763445,0.278404230213746,4.96,0.0,1.0,1.0,3.481547734315814,1.0367368849500223,6.523884234451291,5.998986188506828,7.865261655886018,1.9740810260220096,2.018895041811802,10.65303666365246,10.47797257452702,0.2191085761020307,4.61512051684126,6.543835427685294
GBR,2008,0.805,0.04,1.66890430450439,1.63480663299561,0.492879867553711,1.78526794910431,1.32102286815643,69.4092845888094,0.280337051181397,5.641,0.0,1.0,1.0,3.481547734315814,1.0750024230289759,6.489856521047826,5.993911550751034,7.8476906598904765,2.020222182019865,2.0082140323914683,10.627504859641979,10.5117789772232,0.2191085761020307,4.61512051684126,6.523884234451291
GBR,2009,0.805,0.04,1.62388980388641,1.50809645652771,0.121949501335621,1.58159780502319,1.30330049991608,69.1576185371669,0.281620555851843,6.699,0.0,1.0,1.0,3.481547734315814,1.0784095813505903,6.4019395391601455,5.9418015020888815,7.7930967864256715,2.0294631718735947,1.9558604799084813,10.565198889063295,10.463798307800133,0.2191085761020307,4.61512051684126,6.489856521047826
GBR,2010,0.803,0.04,1.60567390918732,1.6179975271225,0.411818206310272,1.73051977157593,1.28999388217926,69.9507654539286,0.282892225941665,6.852,0.0,1.0,1.0,3.481547734315814,1.0818051703517284,6.426003635605082,5.9551117176421835,7.814458598140369,2.0294631718735947,1.9615022438151495,10.578597943789884,10.50475713121225,0.2191085761020307,4.61512051684126,6.4019395391601455
GBR,2011,0.803,0.04,1.61486351490021,1.60419464111328,0.351707607507706,1.64937400817871,1.29741168022156,69.8999589488052,0.285519476225044,9.566,0.0,1.0,1.0,3.416085994155906,1.091923300517313,6.35082264899439,5.927432564324861,7.7549908517152195,2.0360119837525,1.9300710850255671,10.511158758590724,10.52474603250449,0.2191085761020307,4.61512051684126,6.426003635605082
GBR,2012,0.804,0.04,1.66546046733856,1.59121036529541,0.40227073431015,1.63784003257751,1.33913254737854,70.0260497938114,0.28738986212319,11.334,0.0,1.0,0.0,3.342154841028372,1.095273387402595,6.38665697583858,5.931528750496984,7.773235126406144,1.8500283773520307,1.927164106234258,10.5223308725267,10.554186317306009,0.2324956568844901,4.61512051684126,6.35082264899439
GBR,2013,0.799,0.04,1.71889758110046,1.51226651668549,0.48620143532753,1.7610878944397,1.32898461818695,70.3595684845916,0.28847439888681,14.852,1.0,1.0,1.0,3.1822118404966093,1.1019400787607843,6.363241908348571,5.923480095566111,7.778828118519345,1.6389967146756448,1.9154509415706047,10.52124304887494,10.59534732865289,0.24832712210117072,4.61512051684126,6.38665697583858
GBR,2014,0.8,0.04,1.74633920192719,1.62349116802216,0.415347635746002,1.81952893733978,1.27575755119324,71.6382779157715,0.287198223876755,19.081,1.0,1.0,1.0,3.100992784211484,1.1085626195212777,6.289301596894691,5.884992302597465,7.7216623931709165,1.706564623164823,1.8764069432883397,10.456680759784154,10.627838293135294,0.24832712210117072,4.61512051684126,6.363241908348571
GBR,2015,0.791,0.04,1.83126831054688,1.70522773265839,0.503706395626068,1.83466100692749,1.29794430732727,72.3103958283085,0.284203905039491,24.599,1.0,1.0,0.0,3.080073421987742,1.1249295969854831,6.257332143825464,5.888822555136103,7.732135525536203,1.3056264580524357,1.873339456220478,10.459232343535415,10.657910915744958,0.24832712210117072,4.61512051684126,6.289301596894691
GBR,2016,0.788,0.04,1.85051727294922,1.57377743721008,0.347932636737823,1.74932622909546,1.29570603370667,71.8941060950847,0.283684943619648,24.474,1.0,1.0,1.0,2.7997173896280336,1.1410330045520618,6.208065303993519,5.880337436555819,7.717761512902713,1.3737155789130306,1.8594181177018698,10.437063425677037,10.693902145331624,0.24832712210117072,4.61512051684126,6.257332143825464
GBR,2017,0.804,0.038,1.81427049636841,1.4309287071228,0.380680292844772,1.70533382892609,1.36429786682129,71.4918177659362,0.284621922976113,29.238,1.0,1.0,1.0,2.785011242238338,1.1537315878891892,6.183806526648198,5.869240414362608,7.719593083215834,1.308332819650179,1.843719208158766,10.431922576704144,10.738872329546952,0.24832712210117072,4.61512051684126,6.208065303993519
GBR,2018,0.809,0.038,1.80687081813812,1.36169874668121,0.0770855620503426,1.76942324638367,1.3817093372345,71.2297315696877,0.284921547152556,33.0,1.0,1.0,0.0,2.5930133911138515,1.1568811967920856,6.167009497672268,5.868929614049305,7.717539950423634,1.1216775615991057,1.8389610707123492,10.423888714156888,10.762428889208602,0.24832712210117072,4.61512051684126,6.183806526648198
GBR,2019,0.787,0.041,1.7486674785614,1.44982588291168,0.526694297790527,1.61285722255707,1.26395773887634,71.0524114020241,0.284539620851581,36.596,1.0,1.0,1.0,2.365559892155434,1.1568811967920856,6.129361748575247,5.856102909177306,7.693474803984093,1.1631508098056809,1.8229350866965048,10.39445728638751,10.821096626180134,0.24832712210117072,4.61512051684126,6.167009497672268
GBR,2020,0.8,0.043,1.66020119190216,1.33215415477753,0.483050256967545,1.47402393817902,1.23157048225403,70.6339530811489,0.283795312688125,43.065,1.0,1.0,1.0,1.9919755158985601,1.1600209167967532,6.030354456427045,5.797728087498729,7.5927911516491156,1.1600209167967532,1.7715567619105355,10.290145543663247,10.783758235878,0.24832712210117072,4.61512051684126,6.129361748575247
GBR,2021,0.782,0.053,1.64058411121368,1.23967301845551,0.489994138479233,1.45237493515015,1.26462173461914,70.4981867127639,0.286782737235263,39.782,1.0,1.0,1.0,1.9919755158985601,1.1600209167967532,6.068473359587417,5.810062567373411,7.596877871742262,1.1662709371419244,1.7783364488959144,10.289540117255491,10.839687321170732,0.24832712210117072,4.61512051684126,6.030354456427045
GBR,2022,0.766,0.053,1.62012147903442,1.23809003829956,0.533176064491272,1.5665100812912,1.25854110717773,70.5099222234334,0.286268518124493,41.611,0.0,1.0,1.0,1.8293763327993617,1.1600209167967532,6.035020294412852,5.7723130170633095,7.606359542542554,1.220829921392359,1.7404661748405044,10.291510018391449,10.977558988449717,0.0,4.61512051684126,6.068473359587417
GEO,2003,0.221,0.873,-0.65076744556427,-0.19849793612957,-1.29921066761017,-0.617242515087128,-0.177865669131279,45.8303505701773,0.412945711617328,90.986,0.0,0.0,0.0,0.0,1.269760544863939,1.5389620448414523,2.1983350716202463,3.3047231913270196,0.7561219797213337,1.085189268335969,8.767800302940948,8.352539847729913,0.0,4.61512051684126,1.381189680404101
GEO,2004,0.358,0.198,-0.459568113088608,-0.55611526966095,-0.864118158817291,-0.437420189380646,-0.0782668963074684,46.8628032793243,0.41140871721014,87.318,0.0,0.0,0.0,0.0,1.269760544863939,1.620641795247356,2.2126603854660587,3.3890573217679867,0.9001613499442714,1.1019400787607843,8.86242495115053,8.4415592257299,0.0,4.6141299273595635,1.5389620448414523
GEO,2005,0.377,0.148,-0.212853789329529,-0.42787379026413,-0.755904912948608,-0.604643523693085,-0.0903711244463921,47.9322121916036,0.409816699784714,85.694,0.0,0.0,0.0,0.0,1.269760544863939,1.8149959477833135,2.256541154492639,3.5509383530007135,1.169381359556317,1.1378330018213911,9.036900733902206,8.570345437878363,0.0,4.594109238628667,1.620641795247356
GEO,2006,0.378,0.136,0.0501524582505226,-0.244788363575935,-0.966098785400391,-0.12854827940464,-0.0927100256085396,47.8831929378916,0.410555977652837,70.415,0.0,0.0,0.0,0.0,1.275362800412609,1.7906123243313719,2.2071749081893874,3.47627393221139,0.5877866649021191,1.1052568313867783,8.967297001142782,8.69641727346488,0.0,4.61512051684126,1.8149959477833135
GEO,2007,0.371,0.126,-0.128835424780846,0.121599525213242,-0.645898997783661,0.298658460378647,-0.230410188436508,49.5577613968519,0.414451714838913,79.412,0.0,0.0,0.0,0.0,1.308332819650179,2.010179631027281,2.2300144001592104,3.6874534378358574,0.5364933705145685,1.128171090909654,9.191792315376977,8.846797014777625,0.0,4.61512051684126,1.7906123243313719
GEO,2008,0.342,0.11,-0.102076381444931,0.305029034614563,-0.91967511177063,0.475642591714859,-0.256853848695755,49.7124332033291,0.420901636856556,84.606,0.0,0.0,0.0,0.0,1.3110318766193438,1.858656398315747,2.225704048658088,3.6732580732109796,0.11332868530700317,1.1314021114911006,9.183912409536868,8.892839865661236,0.0,4.61512051684126,2.010179631027281
GEO,2009,0.343,0.107,-0.122036166489124,0.297784507274628,-0.965524911880493,0.508792340755463,-0.188876047730446,50.2760163966259,0.418786432359163,88.115,0.0,0.0,0.0,0.0,1.3137236682850553,1.992614869604158,2.179286876649552,3.6884543637758394,0.3920420877760237,1.0986122886681096,9.205156358165725,8.870683059095343,0.0,4.61512051684126,1.858656398315747
GEO,2010,0.344,0.104,0.0123015772551298,0.327387809753418,-0.718320906162262,0.586639821529388,-0.160913214087486,51.6678670770738,0.415520691675478,93.166,0.0,0.0,0.0,0.0,1.2809338454620645,1.9972498970767627,2.2710944259026746,3.701425423282455,0.26236426446749106,1.172482137234565,9.224349385913861,8.950637452043958,0.0,4.61512051684126,1.992614869604158
GEO,2011,0.347,0.103,0.117519699037075,0.578812718391418,-0.65695196390152,0.651625037193298,-0.172698855400085,52.1206256712009,0.415843007312644,77.944,0.0,0.0,0.0,0.0,1.2809338454620645,2.1312817125622168,2.3580197998821464,3.6734612013855554,0.09531017980432487,1.244154593958768,9.202682626140549,9.055420210241898,0.0,4.61512051684126,1.9972498970767627
GEO,2012,0.363,0.097,0.39742112159729,0.63056617975235,-0.680453956127167,0.664130926132202,0.0215807761996984,53.8889464492124,0.414837877858689,74.324,0.0,0.0,0.0,0.0,1.2919836816486494,2.236560368543195,2.3711778844596574,3.7589184448939106,0.0,1.2612978709452054,9.297925334434211,9.216420059206811,0.0,4.61512051684126,2.1312817125622168
GEO,2013,0.453,0.091,0.463619619607925,0.606947124004364,-0.441366165876389,0.72580498456955,0.138750940561295,54.8157153758781,0.414950394886218,82.064,0.0,0.0,0.0,0.0,1.297463147413275,2.3912523829175827,2.3988039507345884,3.8687605353685313,0.0,1.2892326482767593,9.418100117008434,9.287147913123235,0.0,4.61512051684126,2.236560368543195
GEO,2014,0.496,0.096,0.828279137611389,0.424183517694473,-0.321507543325424,0.760027527809143,0.284588664770126,57.3036848436959,0.416127466652967,80.175,0.0,0.0,0.0,0.0,1.33500106673234,2.468687380384501,2.4458192610799534,3.9235957817807616,0.0,1.3297240096314962,9.478325349063093,9.37345353444472,0.0,4.61512051684126,2.3912523829175827
GEO,2015,0.506,0.103,0.700735151767731,0.263111501932144,-0.472153753042221,0.750866293907166,0.274659216403961,56.5195111262186,0.421280679403647,77.86,0.0,0.0,1.0,0.0,1.33500106673234,2.4905410574342803,2.4672517145492794,4.002338916426076,0.0,1.3480731482996928,9.558934766031316,9.414965746825333,0.0,4.61512051684126,2.468687380384501
GEO,2016,0.518,0.11,0.713530719280243,0.420896291732788,-0.320115089416504,0.861489713191986,0.295699268579483,56.3738196779512,0.422025482639425,80.505,0.0,0.0,1.0,0.15700374880966475,1.425515074273172,2.5137722941542773,2.5185025992165158,4.048858932060969,0.0,1.3887912413184778,9.606182594948312,9.477791228347032,0.0,4.61512051684126,2.4905410574342803
GEO,2017,0.503,0.109,0.759495615959167,0.481504321098328,-0.375214755535126,0.949060201644897,0.265135079622269,58.1701525774905,0.394425791391557,80.507,0.0,0.0,0.0,0.15700374880966475,1.4134230285081433,2.5236934069405463,2.583997552432231,4.043700180052485,0.0,1.4422019930581866,9.600718373225227,9.526605372623587,0.0,4.61512051684126,2.5137722941542773
GEO,2018,0.52,0.116,0.724816799163818,0.518133521080017,-0.447562873363495,1.03199064731598,0.229046493768692,58.5068329529643,0.392157613739675,82.475,0.0,0.0,0.0,0.07696104113612832,1.4398351280479205,2.506520384194128,2.6361960973342264,4.052619382174787,0.0,1.4861396960896067,9.609265541227836,9.617331365844537,0.0,4.6141299273595635,2.5236934069405463
GEO,2019,0.481,0.115,0.716545462608337,0.766199469566345,-0.498171955347061,1.02652418613434,0.168092742562294,57.3613696436856,0.417783692486899,76.054,0.0,1.0,1.0,0.0,1.4586150226995167,2.5722216728239267,2.65605490598383,4.106174313975678,0.0,1.501852701754163,9.663238914788632,9.727414436144015,0.0,4.61512051684126,2.506520384194128
GEO,2020,0.471,0.127,0.601492643356323,0.716738402843475,-0.429610639810562,1.00116765499115,0.0556090585887432,58.1032596482973,0.394872811578432,74.731,0.0,1.0,1.0,0.0,1.463255402256019,2.5356120982122596,2.611539300721366,4.058164554767344,0.0,1.4655675420143985,9.614697399723333,9.728673336931372,0.0,4.61512051684126,2.5722216728239267
GEO,2021,0.456,0.146,0.661079525947571,0.616529405117035,-0.429620236158371,1.05341958999634,0.010173449292779,58.6348044977975,0.39364148904193,81.171,0.0,1.0,1.0,0.0,1.4701758451005928,2.6063434404993546,2.725235025856311,4.127859928226583,0.0,1.5602476682433286,9.687470733132267,9.84779794538153,0.0,4.61512051684126,2.5356120982122596
GEO,2022,0.463,0.152,0.620420038700104,0.650143086910248,-0.43653005361557,1.0323086977005,0.0156398266553879,58.5257179288025,0.394724855298122,76.211,0.0,1.0,0.0,0.0,1.4770487243883548,2.7017530447718086,2.7606426512213806,4.230025725765698,0.0,1.589235205116581,9.78954750438494,10.019595080488864,0.0,4.61512051684126,2.6063434404993546
GHA,2003,0.638,0.631,-0.311426788568497,-0.290672481060028,0.0291865784674883,-0.280945211648941,0.271764487028122,38.7583891720684,0.521935007679203,65.646,0.0,0.0,0.0,0.0,0.7275486072772778,3.17793890666243,1.9768549529047348,3.3508510072254167,0.4574248470388754,0.2546422183735807,7.1651309673226695,7.857665387810481,0.0,3.8979240810486444,3.2063477463086687
GHA,2004,0.648,0.631,-0.279528439044952,-0.351197212934494,0.0407909713685513,-0.380256205797195,0.117705419659615,38.7185092574877,0.525316541275794,87.333,0.0,1.0,0.0,0.0,0.7793248768009976,3.150868843019553,1.9754689512968577,3.476212085467601,0.4382549309311553,0.2468600779315258,7.268208376700872,7.912183071590844,0.0,3.9473901492654373,3.17793890666243
GHA,2005,0.639,0.631,-0.368746399879456,-0.211272329092026,0.16971929371357,-0.183413431048393,0.197485223412514,38.2700854902008,0.517937826980959,82.789,0.0,0.0,0.0,0.0,0.7793248768009976,3.1864068862919463,2.0693912058263346,3.4917995263444364,0.4382549309311553,0.27002713721306015,7.258063498273853,7.9741316247807985,0.0,3.744787086052232,3.150868843019553
GHA,2006,0.639,0.631,-0.0141816036775708,0.0275784749537706,0.00639618607237935,-0.107713647186756,0.40759339928627,39.5294055042373,0.510515337576322,66.389,0.0,1.0,1.0,0.0,0.7793248768009976,3.270230741900827,2.225704048658088,3.4606291354315672,0.4382549309311553,0.3074846997479606,7.199948660161139,8.040519771109128,0.0,4.027135812528651,3.1864068862919463
GHA,2007,0.64,0.631,0.0381476953625679,0.0862749591469765,-0.0730612650513649,-0.112005420029163,0.497320413589478,40.1644412610369,0.508290460567792,53.161,0.0,1.0,0.0,0.0,0.7793248768009976,3.292233963995357,2.0980179272527715,3.499956153685419,0.5596157879354227,0.26236426446749106,7.214756773770088,8.084013809499172,0.0,4.05871738457895,3.270230741900827
GHA,2008,0.639,0.631,-0.0774584859609604,-0.0305091328918934,-0.0295159611850977,-0.111344560980797,0.431884378194809,40.4201810501595,0.505863957341432,73.918,0.0,0.0,0.0,0.0,0.7793248768009976,3.354018799178903,2.203869120054888,3.5733844239755124,0.5877866649021191,0.2851789422336624,7.264956184578784,8.165246831567844,0.0,4.119037174812473,3.292233963995357
GHA,2009,0.659,0.631,-0.0099876131862402,-0.124868348240852,0.0278358180075884,0.0372003167867661,0.498016387224197,40.8432262703915,0.505778779909007,76.398,0.0,0.0,0.0,0.0,0.7793248768009976,3.383486605330609,2.2396452932201716,3.7254765362476228,0.5822156198526637,0.29266961396282,7.396078819196217,8.193742845177827,0.0,4.128745988939433,3.354018799178903
GHA,2010,0.671,0.63,0.0142804691568017,-0.102774083614349,0.026093240827322,0.0535484589636326,0.514764845371246,41.0210200043269,0.500951492895791,68.676,0.0,1.0,1.0,0.0,0.7793248768009976,3.436987247270317,2.321406847234633,3.758871825933971,0.3293037471426004,0.3074846997479606,7.405952701598653,8.257507255486152,0.0,4.177459468932607,3.383486605330609
GHA,2011,0.671,0.63,-0.0291263181716204,-0.0901554822921753,0.16711214184761,0.0817165300250053,0.484657794237137,41.6547770506691,0.487713768033296,66.401,0.0,1.0,1.0,0.0,0.7793248768009976,3.526399036704238,2.4595888418037104,4.025976495503992,0.12221763272424921,0.3435897043900769,7.6544541268846364,8.385289126600862,0.0,4.175924549214524,3.436987247270317
GHA,2012,0.67,0.63,-0.126568555831909,-0.0900087654590607,0.130694985389709,0.0985032916069031,0.431352198123932,41.357747633832,0.486051497567497,65.926,0.0,1.0,0.0,0.0,0.7793248768009976,3.60961058010575,2.534490149976828,4.049591239034919,0.173953307123438,0.3576744442718159,7.654282076045321,8.504037542801472,0.0,4.051784947803305,3.526399036704238
GHA,2013,0.643,0.608,-0.0967152342200279,-0.134414941072464,0.0606060847640038,0.0618107803165913,0.438787639141083,41.8018850164593,0.484265223036429,62.895,0.0,1.0,1.0,0.0,0.9477893989335261,3.673516987152264,2.6019486702196644,4.104839299314742,0.2776317365982795,0.3784364357202451,7.686379451631714,8.559403538558508,0.0,4.272490747605575,3.60961058010575
GHA,2014,0.636,0.608,-0.195330202579498,-0.307953178882599,-0.106807962059975,-0.0476707369089127,0.461614340543747,41.5614051570865,0.478023191000721,63.609,0.0,1.0,0.0,0.0,0.9477893989335261,3.6760212064403666,2.6108048166633746,4.119476102859705,0.10436001532424277,0.37156355643248307,7.677619026352353,8.615794637717052,0.0,4.373238128640803,3.673516987152264
GHA,2015,0.633,0.612,-0.210838302969933,-0.319785863161087,-0.0382289066910744,-0.107558235526085,0.488243818283081,41.2619520453864,0.484880125500708,49.914,0.0,1.0,1.0,0.0,0.9477893989335261,3.716758545457556,2.5079719227189963,4.2928265004654484,0.31481073984003355,0.3293037471426004,7.8304582087041865,8.554945622150374,0.0,4.31748811353631,3.6760212064403666
GHA,2016,0.618,0.62,-0.175533577799797,-0.254053384065628,-0.138907715678215,-0.299607872962952,0.583152055740356,42.0546869554592,0.47363775935942,42.217,0.0,1.0,0.0,0.0,0.9477893989335261,3.717026794131752,2.689886230474539,4.314282982587362,0.5653138090500605,0.3852624007906449,7.829443816456216,8.519606141056153,0.0,4.385769620952716,3.716758545457556
GHA,2017,0.636,0.621,-0.253390341997147,-0.187149077653885,0.0820369869470596,-0.188691198825836,0.596182525157928,41.7736685208775,0.4748216520246,42.632,0.0,1.0,0.0,0.0,0.9477893989335261,3.7981789092123206,2.66374994220563,4.314242853371281,0.6729444732424258,0.37156355643248307,7.807455547034732,8.551007189316914,0.0,4.382026634673881,3.717026794131752
GHA,2018,0.632,0.624,-0.138363629579544,-0.319947093725204,-0.0366430282592773,-0.141936391592026,0.557817578315735,42.5792318675395,0.466358746050564,40.711,0.0,1.0,0.0,0.0,0.9477893989335261,3.8447443739775147,2.7285062096695922,4.312488971957991,0.6830968447064438,0.3852624007906449,7.784941706927194,8.619298044872904,0.0,4.399375273008495,3.7981789092123206
GHA,2019,0.613,0.616,-0.108660869300365,-0.289961248636246,0.118526868522167,-0.185462951660156,0.550379991531372,43.2237844015752,0.450288508203555,42.312,0.0,1.0,0.0,0.0,0.9477893989335261,3.9262290944909934,2.833213344056216,4.394350384362713,0.6312717768418579,0.412109650826833,7.847771912429663,8.700106314331089,0.0,4.436751534363128,3.8447443739775147
GHA,2020,0.606,0.631,-0.127222999930382,-0.196979343891144,0.169901907444,-0.130579710006714,0.552889406681061,43.2726326159596,0.450118941605553,37.354,0.0,1.0,0.0,0.0,0.9477893989335261,3.9730413276920915,2.9439125248241944,4.555570193996608,0.3435897043900769,0.44468582126144574,7.99087280815318,8.707532704440027,0.0,4.45898767581001,3.9262290944909934
GHA,2021,0.56,0.613,-0.128043621778488,-0.176513522863388,0.0658524557948112,-0.215175911784172,0.469472467899323,43.4375053036435,0.448334764572771,34.783,0.0,1.0,1.0,0.0,0.9477893989335261,3.9843364794187788,3.062923523094314,4.645188657770399,0.3435897043900769,0.48858001481867097,8.061789660141535,8.796112428191437,0.0,4.469350462845556,3.9730413276920915
GHA,2022,0.56,0.638,-0.0643710345029831,-0.106421269476414,-0.195024788379669,-0.178818702697754,0.400153130292892,43.6601595083489,0.449625540076666,36.047,0.0,1.0,0.0,0.0,0.9477893989335261,4.002145891108636,3.093312601892855,4.645476847747226,0.31481073984003355,0.49469624183610705,8.042889449925813,8.883107439801448,0.0,4.455509411433685,3.9843364794187788
GIN,2003,0.113,0.923,-0.888901352882385,-0.768268346786499,-0.78889536857605,-0.970146477222443,-1.19539868831635,36.1521064912228,0.547834328243251,46.512,0.0,0.0,0.0,0.0,0.12221763272424921,3.834629411920307,0.6205764877251099,2.180417459019838,0.1906203596086497,0.09531017980432487,6.786596175817743,7.192157803648996,0.0,2.990719731730447,3.824030786943441
GIN,2004,0.112,0.923,-0.887606680393219,-0.905938565731049,-1.03338360786438,-1.01313292980194,-1.27017319202423,36.4899887264925,0.541368060058848,61.111,0.0,0.0,0.0,0.0,0.12221763272424921,3.843607666941666,0.6418538861723948,2.22656760657013,0.1906203596086497,0.09531017980432487,6.817110399720081,7.220396954519899,0.0,3.054001181677967,3.834629411920307
GIN,2005,0.112,0.923,-1.0733128786087,-1.06517994403839,-1.15397679805756,-1.03712630271912,-1.17200481891632,35.654705466137,0.535627516525923,62.025,0.0,0.0,0.0,0.0,0.12221763272424921,3.8535759569154484,0.5822156198526637,2.24981702745539,0.1906203596086497,0.08617769624105233,6.823117446542039,7.260769146744987,0.0,3.054001181677967,3.843607666941666
GIN,2006,0.113,0.923,-1.12154197692871,-1.27254664897919,-1.90892851352692,-1.14316499233246,-1.22781145572662,33.7924215911406,0.536483400577946,63.014,0.0,0.0,0.0,0.0,0.12221763272424921,3.8647678103388787,0.5481214085096876,2.2740827325213333,0.1906203596086497,0.07696104113612832,6.829310377469536,7.282046719382526,0.0,3.169685580677429,3.8535759569154484
GIN,2007,0.119,0.923,-1.29245042800903,-1.25723922252655,-2.40334820747375,-1.18739795684814,-1.36868393421173,33.5978127982233,0.527653876716516,67.949,0.0,0.0,0.0,0.0,0.12221763272424921,3.8745864634198877,0.5766133643039938,2.3193438768090004,0.1988508587451652,0.07696104113612832,6.856379875960607,7.351534181866529,0.0,3.2228678461377385,3.8647678103388787
GIN,2008,0.094,0.923,-1.21101438999176,-1.183345079422,-2.09733891487122,-1.16600322723389,-1.42630350589752,34.2606745900255,0.526612955772408,64.198,0.0,0.0,0.0,0.0,0.12221763272424921,3.8868239712829284,0.5933268452777344,2.331172549845958,0.173953307123438,0.07696104113612832,6.845316950894406,7.38690374470144,0.0,3.2733640101522705,3.8745864634198877
GIN,2009,0.054,0.945,-1.09628415107727,-1.04185616970062,-2.116455078125,-1.12358593940735,-1.30284023284912,34.5712812767542,0.528170528822501,65.0,0.0,0.0,0.0,0.0,0.12221763272424921,3.898531218397211,0.5877866649021191,2.381950648374786,0.173953307123438,0.07696104113612832,6.8770321191392965,7.357365425365419,0.0,3.3214324131932926,3.8868239712829284
GIN,2010,0.089,0.94,-1.22193884849548,-1.12180197238922,-1.6870790719986,-1.059894323349,-0.917964994907379,33.7189034523643,0.529022512406963,76.19,0.0,0.0,0.0,0.0,0.12221763272424921,3.9356990830429006,0.48858001481867097,2.5218009409702757,0.11332868530700317,0.058268908123975775,7.005352840732596,7.3918415380075215,0.0,3.370738174177447,3.898531218397211
GIN,2011,0.113,0.905,-1.12737143039703,-1.14293134212494,-1.38805401325226,-1.00236999988556,-0.887738704681396,33.6236084054155,0.538076091647738,74.545,0.0,0.0,0.0,0.0,0.12221763272424921,3.9406599005873533,0.4382549309311553,2.5506163598160345,0.07696104113612832,0.04879016416943201,7.011830569091318,7.442065627724462,0.0,3.417726683613366,3.9356990830429006
GIN,2012,0.113,0.902,-1.05566322803497,-1.25816690921783,-1.2870124578476,-1.01962530612946,-1.01388883590698,34.268923636995,0.533418559701764,67.123,0.0,0.0,0.0,0.0,0.12221763272424921,3.9518812923877378,0.5481214085096876,2.512278596583851,0.08617769624105233,0.06765864847381481,6.94567033244034,7.490515292712493,0.0,3.3032169733019514,3.9406599005873533
GIN,2013,0.113,0.868,-1.04989922046661,-1.17050647735596,-1.22985172271729,-1.02441227436066,-1.02241015434265,34.883120969086,0.535697293417349,73.846,0.0,0.0,0.0,0.0,0.12221763272424921,3.9608049310604607,0.5007752879124893,2.397076756086763,0.1906203596086497,0.058268908123975775,6.795412667344654,7.51915119335766,0.0,3.502549875922443,3.9518812923877378
GIN,2014,0.156,0.868,-1.06746351718903,-1.23807573318481,-0.95524275302887,-1.0696713924408,-0.857646048069,35.6342466404377,0.531696665023305,59.155,0.0,0.0,0.0,0.0,0.12221763272424921,3.972077528377607,0.5364933705145685,2.4386881759863863,0.1906203596086497,0.058268908123975775,6.816226440885451,7.535944720192605,0.0,3.5409593240373143,3.9608049310604607
GIN,2015,0.16,0.869,-1.01449871063232,-1.18544518947601,-0.386475414037704,-0.900185465812683,-0.858075261116028,35.6135127935656,0.53729209085648,78.947,0.0,0.0,1.0,0.0,0.31481073984003355,3.99532035306654,0.76080582903376,2.569171202151092,0.2151113796169455,0.09531017980432487,6.932927776409359,7.565628024507926,0.0,3.580737295494233,3.972077528377607
GIN,2016,0.16,0.869,-0.94692987203598,-1.0659271478653,-0.396070927381516,-0.888324558734894,-0.761295199394226,36.1449919271013,0.544141988954736,68.323,0.0,0.0,0.0,0.0,0.31481073984003355,4.017458378572504,0.9593502213346021,2.671109553289927,0.20701416938432615,0.12221763272424921,7.017086700148716,7.72149318546739,0.0,3.5409593240373143,3.99532035306654
GIN,2017,0.16,0.873,-1.03758335113525,-1.08549392223358,-0.699074149131775,-0.86464661359787,-0.739905834197998,36.9961920422512,0.523162813597985,69.492,0.0,1.0,0.0,0.0,0.31481073984003355,4.0305220341878725,1.0188473201992472,2.6631922954603833,0.2151113796169455,0.1310282624064041,6.983057537691679,7.896588061238012,0.0,3.594568774642695,4.017458378572504
GIN,2018,0.151,0.888,-1.06008899211884,-1.02549612522125,-0.880597352981567,-0.806409239768982,-0.769156455993652,36.7393437633847,0.527054100979047,62.371,0.0,1.0,0.0,0.0,0.31481073984003355,4.053701261209307,1.0784095813505903,2.728571524322958,0.22314355131420976,0.13976194237515868,7.027720820128691,7.953481523652473,0.0,3.828641396489095,4.0305220341878725
GIN,2019,0.138,0.889,-0.914436340332031,-0.855751395225525,-0.842606127262115,-0.812190234661102,-0.768536031246185,37.6123438238765,0.524382901178135,63.902,0.0,1.0,0.0,0.0,0.3074846997479606,4.086155737225662,1.11514159061932,2.9843173707386925,0.20701416938432615,0.14842000511827327,7.273285498974781,8.041357513637434,0.0,3.765840495250065,4.053701261209307
GIN,2020,0.109,0.853,-0.973217785358429,-0.96909773349762,-0.669285237789154,-0.878001868724823,-0.919278860092163,37.4087222061498,0.523691331178741,60.887,0.0,0.0,0.0,0.0,0.46373401623214017,4.109089331078749,1.247032293786383,3.0968889655137293,0.32208349916911333,0.173953307123438,7.365919093423663,8.111585062092429,0.0,3.822098297900159,4.086155737225662
GIN,2021,0.097,0.853,-1.02098333835602,-0.952450454235077,-0.939909875392914,-0.980414152145386,-0.989065229892731,36.7252559727958,0.534581540869765,73.077,0.0,1.0,1.0,0.0,0.5933268452777344,4.122496291275741,1.534714366238164,3.088037944338017,0.3576744442718159,0.23901690047049992,7.331612215756358,8.226788783573312,0.0,3.86702563949741,4.109089331078749
GIN,2022,0.081,0.853,-0.971789538860321,-0.914215862751007,-0.838682115077972,-1.05010461807251,-1.08316206932068,37.1785840704703,0.529396372232681,74.5,0.0,0.0,0.0,0.0,0.5933268452777344,4.1468852717306905,1.6094379124341003,3.115335873199823,0.3576744442718159,0.2546422183735807,7.335394709496796,8.309765832318085,0.0,3.885679030088544,4.122496291275741
GNB,2003,0.214,0.915,-1.12732601165771,-1.18989634513855,-0.494184494018555,-0.850086212158203,-1.06557416915894,31.2173047601753,0.649343733460495,0.0,0.0,0.0,0.0,0.0,0.0,-3.2636384041758486,0.019802627296179712,0.7911809208313108,0.019802627296179712,0.019802627296179712,6.819173214563128,6.993696852626599,0.0,1.2809338454620645,-3.2660896758412776
GNB,2004,0.225,0.864,-1.27454555034637,-1.34709358215332,-0.378061443567276,-1.18835949897766,-0.842662632465363,31.2532932960355,0.637810869982543,0.0,0.0,0.0,0.0,0.0,0.0,-3.2628377459269564,0.0295588022415444,0.8095959932031922,0.019802627296179712,0.019802627296179712,6.830188254275047,7.008815467044175,0.0,1.589235205116581,-3.2636384041758486
GNB,2005,0.273,0.86,-1.17498433589935,-1.36588943004608,-0.562525928020477,-1.12447786331177,-0.484425157308578,32.2649647384841,0.646145532378549,0.0,0.0,0.0,0.0,0.0,0.0,-3.2606158419661306,0.0295588022415444,0.8171331603409365,0.019802627296179712,0.019802627296179712,6.819547914357058,7.079711899555032,0.0,1.8245492920510458,-3.2628377459269564
GNB,2006,0.271,0.864,-1.0954829454422,-1.13137221336365,-0.494073361158371,-0.980062365531921,-0.628867745399475,28.8544960707341,0.644346965332335,0.0,0.0,0.0,0.0,0.0,0.0,-3.256861793608415,0.0295588022415444,0.8294247988524932,0.019802627296179712,0.019802627296179712,6.8179727932876295,7.112260813125078,0.0,2.740840023925201,-3.2606158419661306
GNB,2007,0.273,0.861,-1.20494568347931,-1.10492873191833,-0.460553705692291,-1.13529062271118,-0.712383568286896,28.7363603250417,0.642051649210096,0.0,0.0,0.0,0.0,0.0,0.0,-3.2526513187326263,0.0295588022415444,0.8641549774536266,0.019802627296179712,0.019802627296179712,6.8536591128485185,7.139347524865564,0.0,2.186051276738094,-3.256861793608415
GNB,2008,0.238,0.857,-1.2003960609436,-1.0642728805542,-0.709455966949463,-1.19747388362885,-0.715373158454895,28.7531635938083,0.641943482567693,0.0,0.0,0.0,0.0,0.0,0.0,-3.2495917883280345,0.0295588022415444,0.848868055556721,0.0295588022415444,0.019802627296179712,6.8020569284867705,7.177427824325136,0.0,2.33214389523559,-3.2526513187326263
GNB,2009,0.273,0.857,-1.21717298030853,-1.05143511295319,-0.665870845317841,-1.1950798034668,-0.759196937084198,28.497781527696,0.643354131884168,0.0,0.0,0.0,0.0,0.0,0.0,-3.2442729559409575,0.0295588022415444,0.8696183236757243,0.0295588022415444,0.019802627296179712,6.812035915473578,7.182329913021507,0.0,1.7404661748405044,-3.2495917883280345
GNB,2010,0.273,0.857,-1.16155707836151,-1.07034814357758,-0.690954327583313,-1.12364184856415,-0.822992086410522,27.693208604253,0.644852314748957,0.0,0.0,0.0,0.0,0.0,0.0,-3.239255468853697,0.0295588022415444,0.8845936451309004,0.0295588022415444,0.019802627296179712,6.812061225507742,7.22306893661607,0.0,1.9459101490553132,-3.2442729559409575
GNB,2011,0.272,0.858,-1.18604528903961,-1.07567989826202,-0.753625988960266,-1.12446665763855,-0.853439450263977,27.8558627524684,0.639149990234534,0.0,0.0,1.0,0.0,0.0,0.0,-3.3122531787947707,0.0295588022415444,0.8932267922756034,0.0295588022415444,0.019802627296179712,6.800334865412833,7.294895370766833,0.0,2.6741486494265287,-3.239255468853697
GNB,2012,0.175,0.871,-1.29328751564026,-1.29210209846497,-0.965295851230621,-1.22891986370087,-1.32570588588715,28.6090746094015,0.631102511411452,0.0,0.0,0.0,0.0,0.0,0.0,-3.26026454187926,0.0295588022415444,0.9046229270064731,0.0295588022415444,0.019802627296179712,6.793240770865095,7.246261118175167,0.0,2.766319109226186,-3.3122531787947707
GNB,2013,0.203,0.85,-1.34148275852203,-1.45703411102295,-0.899927616119385,-1.28914284706116,-1.34348106384277,28.6653787124686,0.626379514934783,0.0,0.0,0.0,0.0,0.0,0.0,-2.698818236836129,0.019802627296179712,0.9186878564738765,0.0295588022415444,0.009950330853168083,6.789986993216973,7.256173815951341,0.0,2.8507065015037334,-3.26026454187926
GNB,2014,0.279,0.835,-1.55695903301239,-1.64483594894409,-0.706451654434204,-1.21222698688507,-0.849566519260406,28.0147765413915,0.632250316540626,0.0,0.0,0.0,0.0,0.0,0.0,-2.9611453915675545,0.0295588022415444,0.9485642924244508,0.0295588022415444,0.019802627296179712,6.812798236817375,7.284071754551987,0.0,2.9014215940827497,-2.698818236836129
GNB,2015,0.305,0.835,-1.50987255573273,-1.65444445610046,-0.51657909154892,-1.23459827899933,-0.749440312385559,28.1416791972369,0.630996398204367,0.0,0.0,1.0,1.0,0.0,0.0,-2.987637177676871,0.058268908123975775,0.9688831819933257,0.0295588022415444,0.0295588022415444,6.820205211470273,7.456421396394938,0.0,3.0492730404820207,-2.9611453915675545
GNB,2016,0.306,0.85,-1.58653998374939,-1.70729947090149,-0.445275574922562,-1.24513328075409,-0.734231889247894,28.3118045168145,0.633352395720118,0.0,0.0,0.0,0.0,0.0,0.0,-2.791116089036684,0.07696104113612832,0.9939922395380071,0.0295588022415444,0.039220713153281295,6.8354114421339665,7.5095396822219564,0.0,3.173878458937465,-2.987637177676871
GNB,2017,0.304,0.85,-1.59606611728668,-1.80647552013397,-0.497683346271515,-1.21777617931366,-0.798041522502899,28.6966339751249,0.627156256598803,0.0,0.0,1.0,0.0,0.0,0.0,-2.7349313056370326,0.07696104113612832,0.8658391883780568,0.0295588022415444,0.039220713153281295,6.599605157890492,7.641474601544685,0.0,3.295836866004329,-2.791116089036684
GNB,2018,0.322,0.851,-1.55908715724945,-1.52193677425385,-0.684820473194122,-1.24348342418671,-0.683403134346008,28.7805639090874,0.626702006835311,0.0,0.0,1.0,0.0,0.0,0.0,-2.765011732820589,0.07696104113612832,0.9046229270064731,0.0295588022415444,0.039220713153281295,6.64138058347565,7.629960986808452,0.0,3.380994674344636,-2.7349313056370326
GNB,2019,0.338,0.858,-1.49801743030548,-1.56018555164337,-0.561567485332489,-1.27179884910583,-0.481889545917511,29.1931908445064,0.622076076096782,0.0,0.0,1.0,0.0,0.0,0.0,-2.7510831239764286,0.07696104113612832,0.9186878564738765,0.0295588022415444,0.039220713153281295,6.641863399791693,7.71793545282782,0.0,3.462606009790799,-2.765011732820589
GNB,2020,0.338,0.834,-1.36328601837158,-1.4656149148941,-0.721676468849182,-1.2862263917923,-0.455601722002029,29.3796007573611,0.626876920781622,0.0,0.0,1.0,0.0,0.0,0.0,-2.678298164842992,0.07696104113612832,0.8796267475025636,0.0295588022415444,0.039220713153281295,6.553014178248417,7.758245155038815,0.0,3.5380565643793527,-2.7510831239764286
GNB,2021,0.334,0.809,-1.32021415233612,-1.44829535484314,-0.279985904693604,-1.27552962303162,-0.250631898641586,29.9136109088446,0.620322540841358,0.0,0.0,0.0,1.0,0.0,0.0,-2.8936894461035463,0.07696104113612832,0.8841806779559215,0.0295588022415444,0.039220713153281295,6.53809640748511,7.833508160400119,0.0,3.6054978451748854,-2.678298164842992
GNB,2022,0.148,0.817,-1.18545567989349,-1.4869327545166,-0.385944873094559,-1.32148897647858,-0.417198479175568,30.8478797146036,0.6131593894926,0.0,0.0,0.0,0.0,0.0,0.0,-3.0155025002261486,0.07696104113612832,0.8932267922756034,0.0295588022415444,0.039220713153281295,6.531218677433542,7.933738715195693,0.0,3.648057459593681,-2.8936894461035463
GNQ,2003,0.054,0.849,-1.27593719959259,-1.10602283477783,0.114630743861198,-1.43353641033173,-1.66345012187958,40.1051743371107,0.420964501313,14.286,0.0,0.0,0.0,0.0,0.009950330853168083,3.057588963757704,0.06765864847381481,3.4528406148139936,0.0,0.07696104113612832,10.493483580552702,9.58170904127932,0.0,4.188138441508461,2.997596378185108
GNQ,2004,0.054,0.849,-1.38037264347076,-1.19221687316895,-0.0594780258834362,-1.55832588672638,-1.63894009590149,39.87860418129,0.418294281911806,11.111,0.0,0.0,0.0,0.0,0.009950330853168083,3.247948544164045,0.08617769624105233,1.9726911717329554,0.0,0.09531017980432487,8.836314917558228,9.870717020438448,0.0,4.188138441508461,3.057588963757704
GNQ,2005,0.054,0.849,-1.42684757709503,-1.18623232841492,-0.386098802089691,-1.46834909915924,-1.6835001707077,40.784226758527,0.418045269840788,10.0,0.0,0.0,0.0,0.0,0.009950330853168083,3.22477526231235,0.09531017980432487,3.1608228934195837,0.0,0.10436001532424277,10.079379399644257,10.005053116542765,0.0,4.189654742026425,3.247948544164045
GNQ,2006,0.054,0.849,-1.36262607574463,-1.27428555488586,0.168790400028229,-1.50492835044861,-1.8262654542923,38.1858497336808,0.421685211171683,9.091,0.0,0.0,0.0,0.0,0.009950330853168083,3.276926453728727,0.10436001532424277,3.353581527720492,0.0,0.10436001532424277,10.23548801997003,10.065283163428386,0.0,4.191168746857641,3.22477526231235
GNQ,2007,0.054,0.849,-1.21237552165985,-1.27218782901764,0.256654739379883,-1.45251274108887,-1.88797950744629,38.8110667837044,0.421880575091543,7.692,0.0,0.0,0.0,0.0,0.009950330853168083,3.320937631061326,0.12221763272424921,3.451193167983395,0.0295588022415444,0.12221763272424921,10.291327004026991,10.189108845112507,0.0,4.191168746857641,3.276926453728727
GNQ,2008,0.053,0.849,-1.19891607761383,-1.26265788078308,0.20754437148571,-1.44569098949432,-1.89406704902649,38.975816348651,0.418225134076645,25.0,0.0,0.0,0.0,0.0,0.009950330853168083,3.278750678081666,0.18232155679395462,3.4398089349562637,0.0295588022415444,0.16551443847757338,10.233847899553812,10.326261288818229,0.0,4.192680462942962,3.320937631061326
GNQ,2009,0.053,0.849,-1.22026312351227,-1.25660920143127,0.373302400112152,-1.47102332115173,-1.80686867237091,38.7248583065963,0.420829942886287,22.727,0.0,0.0,0.0,0.0,0.009950330853168083,3.1738415476221085,0.1988508587451652,3.496052912674834,0.0295588022415444,0.173953307123438,10.245835351328815,10.299676454809042,0.0,4.1956970564823886,3.278750678081666
GNQ,2010,0.05,0.858,-1.23483073711395,-1.25614047050476,0.236128225922585,-1.54846596717834,-1.86019432544708,38.9293859382595,0.416496967551879,13.636,0.0,0.0,0.0,0.0,0.009950330853168083,3.2004629708904972,0.1988508587451652,3.4582706066884548,0.04879016416943201,0.173953307123438,10.160891071287416,10.17232416656859,0.0,4.206184043977636,3.1738415476221085
GNQ,2011,0.05,0.858,-1.22866559028625,-1.25789260864258,0.150343805551529,-1.48733866214752,-1.89961373806,38.8505988170681,0.416148075373539,10.0,0.0,0.0,0.0,0.0,0.009950330853168083,3.202727097472455,0.26236426446749106,3.5286226699173944,0.04879016416943201,0.2151113796169455,10.190022980342132,10.21253720493975,0.0,4.206184043977636,3.2004629708904972
GNQ,2012,0.05,0.858,-1.23995065689087,-1.25358760356903,0.232703447341919,-1.60031580924988,-1.90504097938538,39.0246639500829,0.413682774671736,14.815,0.0,0.0,0.0,0.0,0.12221763272424921,3.1944494749726595,0.43178241642553783,3.4987172395408206,0.06765864847381481,0.35065687161316933,10.118481021976136,10.309383482525966,0.0,4.200204952921578,3.202727097472455
GNQ,2013,0.052,0.858,-1.31590735912323,-1.3561155796051,0.120355181396008,-1.54353320598602,-1.96998107433319,39.1237140722066,0.411048305990868,29.412,0.0,0.0,0.0,0.0,0.12221763272424921,3.158749958344027,0.6151856390902335,3.52010570986525,0.06765864847381481,0.48858001481867097,10.100570866487395,10.236758871241086,0.0,4.203198967134183,3.1944494749726595
GNQ,2014,0.053,0.858,-1.54079115390778,-1.16266000270844,-0.374146550893784,-1.46566355228424,-1.97528266906738,38.7134504648944,0.408846368716554,34.862,0.0,0.0,0.0,0.0,0.12221763272424921,3.1619901665322496,0.7371640659767197,3.4535367953427287,0.06765864847381481,0.5766133643039938,9.992842260945478,10.210173097200078,0.0,4.204692619390966,3.158749958344027
GNQ,2015,0.051,0.858,-1.5724755525589,-1.17907333374023,-0.207799196243286,-1.48868584632874,-1.99940919876099,38.2348201964868,0.413039652481964,36.154,0.0,0.0,1.0,0.0,0.12221763272424921,3.1711289613409406,0.832909122935104,3.3370143528852423,0.06765864847381481,0.636576829071551,9.834371905655443,9.877128228635915,0.0,4.206184043977636,3.1619901665322496
GNQ,2016,0.052,0.858,-1.6031699180603,-1.16436994075775,-0.146742969751358,-1.55810081958771,-1.94786310195923,38.3800607806545,0.415797466489413,33.571,0.0,0.0,0.0,0.0,0.12221763272424921,3.1235262541418076,0.8754687373538999,3.324892125452081,0.08617769624105233,0.6575200029167942,9.785136130378737,9.720194069609107,0.0,4.207673247529104,3.1711289613409406
GNQ,2017,0.05,0.858,-1.64576137065887,-1.17233037948608,-0.172019883990288,-1.57570993900299,-1.9711754322052,37.8629907023197,0.414950287820454,32.836,0.0,0.0,0.0,0.0,0.12221763272424921,3.0601492218817157,0.8501509293696101,3.4420513756704216,0.11332868530700317,0.6205764877251099,9.871100147065745,9.822048124662507,0.0,4.210645017918261,3.1235262541418076
GNQ,2018,0.052,0.858,-1.54342126846313,-1.1962114572525,-0.0901522859930992,-1.65524923801422,-1.8734849691391,38.5697584941988,0.414086537159598,32.593,0.0,0.0,0.0,0.0,0.12221763272424921,3.0058004711786674,0.8544153281560676,3.0432358961979578,0.11332868530700317,0.6097655716208943,9.421989069876107,9.820873552195945,0.0,4.212127597878484,3.0601492218817157
GNQ,2019,0.052,0.858,-1.56386768817902,-1.04134786128998,-0.147898286581039,-1.69174087047577,-1.87897419929504,38.7168750628777,0.411957439670804,32.143,0.0,0.0,0.0,0.0,0.12221763272424921,2.9743697628861914,0.8754687373538999,3.041899954398998,0.11332868530700317,0.6097655716208943,9.387900025550865,9.70822446306065,0.0,4.213607983048918,3.0058004711786674
GNQ,2020,0.051,0.858,-1.53957045078278,-1.21555995941162,-0.221560776233673,-1.71425592899323,-1.81053125858307,38.8532417410012,0.412548614523763,34.752,0.0,0.0,0.0,0.0,0.12221763272424921,2.96126616921196,0.8796267475025636,3.1990811975400213,0.11332868530700317,0.598836501088704,9.52498423657945,9.523552066690206,0.0,4.215086179918229,2.9743697628861914
GNQ,2021,0.05,0.858,-1.58734953403473,-1.18405854701996,-0.202735513448715,-1.73251974582672,-1.72473227977753,38.9033843774489,0.410046292516208,32.867,0.0,0.0,0.0,0.0,0.12221763272424921,2.9365352752169054,0.8878912573524571,3.330703384048937,0.11332868530700317,0.5933268452777344,9.637486799050018,9.730469502422432,0.0,4.216562194946349,2.96126616921196
GNQ,2022,0.048,0.858,-1.60196936130524,-1.29705548286438,-0.236288592219353,-1.49326610565186,-1.70431566238403,38.889073215066,0.410096669262914,31.788,0.0,0.0,0.0,0.0,0.12221763272424921,2.927366497156587,0.9202827531436926,3.3792925462741055,0.11332868530700317,0.6097655716208943,9.66268270463981,9.805929260584774,0.0,4.219507705176107,2.9365352752169054
GRC,2003,0.806,0.253,0.363324075937271,0.703846335411072,0.477636367082596,0.987252712249756,1.15667390823364,54.3182712255944,0.338628841339759,10.283,0.0,1.0,0.0,1.8373699804801074,1.4060969884160703,4.811028706240777,4.100492292808335,5.989753083389104,0.688134638736401,1.8625285401162623,10.50457286929621,10.054342702258268,0.0,4.61512051684126,4.781728034122753
GRC,2004,0.806,0.253,0.450190424919128,0.785955905914307,0.489336252212524,0.836224496364594,1.19141495227814,54.8533602168045,0.339171464329318,10.151,0.0,1.0,1.0,1.8373699804801074,1.410986973710262,4.811879697275275,4.127779338308338,5.989542701545283,0.7371640659767197,1.884034745337226,10.501719255386627,10.119803768076105,0.0,4.61512051684126,4.811028706240777
GRC,2005,0.806,0.253,0.351383656263351,0.709748506546021,0.50652414560318,0.958650231361389,1.09756934642792,54.3962727211151,0.337500021952316,10.914,0.0,1.0,0.0,1.8373699804801074,1.4134230285081433,4.821944918825254,4.151197373814884,5.992978400653255,0.7371640659767197,1.900613874140137,10.502064734290194,10.12682427505931,0.2191085761020307,4.61512051684126,4.811879697275275
GRC,2006,0.803,0.253,0.357532441616058,0.629231572151184,0.630432784557343,0.857742309570312,0.965482771396637,55.4976681832892,0.340773068523929,12.91,0.0,1.0,1.0,1.8373699804801074,1.4182774069729414,4.793224728671086,4.168369197570074,6.021765792117275,0.7371640659767197,1.9125010869241836,10.5277607741816,10.242924136904296,0.2191085761020307,4.61512051684126,4.821944918825254
GRC,2007,0.805,0.253,0.261930704116821,0.551828980445862,0.523507833480835,0.894383370876312,0.983873903751373,55.2640419908823,0.339584928462147,7.356,0.0,0.0,0.0,1.8373699804801074,1.423108334242607,4.837611766939143,4.215972050343799,6.041087697581306,0.7371640659767197,1.951608170169951,10.544443930805613,10.271524936250291,0.2191085761020307,4.61512051684126,4.793224728671086
GRC,2008,0.813,0.257,0.126674965023994,0.577969372272491,0.267854154109955,0.881061792373657,0.928211510181427,54.7824380506954,0.341914697099393,9.247,0.0,1.0,0.0,1.8373699804801074,1.430311246536665,4.794319695197015,4.2310583855379225,6.022442245153226,0.8020015854720274,1.9629077254238845,10.52293846079772,10.323577557117064,0.2191085761020307,4.61512051684126,4.837611766939143
GRC,2009,0.813,0.252,0.0628989040851593,0.615196585655212,-0.208124294877052,0.834921479225159,0.891443252563477,55.1697107781957,0.341734503427219,13.523,0.0,0.0,1.0,1.8373699804801074,1.4350845252893227,4.744725254347688,4.1852511209097765,5.984938297392421,0.8020015854720274,1.9213246735826988,10.482530042775046,10.30724409551016,0.2191085761020307,4.61512051684126,4.794319695197015
GRC,2010,0.814,0.212,-0.0625116676092148,0.492912799119949,-0.12720687687397,0.642821490764618,0.897718012332916,54.9512735385959,0.34021467097093,18.601,0.0,1.0,1.0,1.8261608959453874,1.4398351280479205,4.685366721600826,4.148201235012811,5.938688575149709,0.8020015854720274,1.8870696490323797,10.434670443874586,10.234331808038663,0.2191085761020307,4.61512051684126,4.744725254347688
GRC,2011,0.817,0.206,-0.101170934736729,0.451953709125519,-0.0986951887607574,0.492343783378601,0.820455014705658,54.53158985808,0.339666583190888,13.944,0.0,1.0,0.0,1.7850704810772584,1.4398351280479205,4.657558746811677,4.13804241748782,5.919659689978365,0.8109302162163288,1.8794650496471605,10.417012878823636,10.153996204021226,0.2191085761020307,4.61512051684126,4.685366721600826
GRC,2012,0.808,0.211,-0.19037801027298,0.276448935270309,-0.217248693108559,0.521992683410645,0.700790524482727,54.0820614600343,0.339539517676541,16.909,0.0,0.0,0.0,1.7850704810772584,1.4445632692438664,4.613171405325348,4.138201945285877,5.8587956395790926,0.8109302162163288,1.884034745337226,10.361448015600798,10.109850054173856,0.2324956568844901,4.61512051684126,4.657558746811677
GRC,2013,0.796,0.17,-0.0754430443048477,0.357173413038254,-0.171341717243195,0.628217577934265,0.687213718891144,55.243796614294,0.336971558392247,25.475,0.0,1.0,0.0,1.7783364488959144,1.4445632692438664,4.54604940229857,4.081934542145419,5.79697829957465,0.8109302162163288,1.8421356765531218,10.3067871509531,10.155486004067917,0.2324956568844901,4.61512051684126,4.613171405325348
GRC,2014,0.8,0.17,-0.136098176240921,0.298027336597443,-0.140445962548256,0.326164484024048,0.618707537651062,55.9987128588369,0.338983854771516,24.547,0.0,1.0,0.0,1.7783364488959144,1.47932922708708,4.52168294258421,4.084967400409504,5.73304997233677,0.8628899551470399,1.851599469584072,10.24946295498348,10.183056098925244,0.2324956568844901,4.61512051684126,4.54604940229857
GRC,2015,0.782,0.146,-0.119139403104782,0.145935848355293,-0.235559731721878,0.391890466213226,0.651585519313812,56.2368529033018,0.341530399105538,29.089,0.0,0.0,0.0,1.7783364488959144,1.47932922708708,4.487986375120551,4.121635422458004,5.745317814685039,0.8628899551470399,1.888583653863595,10.268425622620093,10.189262120936613,0.2324956568844901,4.61512051684126,4.52168294258421
GRC,2016,0.777,0.146,-0.13452722132206,0.124417319893837,-0.129703640937805,0.135288879275322,0.668896377086639,56.092059637865,0.339587121792143,27.656,0.0,1.0,0.0,1.682688374173693,1.47932922708708,4.464244311892756,4.153242203469586,5.730077055442579,0.8628899551470399,1.918392120161421,10.257338577967575,10.222143074147947,0.2324956568844901,4.61512051684126,4.487986375120551
GRC,2017,0.775,0.149,-0.112043097615242,0.239155456423759,-0.0812440440058708,0.22380830347538,0.658747911453247,56.06257195204,0.339289253450651,25.182,0.0,1.0,0.0,1.682688374173693,1.47932922708708,4.472655536941416,4.127779338308338,5.7782620444256425,0.8628899551470399,1.8991179875485544,10.307718566129479,10.26404878959314,0.2324956568844901,4.61512051684126,4.464244311892756
GRC,2018,0.77,0.169,-0.0562080480158329,0.25846466422081,0.153979063034058,0.402087926864624,0.741765856742859,56.2917255299778,0.338960436194739,30.679,0.0,1.0,0.0,1.682688374173693,1.4838746894587547,4.433673492778397,4.092509546276371,5.7840282386354875,0.8628899551470399,1.8702625307159986,10.31561266681956,10.30203073435741,0.2324956568844901,4.61512051684126,4.472655536941416
GRC,2019,0.764,0.178,0.0136982277035713,0.314295798540115,0.162428334355354,0.517325818538666,0.810683846473694,56.6053053560845,0.339426719097595,33.577,0.0,1.0,0.0,1.5623463049002497,1.4838746894587547,4.355331221283003,4.07567129695648,5.761695973717908,0.8919980393051105,1.8562979903656263,10.294356486219694,10.371250523854757,0.2324956568844901,4.61512051684126,4.433673492778397
GRC,2020,0.67,0.213,0.0319508388638496,0.402936995029449,0.115181528031826,0.53649765253067,0.962944686412811,57.0316847472057,0.337701141135621,36.94,0.0,1.0,0.0,1.430311246536665,1.4861396960896067,4.220988796571419,4.04952151861378,5.6274628277827885,0.8919980393051105,1.8357763546448291,10.161468107187984,10.29330039185273,0.2324956568844901,4.61512051684126,4.355331221283003
GRC,2021,0.636,0.174,0.183011442422867,0.406026542186737,0.10138326883316,0.426903694868088,0.945290207862854,58.0137000523331,0.33396386605735,40.8,0.0,1.0,0.0,1.2612978709452054,1.4861396960896067,4.23818374027085,4.076180591594429,5.715500219610189,0.8919980393051105,1.8687205103641835,10.261067202105277,10.420260111545092,0.2324956568844901,4.61512051684126,4.220988796571419
GRC,2022,0.61,0.253,0.0375978611409664,0.446967661380768,0.106463775038719,0.464378982782364,0.956881701946259,57.771732875613,0.337056004756468,43.449,0.0,1.0,0.0,1.169381359556317,1.4861396960896067,4.25368950489912,4.02749225523426,5.753632394546439,0.8919980393051105,1.8389610707123492,10.315240086624236,10.570547967168551,0.0,4.61512051684126,4.23818374027085
GTM,2003,0.367,0.819,-0.737127959728241,-0.570908546447754,-0.774796605110168,-0.349703222513199,-0.483628332614899,38.3766797708826,0.475311215729481,48.77,0.0,1.0,1.0,0.1310282624064041,0.46373401623214017,4.125059134850766,2.0162354657760435,3.8667954874914567,0.6523251860396903,0.41871033485818504,8.225886959625422,8.533534945786071,0.0,4.375757021660286,4.011245714977248
GTM,2004,0.38,0.796,-0.619750618934631,-0.805464208126068,-0.808034837245941,-0.22633421421051,-0.324404269456863,39.24353921026,0.473880503486753,50.935,0.0,0.0,0.0,0.1310282624064041,0.49469624183610705,3.966697661967056,1.9459101490553132,3.807617589073292,0.6931471805599453,0.3852624007906449,8.143179074812378,8.568731300166917,0.0,4.359269647551265,4.125059134850766
GTM,2005,0.381,0.796,-0.684203922748566,-0.796116292476654,-0.835618197917938,-0.50091141462326,-0.359379410743713,38.7927249392413,0.474321039191354,56.115,0.0,1.0,0.0,0.1310282624064041,0.5306282510621704,4.073886243452924,2.033397603178429,3.8612138043748234,0.6830968447064438,0.412109650826833,8.176313978323485,8.610187559044075,0.0,4.373238128640803,3.966697661967056
GTM,2006,0.379,0.796,-0.837902724742889,-0.691974639892578,-0.735238790512085,-0.315376073122025,-0.168789565563202,37.3437732727315,0.470643539104055,53.494,0.0,0.0,0.0,0.1310282624064041,0.5538851132264376,4.028798894031831,2.1736147116970854,3.9164531777074614,0.598836501088704,0.4574248470388754,8.21155350857733,8.67152446945196,0.0,4.439115601658009,4.073886243452924
GTM,2007,0.391,0.796,-0.769333958625793,-0.663869917392731,-0.753424942493439,-0.305537134408951,-0.1712756305933,37.9830361415649,0.472877333919638,50.917,0.0,0.0,0.0,0.1310282624064041,0.5766133643039938,4.086794929142414,2.2617630984737906,4.008169199311659,0.636576829071551,0.48858001481867097,8.283960667138487,8.73862964959013,0.0,4.403054001865957,4.028798894031831
GTM,2008,0.405,0.79,-0.666637182235718,-0.647270858287811,-0.713971555233002,-0.252038717269897,-0.201825633645058,38.6026764534418,0.470494158738844,54.954,0.0,0.0,0.0,0.1310282624064041,0.5766133643039938,4.056958219657678,2.262804222982201,3.9156763239260486,0.6575200029167942,0.4824261492442927,8.169174105784693,8.76958591062639,0.0,4.417635062141249,4.086794929142414
GTM,2009,0.405,0.79,-0.533482134342194,-0.709745109081268,-0.925672590732574,-0.216534748673439,-0.250002413988113,39.0963455231913,0.468908570582422,45.791,0.0,1.0,1.0,0.1310282624064041,0.5766133643039938,4.086191163221912,2.2874714551839976,3.987278889906913,0.6981347220709844,0.4824261492442927,8.222236993211085,8.760569248279154,0.0,4.432006566978902,4.056958219657678
GTM,2010,0.399,0.787,-0.540784418582916,-0.720754623413086,-0.852924466133118,-0.172244891524315,-0.30328357219696,39.8618801951127,0.46295386689133,63.688,0.0,1.0,0.0,0.1310282624064041,0.6312717768418579,4.066297440125535,2.3085671646715933,3.981101206607749,0.6981347220709844,0.48858001481867097,8.196128329260237,8.781263662485001,0.0,4.446174454497633,4.086191163221912
GTM,2011,0.393,0.788,-0.537248194217682,-0.724510610103607,-0.744141399860382,-0.211610183119774,-0.311964631080627,40.0128807166281,0.459890096187658,62.671,0.0,1.0,0.0,0.1988508587451652,0.6418538861723948,4.111735394067243,2.3115448343655176,3.97300521036294,0.7371640659767197,0.4824261492442927,8.167959350813991,8.822535469808248,0.0,4.442651256490317,4.066297440125535
GTM,2012,0.392,0.788,-0.678762555122375,-0.787666738033295,-0.633820176124573,-0.263000935316086,-0.356138646602631,39.6353848140126,0.456306926782175,66.667,0.0,0.0,0.0,0.1988508587451652,0.688134638736401,4.076424293480691,2.340843805111136,4.028169146547802,0.708035793053696,0.4824261492442927,8.204228045419654,8.890040981444029,0.0,4.475061500641071,4.111735394067243
GTM,2013,0.405,0.798,-0.63929146528244,-0.727540254592896,-0.674156248569489,-0.287112712860107,-0.366608381271362,40.2943431452107,0.453243397495068,67.589,0.0,1.0,1.0,0.1988508587451652,0.6931471805599453,4.141869817443204,2.379546134130174,4.097888275845466,0.7178397931503169,0.49469624183610705,8.255612819624584,8.949098381145411,0.0,4.489759334476764,4.076424293480691
GTM,2014,0.413,0.798,-0.756552994251251,-0.762856304645538,-0.655563533306122,-0.284290075302124,-0.337663441896439,40.7868884444696,0.45596686400478,68.421,0.0,1.0,0.0,0.1988508587451652,0.6981347220709844,4.14666377763536,2.410542234499138,4.151968608379235,0.712949807856125,0.5007752879124893,8.291625203529337,9.016471516896132,0.0,4.460144413937834,4.141869817443204
GTM,2015,0.433,0.752,-0.781392335891724,-0.769879937171936,-0.654437899589539,-0.325637251138687,-0.346461206674576,40.8870288568431,0.455988373171809,61.146,0.0,1.0,1.0,0.1988508587451652,0.7371640659767197,4.212040280844003,2.4570214462984645,4.296400661205825,0.6830968447064438,0.5128236264286637,8.419837440857895,9.097731719902827,0.0,4.516338972281476,4.14666377763536
GTM,2016,0.453,0.72,-0.791301846504211,-0.654102444648743,-0.545003712177277,-0.299814790487289,-0.290387779474258,41.1910038439015,0.450096549208834,61.804,0.0,1.0,0.0,0.41871033485818504,0.8712933659434192,4.330298670983961,2.50715725872282,4.384473638316933,0.6830968447064438,0.5247285289349821,8.490640364699917,9.127222680432169,0.0,4.530446639792155,4.212040280844003
GTM,2017,0.459,0.734,-0.787501215934753,-0.692473888397217,-0.651365458965302,-0.369947046041489,-0.279698878526688,41.712287753928,0.437499187303809,68.639,0.0,1.0,0.0,0.41871033485818504,0.8919980393051105,4.2306206079071,2.5152741864043966,4.419009268271416,0.5653138090500605,0.5247285289349821,8.507415343687,9.165466202915317,0.0,4.546481189639412,4.330298670983961
GTM,2018,0.415,0.779,-0.821764290332794,-0.717763662338257,-0.538147449493408,-0.291999518871307,-0.353723645210266,41.50992186885,0.4344969954144,66.113,0.0,1.0,0.0,0.41871033485818504,0.9162907318741551,4.255346624834952,2.5321082512722946,4.439221853392078,0.5653138090500605,0.5247285289349821,8.51120268410311,9.205106953746435,0.0,4.55597994179732,4.2306206079071
GTM,2019,0.421,0.769,-0.915584146976471,-0.726514339447021,-0.577340841293335,-0.335179150104523,-0.33345302939415,41.2433671209335,0.442524667216848,63.858,0.0,1.0,0.0,0.41871033485818504,0.9477893989335261,4.332678240786233,2.537657215173529,4.518631424570852,0.5653138090500605,0.5187937934151676,8.576308722186177,9.283300838414595,0.0,4.5685062016165,4.255346624834952
GTM,2020,0.406,0.757,-1.13409781455994,-0.713372230529785,-0.415829300880432,-0.270502895116806,-0.378492921590805,40.1135581542133,0.444173628515658,75.765,0.0,1.0,0.0,0.41871033485818504,0.9477893989335261,4.388933030390763,2.5915163848462583,4.511716282236832,0.5653138090500605,0.5364933705145685,8.55461016342147,9.300945968857075,0.0,4.580877493419047,4.332678240786233
GTM,2021,0.359,0.756,-1.19265234470367,-0.782863199710846,-0.395517915487289,-0.327891737222672,-0.46514230966568,40.0315877122863,0.443482530347802,73.497,0.0,1.0,0.0,0.36464311358790924,0.9439058989071285,4.344002320671515,2.803360380906535,4.6470699994527696,0.48858001481867097,0.6312717768418579,8.677536145195074,9.378067722340539,0.0,4.594109238628667,4.388933030390763
GTM,2022,0.309,0.762,-1.21014869213104,-0.907798588275909,-0.262850880622864,-0.291810005903244,-0.522613763809204,40.5530363303745,0.43434700023862,84.644,0.0,1.0,0.0,0.36464311358790924,0.9439058989071285,4.295655776684635,2.698673039289613,4.570092080375227,0.48858001481867097,0.5766133643039938,8.58573705544776,9.473858999216873,0.0,4.6061696863211745,4.344002320671515
GUY,2003,0.373,0.559,-0.357633143663406,-0.0229330193251371,-0.436319321393967,-0.340948224067688,0.42819881439209,42.1318532273963,0.481159119243307,1.22,0.0,0.0,0.0,0.0,0.0,-4.956172145549411,0.598836501088704,2.0729203246895707,0.20701416938432615,0.7323678937132266,9.116697271822076,8.763011032343702,0.0,4.3463994570307305,-4.95715283253845
GUY,2004,0.372,0.559,-0.400268286466599,-0.0404722616076469,-0.554896175861359,-0.387165576219559,0.0669328719377518,42.2130378754796,0.478701534081569,1.163,0.0,0.0,0.0,0.0,0.0,-4.957042089993561,0.6205764877251099,2.050398856227105,0.20701416938432615,0.7561219797213337,9.091714030837664,8.805948137291265,0.0,4.354141431184346,-4.956172145549411
GUY,2005,0.371,0.559,-0.558261573314667,-0.500283241271973,-0.454965949058533,-0.49572366476059,-0.228859812021255,39.4213662515941,0.488094347887306,1.538,0.0,0.0,0.0,0.0,0.0,-4.9594804696124575,0.5007752879124893,1.9636097261547143,0.18232155679395462,0.6151856390902335,8.99346848757971,8.819091431227445,0.0,4.363098624788362,-4.957042089993561
GUY,2006,0.371,0.559,-0.583094894886017,-0.292215287685394,-0.734118461608887,-0.613583862781525,0.0918237343430519,39.3032921077029,0.489965158357637,1.515,0.0,0.0,0.0,0.0,0.0,-4.961180711131533,0.5068176023684519,1.8674851797561907,0.18232155679395462,0.6259384308664953,8.883345582138862,8.902039217388284,0.0,4.309455941839047,-4.9594804696124575
GUY,2007,0.371,0.559,-0.592017114162445,-0.0135454647243023,-0.559686779975891,-0.620565354824066,0.100955948233604,38.7342544702745,0.494728669035842,1.429,0.0,0.0,0.0,0.0,0.0,-4.959473685078895,0.5306282510621704,2.052840859882657,0.1906203596086497,0.6575200029167942,9.101931548278046,9.000980142616786,0.0,4.375757021660286,-4.961180711131533
GUY,2008,0.369,0.559,-0.556314647197723,-0.177931427955627,-0.633931934833527,-0.586162805557251,0.112154990434647,39.415704405561,0.484914499653923,1.408,0.0,0.0,0.0,0.0,0.0,-4.9594158462509075,0.5364933705145685,2.008482452739342,0.1906203596086497,0.6626879730752367,9.053814623905959,9.040443040000124,0.0,4.383275854074314,-4.959473685078895
GUY,2009,0.372,0.559,-0.539242208003998,-0.181886002421379,-0.62998104095459,-0.623867869377136,0.0926980152726173,39.102685284619,0.488549124839327,1.205,0.0,0.0,1.0,0.0,0.0,-4.959265826071608,0.6043159668533296,2.0340518393810254,0.18232155679395462,0.7419373447293773,9.086593638773447,9.085399359200249,0.0,4.364371699435161,-4.9594158462509075
GUY,2010,0.371,0.56,-0.562469244003296,-0.122200235724449,-0.458965748548508,-0.605241239070892,0.0661983788013458,39.1037757718691,0.482303636706171,1.149,0.0,0.0,0.0,0.0,0.0,-4.958271614842335,0.6259384308664953,2.099121612446663,0.18232155679395462,0.7701082216960736,9.16496270361412,9.14180435705644,0.0,4.4343818650078095,-4.959265826071608
GUY,2011,0.372,0.56,-0.619942247867584,-0.0821348130702972,-0.434282511472702,-0.678618311882019,0.0294742900878191,39.1169678515903,0.477234856938883,1.099,0.0,0.0,0.0,0.0,0.0,-4.957852065792545,0.6471032420585385,2.132508262616528,0.1906203596086497,0.7975071958841881,9.207059796768867,9.217025275671045,0.0,4.44500143383527,-4.958271614842335
GUY,2012,0.373,0.56,-0.761781573295593,-0.100731432437897,-0.499614059925079,-0.62617301940918,-0.00228818249888718,38.6388422447649,0.472928734763304,2.128,0.0,0.0,0.0,0.0,0.0,-4.911579091674653,0.6626879730752367,2.2430473802778494,0.1906203596086497,0.8153648132841945,9.331380763351111,9.271230903606886,0.0,4.455509411433685,-4.957852065792545
GUY,2013,0.391,0.548,-0.651954174041748,-0.102227434515953,-0.45660674571991,-0.608322560787201,0.0212019812315702,39.3418384029649,0.470781664590016,2.083,0.0,0.0,0.0,0.0,0.0,-4.922769506504536,0.6729444732424258,2.2207240665137253,0.1906203596086497,0.8241754429663495,9.30133991066615,9.323748292930468,0.0,4.465908118654584,-4.911579091674653
GUY,2014,0.39,0.548,-0.741052150726318,-0.221426650881767,-0.136097595095634,-0.528059959411621,0.156047061085701,39.6224510694866,0.467978291107951,2.041,0.0,0.0,0.0,0.0,0.0,-4.9206794137362015,0.6830968447064438,2.2198554453950496,0.1906203596086497,0.832909122935104,9.294810188602415,9.318838580711068,0.0,4.476199804691132,-4.922769506504536
GUY,2015,0.45,0.406,-0.657630562782288,-0.330193787813187,-0.139641344547272,-0.530868947505951,0.183893635869026,39.8305371703951,0.467054293469407,3.0,0.0,0.0,1.0,0.0,0.0,-4.944576629954877,0.6931471805599453,2.2398582630857407,0.23111172096338664,0.8415671856782186,9.311185840130094,9.342199333234719,0.0,4.48863636973214,-4.9206794137362015
GUY,2016,0.458,0.382,-0.348007827997208,-0.283567517995834,-0.0342189259827137,-0.430909156799316,0.253121465444565,40.8331655644094,0.469224478467527,1.852,0.0,0.0,0.0,0.0,0.0,-4.950604894005959,0.7323678937132266,2.3432470747129353,0.23901690047049992,0.8796267475025636,9.419958951815465,9.351612462977277,0.0,4.499809670330265,-4.944576629954877
GUY,2017,0.454,0.404,-0.531101524829865,-0.281807273626328,-0.049440186470747,-0.401308506727219,0.277443736791611,40.130435270722,0.469287482236504,1.818,0.0,0.0,0.0,0.0,0.0,-4.950104055665664,0.7419373447293773,2.333889942822458,0.23901690047049992,0.8878912573524571,9.403092754728098,9.412809479976339,0.0,4.51085950651685,-4.950604894005959
GUY,2018,0.457,0.37,-0.250006973743439,-0.25484773516655,-0.191837906837463,-0.540220737457275,0.223182663321495,41.4958251538094,0.4640069537191,1.77,0.0,0.0,0.0,0.0,0.0,-4.923929062595584,0.7561219797213337,2.300883646354288,0.23901690047049992,0.8878912573524571,9.336972141851891,9.428954377857579,0.0,4.520701029361641,-4.950104055665664
GUY,2019,0.438,0.365,-0.142694622278214,-0.395576238632202,-0.254073828458786,-0.611618995666504,0.253580123186111,42.4006701109853,0.460032491996101,2.632,0.0,0.0,0.0,0.0,0.0,-4.897251180079806,0.76080582903376,2.417787022682729,0.23901690047049992,0.8796267475025636,9.445911105006479,9.49114671388417,0.0,4.528289141652134,-4.923929062595584
GUY,2020,0.393,0.406,-0.173186764121056,-0.446742802858353,-0.137554720044136,-0.536126554012299,0.212521523237228,43.9049723486131,0.432243067052343,1.77,0.0,0.0,0.0,0.0,0.0,-4.901922831027045,0.7561219797213337,2.3751847854083894,0.23901690047049992,0.8754687373538999,9.399194047950974,9.730349074201962,0.0,4.535820107853298,-4.897251180079806
GUY,2021,0.342,0.39,-0.187317982316017,-0.261401027441025,-0.137113198637962,-0.522020161151886,0.239529952406883,44.4657639576262,0.427878931046517,1.786,0.0,0.0,0.0,0.0,0.0,-4.921564346498297,0.7514160886839212,2.3936133913416096,0.2776317365982795,0.8628899551470399,9.409668903502784,10.037446914057755,0.0,4.542230386214217,-4.901922831027045
GUY,2022,0.341,0.39,-0.295522034168243,-0.266314893960953,0.0207335669547319,-0.527693390846252,0.193488836288452,43.8802224446891,0.433089421001128,1.575,0.0,0.0,0.0,0.0,0.0,-4.909830092232821,0.8197798314933114,2.4976583337131633,0.2776317365982795,0.9360933591703348,9.51609408914373,10.589407921504067,0.0,4.543294782270004,-4.921564346498297
HND,2003,0.334,0.844,-0.974429309368134,-0.761468172073364,-0.379858076572418,-0.593333899974823,-0.177857652306557,37.1078911633919,0.474698258193354,41.026,0.0,1.0,0.0,0.0,0.3920420877760237,1.8284213558748843,1.7934247485471162,3.315131012557341,0.1906203596086497,0.5306282510621704,8.223354874786427,7.9450997963908545,0.0,4.191168746857641,1.5402932344898463
HND,2004,0.334,0.844,-0.946081817150116,-0.716462850570679,-0.391061931848526,-0.429583519697189,-0.340818166732788,37.2318685616615,0.475664893065065,34.109,0.0,0.0,0.0,0.0,0.3987761199573678,1.9895395055251852,1.8779371654691073,3.4175627357484197,0.3920420877760237,0.5653138090500605,8.30449044471268,8.007132845818328,0.0,4.220977213155467,1.8284213558748843
HND,2005,0.33,0.844,-0.819756150245667,-0.680190563201904,-0.623264193534851,-0.625240623950958,-0.345806866884232,37.4969593173687,0.473814129592957,33.092,0.0,0.0,0.0,0.0,0.3987761199573678,1.8655682805443141,1.884034745337226,3.392089362631428,0.5481214085096876,0.5596157879354227,8.253858175922398,8.072454636015431,0.0,4.247065649239764,1.9895395055251852
HND,2006,0.316,0.844,-0.833331823348999,-0.660407066345215,-0.66790372133255,-0.457659006118774,-0.139432832598686,37.563952005286,0.467721816485244,36.745,0.0,0.0,0.0,0.0,0.4054651081081644,2.0237695476674746,1.943048916774281,3.331811575843763,0.5481214085096876,0.5766133643039938,8.167867745062958,8.142826368902526,0.0,4.280824129164719,1.8655682805443141
HND,2007,0.315,0.845,-0.791543304920197,-0.553879499435425,-0.43703019618988,-0.282702386379242,-0.192796736955643,38.165008205695,0.467018374722285,37.52,0.0,1.0,0.0,0.0,0.41871033485818504,2.4425251224039846,1.9878743481543455,3.560108142876075,0.5481214085096876,0.5877866649021191,8.380673108531527,8.206607702692398,0.0,4.310799125385514,2.0237695476674746
HND,2008,0.319,0.845,-0.915665328502655,-0.622831583023071,-0.527115523815155,-0.316503912210464,-0.294657081365585,38.205323753424,0.466016014297476,38.117,0.0,0.0,0.0,0.0,0.41871033485818504,2.4560664578898876,2.010894999144726,3.54434489088064,0.5481214085096876,0.5933268452777344,8.341996830020863,8.24468791685516,0.0,4.3489867805956814,2.4425251224039846
HND,2009,0.278,0.845,-0.908242762088776,-0.674577832221985,-0.308192104101181,-0.310121268033981,-0.532957136631012,38.6366295239647,0.465183837896434,47.376,0.0,1.0,0.0,0.0,0.41871033485818504,2.4451988257058783,2.0554049638515943,3.4855998027285042,0.5481214085096876,0.6043159668533296,8.259602336082349,8.204342910410075,0.0,4.373238128640803,2.4560664578898876
HND,2010,0.235,0.847,-0.889169752597809,-0.636895477771759,-0.496909588575363,-0.24657230079174,-0.503610491752625,38.5588967322657,0.461660467261135,48.611,0.0,1.0,1.0,0.0,0.4252677354043441,2.4490390600500773,2.105352923464337,3.5175868541677158,0.5481214085096876,0.6205764877251099,8.271324110285137,8.23178757137922,0.0,4.406719247264253,2.4451988257058783
HND,2011,0.245,0.854,-0.833935797214508,-0.520890951156616,-0.390435367822647,-0.152864038944244,-0.468656331300735,38.1107184337118,0.45984101338143,46.051,0.0,1.0,0.0,0.0,0.4252677354043441,2.558948970148839,2.1412419425852827,3.541915388601035,0.5481214085096876,0.6312717768418579,8.275721195664149,8.269170546569345,0.0,4.421247347827163,2.4490390600500773
HND,2012,0.239,0.854,-0.955132007598877,-0.691542148590088,-0.350115597248077,-0.205009326338768,-0.469777703285217,37.5289817938468,0.458843892318288,46.429,0.0,1.0,0.0,0.0,0.43178241642553783,2.610087878259712,2.188295946591918,3.616711905811874,0.5481214085096876,0.6471032420585385,8.332412292919118,8.298376787237016,0.0,4.437934266612178,2.558948970148839
HND,2013,0.253,0.853,-0.945059180259705,-0.724005818367004,-0.438611596822739,-0.197600990533829,-0.474992007017136,38.0033880177665,0.456462424480516,44.093,0.0,1.0,1.0,0.0,0.44468582126144574,2.6107193614948456,2.2321626286975,3.630641045524845,0.5481214085096876,0.6626879730752367,8.326926233353904,8.328046836283335,0.0,4.4796069630127455,2.610087878259712
HND,2014,0.267,0.853,-0.787561237812042,-0.812356412410736,-0.534083962440491,-0.408311367034912,-0.409250140190125,38.874762418892,0.455294280107515,40.602,0.0,1.0,0.0,0.0,0.48858001481867097,2.6134287719792306,2.263844264677615,3.6862760682438216,0.5481214085096876,0.6678293725756554,8.364657673179622,8.403141108466553,0.0,4.49647076906475,2.6107193614948456
HND,2015,0.242,0.853,-0.589746415615082,-0.859404504299164,-0.472757905721664,-0.417710304260254,-0.421847492456436,39.6697146918964,0.451022860681871,46.211,0.0,1.0,1.0,0.06765864847381481,0.49469624183610705,2.692015209400288,2.3532782073095637,3.8121363696055615,0.5481214085096876,0.708035793053696,8.47450007243393,8.486031812768337,0.0,4.51085950651685,2.6134287719792306
HND,2016,0.252,0.853,-0.679402530193329,-0.763441383838654,-0.437456160783768,-0.530846297740936,-0.438270062208176,39.3435250848093,0.451904203180929,49.896,0.0,1.0,0.0,0.06765864847381481,0.5187937934151676,2.6264470734694827,2.392425796993835,3.760758157579345,0.5481214085096876,0.7227059828014898,8.40316679076248,8.553941422459264,0.0,4.528289141652134,2.692015209400288
HND,2017,0.241,0.838,-0.738785088062286,-0.530908048152924,-0.565637111663818,-0.451085269451141,-0.44031897187233,39.0215593237967,0.455291195108292,59.058,0.0,0.0,0.0,0.06765864847381481,0.5187937934151676,2.589839897856979,2.4150205223238337,3.800062983074551,0.5481214085096876,0.7227059828014898,8.424886875492003,8.634381303914676,0.0,4.471638793363569,2.6264470734694827
HND,2018,0.232,0.845,-0.656895399093628,-0.618258476257324,-0.531820952892303,-0.448792904615402,-0.52352774143219,39.5759034856173,0.447978757701774,64.151,0.0,1.0,0.0,0.09531017980432487,0.5364933705145685,2.579979498165844,2.4362414778067194,3.8120037553360717,0.5481214085096876,0.7275486072772778,8.418798358958934,8.636642968567322,0.0,4.528289141652134,2.589839897856979
HND,2019,0.231,0.841,-0.875853598117828,-0.619122743606567,-0.569057047367096,-0.495705455541611,-0.572002947330475,38.6479730338644,0.447907438338246,54.978,0.0,0.0,0.0,0.09531017980432487,0.5481214085096876,2.6825617666966246,2.517696472610991,3.905481657384724,0.598836501088704,0.7654678421395714,8.496165654224148,8.663184527388383,0.0,4.522874943261261,2.579979498165844
HND,2020,0.232,0.828,-0.988051235675812,-0.645809412002563,-0.448507726192474,-0.494940370321274,-0.618947327136993,38.0535562921395,0.449930025737947,56.929,0.0,1.0,0.0,0.09531017980432487,0.6097655716208943,2.6368952925933935,2.481567748522486,3.8150714793516958,0.6259384308664953,0.7323678937132266,8.386300827775178,8.591502259888667,0.0,4.544358046591334,2.6825617666966246
HND,2021,0.243,0.814,-1.09147262573242,-0.819059908390045,-0.627813994884491,-0.534852623939514,-0.589453816413879,37.8348277323914,0.447611300977317,62.76,0.0,1.0,1.0,0.09531017980432487,0.6151856390902335,2.728051773096862,2.543175557911976,3.9451095584159352,0.6259384308664953,0.76080582903376,8.502372099642912,8.732946427599238,0.0,4.554928969551344,2.6368952925933935
HND,2022,0.381,0.768,-1.00228834152222,-0.86729633808136,-0.568361818790436,-0.485292732715607,-0.49105179309845,38.3195789563081,0.445571418022766,61.172,0.0,1.0,0.0,0.09531017980432487,0.6471032420585385,2.7579668984097006,2.561867690924129,3.9892247583316127,0.6259384308664953,0.76080582903376,8.530561634259055,8.825632374168794,0.0,4.558078578454241,2.728051773096862
HRV,2003,0.633,0.309,0.258523046970367,0.318801134824753,0.558495879173279,0.466213047504425,0.623684108257294,52.9760978913777,0.385294825237862,41.489,0.0,1.0,0.0,0.29266961396282,1.1184149159642893,3.098971440537669,2.8604851241459652,4.675815025557423,1.0438040521731147,1.5727739280625088,10.11407747575749,9.524734127729143,0.0,4.61512051684126,2.9894347435052344
HRV,2004,0.604,0.457,0.239370077848434,0.44430086016655,0.686754405498505,0.53191602230072,0.658320605754852,53.125108112711,0.384935411929457,55.011,0.0,0.0,0.0,0.29266961396282,1.1216775615991057,3.108446588728995,2.8831233291713367,4.7143922363148,1.0438040521731147,1.5912739418064292,10.152231908787213,9.594861199144665,0.0,4.6141299273595635,3.098971440537669
HRV,2005,0.637,0.457,0.139555230736732,0.455620646476746,0.43447408080101,0.47524955868721,0.452612310647964,52.4448415414463,0.384563288077107,54.1,0.0,1.0,0.0,0.29266961396282,1.1216775615991057,3.1002184617559845,2.9156062290747062,4.703067924264551,1.0260415958332743,1.6193882432872684,10.139900119791077,9.645483188594604,0.0,4.6141299273595635,3.108446588728995
HRV,2006,0.634,0.457,0.0449901148676872,0.555540442466736,0.560829281806946,0.365195125341415,0.48149374127388,51.4067584619224,0.383143168558048,51.51,0.0,0.0,0.0,0.29266961396282,1.1216775615991057,3.126987342490174,2.9396908826703663,4.690889061390629,1.0260415958332743,1.6389967146756448,10.127178474015953,9.777555766185234,0.0,4.613138355637268,3.1002184617559845
HRV,2007,0.642,0.454,0.0590379722416401,0.456446975469589,0.60539698600769,0.411397367715836,0.517976045608521,51.8133094493879,0.383633630488915,37.799,0.0,1.0,0.0,0.29266961396282,1.1184149159642893,3.2367121653573228,2.967332799032293,4.695513505885693,1.0331844833456545,1.6620303625532709,10.131809472923784,9.88171487048085,0.0,4.613138355637268,3.126987342490174
HRV,2008,0.641,0.441,-0.050504669547081,0.572743833065033,0.573651909828186,0.413963556289673,0.467806965112686,51.4973350877525,0.384339520057961,45.696,0.0,0.0,0.0,0.29266961396282,1.1184149159642893,3.184061917442142,2.9851767596144745,4.690099396773396,1.0331844833456545,1.6789639750827106,10.126658143484764,9.953181133798008,0.0,4.61512051684126,3.2367121653573228
HRV,2009,0.656,0.366,-0.0860949829220772,0.585426390171051,0.612926959991455,0.472275614738464,0.48627769947052,51.126687134172,0.382617661647697,56.03,0.0,1.0,1.0,0.29266961396282,1.1249295969854831,3.1008318209545784,2.9626924194757907,4.677388516750702,1.0612565021243408,1.6601310267496183,10.114773034019807,9.9207727125273,0.0,4.61512051684126,3.184061917442142
HRV,2010,0.734,0.289,0.0231014657765627,0.581434488296509,0.608463644981384,0.489483296871185,0.476428359746933,52.0927063097912,0.382246387784292,62.88,0.0,1.0,0.0,0.29266961396282,1.1410330045520618,3.0820413817428673,2.983659692319722,4.693766972218733,1.0612565021243408,1.6789639750827106,10.13348738574009,9.910588193941203,0.0,4.61512051684126,3.1008318209545784
HRV,2011,0.747,0.271,0.0277206785976887,0.502175211906433,0.623747110366821,0.442892551422119,0.521082401275635,52.11880407179,0.379474528289321,47.017,0.0,1.0,0.0,0.29266961396282,1.1410330045520618,3.124482324520768,2.96424160646262,4.558581596573499,1.0612565021243408,1.665818245870208,10.00170676971257,9.961369239667155,0.0,4.61512051684126,3.0820413817428673
HRV,2012,0.747,0.271,-0.0254572927951813,0.675028204917908,0.606891453266144,0.353815704584122,0.540830552577972,52.1270623497936,0.376016983565733,49.763,0.0,1.0,0.0,0.29266961396282,1.1410330045520618,3.0724330832788347,2.9444389791664403,4.484075422610033,1.0543120297715298,1.6544112780768316,9.931435349066678,9.981363321403906,0.0,4.61512051684126,3.124482324520768
HRV,2013,0.715,0.301,0.107450112700462,0.675364792346954,0.642667889595032,0.369632989168167,0.513696014881134,52.8600752624064,0.377119295387534,66.571,0.0,1.0,1.0,0.29266961396282,1.1568811967920856,3.009744307072656,2.934388643312939,4.575463272778659,1.0367368849500223,1.6486586255873816,10.027777858796638,10.018196529310766,0.2324956568844901,4.61512051684126,3.0724330832788347
HRV,2014,0.709,0.301,0.200835213065147,0.676334917545319,0.619112372398376,0.276575356721878,0.514897346496582,53.5314701003745,0.377127618422253,74.013,0.0,1.0,0.0,0.29266961396282,1.1568811967920856,2.984962534654939,2.911263116927541,4.574803757704414,1.0402767116551463,1.6331544390514163,10.03252550225029,10.030438962926313,0.2324956568844901,4.61512051684126,3.009744307072656
HRV,2015,0.701,0.301,0.19990636408329,0.457353413105011,0.586513638496399,0.237562641501427,0.555477857589722,53.8530412171932,0.377882432091323,66.904,0.0,1.0,0.0,0.29266961396282,1.1631508098056809,3.030280788232006,2.946016681308058,4.522005944727322,1.11514159061932,1.6695918352538475,9.98767556424505,10.075633070869564,0.2324956568844901,4.61512051684126,2.984962534654939
HRV,2016,0.653,0.324,0.155666068196297,0.422308266162872,0.654191136360168,0.238647386431694,0.525477707386017,53.9473811699782,0.372841906932202,66.349,0.0,1.0,0.0,0.29266961396282,1.1600209167967532,3.0557840583879163,2.9512577834521614,4.5615421749498735,1.11514159061932,1.682688374173693,10.039000655275432,10.158250355138426,0.2324956568844901,4.61512051684126,3.030280788232006
HRV,2017,0.625,0.341,0.0596246346831322,0.535491704940796,0.681905686855316,0.299445986747742,0.479264795780182,53.3755035866762,0.374361190002342,60.493,0.0,1.0,0.0,0.29266961396282,1.1600209167967532,3.1188560002787575,2.9816333491744893,4.562085216203024,1.11514159061932,1.7209792871670078,10.05349229267759,10.235967577817934,0.2324956568844901,4.61512051684126,3.0557840583879163
HRV,2018,0.617,0.357,0.0467699244618416,0.513932764530182,0.793678283691406,0.48981836438179,0.446175158023834,53.2772346058261,0.373900373572507,72.337,0.0,1.0,0.0,0.29266961396282,1.1631508098056809,3.0471638716009246,2.991222118076105,4.5967347071669895,1.1085626195212777,1.7404661748405044,10.10190741677716,10.30191359922601,0.2324956568844901,4.61512051684126,3.1188560002787575
HRV,2019,0.624,0.292,0.0524476990103722,0.456785351037979,0.685510694980621,0.552517652511597,0.454173117876053,53.539686540852,0.375299374311101,66.008,0.0,1.0,0.0,0.29266961396282,1.1631508098056809,3.050173110310603,2.984671326194566,4.572781282786088,0.9707789171582247,1.7422190236679187,10.087324252587276,10.406207727686036,0.2324956568844901,4.61512051684126,3.0471638716009246
HRV,2020,0.66,0.292,0.177110493183136,0.424775809049606,0.607283234596252,0.36231455206871,0.579596340656281,53.8680334000149,0.374130817488851,64.626,0.0,1.0,0.0,0.29266961396282,1.1631508098056809,3.023233707143978,2.9375733593804587,4.525888855060372,0.8796267475025636,1.7083778602890038,10.048091795505485,10.360755208669259,0.2324956568844901,4.61512051684126,3.050173110310603
HRV,2021,0.652,0.284,0.0375364571809769,0.552374601364136,0.621595680713654,0.493546575307846,0.601495921611786,53.0603723363919,0.377992936273298,69.689,0.0,1.0,0.0,0.29266961396282,1.1631508098056809,3.025707493393439,2.9992261628082466,4.598266409671297,0.8671004876833832,1.7681496035889213,10.128675891845706,10.516812516291678,0.2324956568844901,4.61512051684126,3.023233707143978
HRV,2022,0.651,0.245,0.147807404398918,0.581313610076904,0.672563254833221,0.502549886703491,0.616291224956512,53.4702989570905,0.380032072913129,63.475,0.0,1.0,0.0,0.29266961396282,1.1662709371419244,3.0596993124134646,2.9851767596144745,4.54506980173513,0.8712933659434192,1.75958057086382,10.07941646988112,10.64445476558887,0.0,4.61512051684126,3.025707493393439
HTI,2003,0.248,0.83,-1.58485579490662,-1.48065805435181,-1.31542313098907,-1.13356590270996,-1.20058274269104,32.2410825686557,0.526756934748083,47.17,0.0,0.0,0.0,0.0,0.058268908123975775,2.507680445285433,0.4252677354043441,2.105352923464337,0.18232155679395462,0.058268908123975775,6.7142615451849315,7.7544467009515134,0.0,3.484312288372662,2.501904949060231
HTI,2004,0.1,0.819,-1.46017730236053,-1.71339082717896,-1.98454308509827,-1.47985637187958,-1.33551788330078,32.8197170215966,0.52588170614642,47.273,0.0,0.0,0.0,0.0,0.058268908123975775,2.503167796438531,0.4382549309311553,2.238153232834657,0.1906203596086497,0.058268908123975775,6.847039840541997,7.750699906924697,0.0,3.55820113047182,2.507680445285433
HTI,2005,0.086,0.83,-1.39128422737122,-1.33601558208466,-1.80439794063568,-1.22202289104462,-1.2315981388092,32.3892932474463,0.525837583303478,47.273,0.0,0.0,0.0,0.0,0.058268908123975775,2.5184231942318718,0.4382549309311553,2.277267285009756,0.1906203596086497,0.058268908123975775,6.873866485845755,7.795007684375476,0.0,3.56953269648137,2.503167796438531
HTI,2006,0.196,0.788,-1.32642245292664,-1.29662132263184,-1.39154350757599,-0.862635135650635,-0.712554454803467,31.8499649135652,0.526513178261645,47.368,0.0,0.0,0.0,0.0,0.058268908123975775,2.530930863580106,0.4510756193602167,2.298978597399934,0.1906203596086497,0.058268908123975775,6.88095432039149,7.825908006992964,0.0,3.5524868292083815,2.5184231942318718
HTI,2007,0.285,0.832,-1.29074168205261,-1.31829845905304,-1.31972801685333,-0.837894082069397,-0.612985610961914,32.2546890787088,0.524109642889144,32.609,0.0,0.0,0.0,0.0,0.058268908123975775,2.5723399662514477,0.3784364357202451,2.391511302188447,0.1906203596086497,0.04879016416943201,6.966406189605564,7.881746978915592,0.0,3.597312260588446,2.530930863580106
HTI,2008,0.283,0.832,-1.21558952331543,-1.30567097663879,-1.38310325145721,-0.778468251228333,-0.587012767791748,32.7878394956788,0.521904160461009,36.735,0.0,0.0,0.0,0.0,0.058268908123975775,2.5809268258714417,0.3987761199573678,2.3939785214232563,0.2468600779315258,0.04879016416943201,6.9524733539147725,7.910392217033181,0.0,3.6136169696133895,2.5723399662514477
HTI,2009,0.278,0.832,-1.09506952762604,-1.50691092014313,-0.957430124282837,-0.938361287117004,-0.657142221927643,33.274004183088,0.520668943668558,28.169,0.0,0.0,0.0,0.0,0.058268908123975775,2.593056405459851,0.5364933705145685,2.3422864598455977,0.29266961396282,0.06765864847381481,6.879027561294134,7.957233244114002,0.0,3.6270040503958487,2.5809268258714417
HTI,2010,0.257,0.845,-1.1893208026886,-1.64757931232452,-0.940315425395966,-1.02823603153229,-0.711512327194214,33.027009391343,0.518890791279462,25.0,0.0,0.0,0.0,0.0,0.058268908123975775,2.641420191813885,0.5187937934151676,2.277369843852982,0.29266961396282,0.06765864847381481,6.795355602013226,7.8994914749644884,0.0,3.6428355156125294,2.593056405459851
HTI,2011,0.249,0.853,-1.23770332336426,-1.69178152084351,-0.990167558193207,-1.05570805072784,-0.749023735523224,32.862420371318,0.517386278675685,12.121,0.0,0.0,0.0,0.0,0.058268908123975775,2.6801797053593908,0.688134638736401,2.334083760053417,0.31481073984003355,0.09531017980432487,6.8469952104932155,7.95829590622391,0.0,3.6584202466292277,2.641420191813885
HTI,2012,0.254,0.851,-1.24063181877136,-1.65928363800049,-0.78809267282486,-0.946483671665192,-0.762743711471558,33.0100867307086,0.51658100948715,20.0,0.0,0.0,0.0,0.0,0.058268908123975775,2.680333683944061,0.7419373447293773,2.40676491190371,0.31481073984003355,0.10436001532424277,6.911519186586328,7.948452681497402,0.0,3.6609942506244004,2.6801797053593908
HTI,2013,0.246,0.832,-1.1355242729187,-1.59057712554932,-0.631015360355377,-0.940709590911865,-0.749476432800293,33.4642146172475,0.517415059386383,13.333,0.0,0.0,0.0,0.0,0.058268908123975775,2.6992535589159146,0.7178397931503169,2.4669123864157214,0.33647223662121295,0.09531017980432487,6.962344784890675,8.020762484827586,0.0,3.686376323895818,2.680333683944061
HTI,2014,0.246,0.848,-1.2396377325058,-2.08582854270935,-0.643627285957336,-1.08275556564331,-0.791136741638184,33.2909300394561,0.514317053048192,8.738,0.0,0.0,0.0,0.0,0.058268908123975775,2.7195845599041153,0.708035793053696,2.5443541084314205,0.33647223662121295,0.09531017980432487,7.032013306560424,8.031625366304464,0.0,3.703768066607687,2.6992535589159146
HTI,2015,0.226,0.858,-1.25860095024109,-2.10139346122742,-0.671565055847168,-1.20612668991089,-0.798771023750305,33.1988399654723,0.515661068123873,7.767,0.0,0.0,1.0,0.0,0.058268908123975775,2.742025350254495,0.708035793053696,2.668962812394163,0.33647223662121295,0.09531017980432487,7.152044868537311,8.015272671679302,0.0,3.7328963395307104,2.7195845599041153
HTI,2016,0.237,0.834,-1.35420799255371,-2.17236351966858,-0.745547473430634,-1.25848579406738,-0.75957202911377,33.4153587767639,0.516792672596686,6.481,0.0,0.0,0.0,0.0,0.058268908123975775,2.761076106836952,0.7323678937132266,2.705714141304662,0.33647223662121295,0.09531017980432487,7.177482371186195,8.087785263875507,0.0,3.7232808808312687,2.742025350254495
HTI,2017,0.235,0.85,-1.25824880599976,-2.12821841239929,-0.676077306270599,-1.34659111499786,-0.73726624250412,33.9483550298192,0.512682848633233,12.264,0.0,0.0,0.0,0.0,0.058268908123975775,2.7625802228028546,0.7227059828014898,2.6918530661996387,0.33647223662121295,0.09531017980432487,7.149017687906441,8.113842500312435,0.0,3.7909846770510898,2.761076106836952
HTI,2018,0.24,0.893,-1.28570652008057,-1.96603763103485,-0.640141665935516,-1.30229508876801,-0.75240421295166,33.8673636764808,0.51091510246039,18.269,0.0,0.0,0.0,0.0,0.07696104113612832,2.7781223554845513,0.712949807856125,2.5280459572634157,0.33647223662121295,0.09531017980432487,6.959066073216564,8.070272720660734,0.0,3.8155121050473024,2.7625802228028546
HTI,2019,0.231,0.885,-1.34718632698059,-2.06711339950562,-0.887637317180634,-1.3158164024353,-0.746525049209595,33.6330271114064,0.509849703971177,16.038,0.0,0.0,0.0,0.0,0.07696104113612832,2.7708987882248906,0.7227059828014898,2.5532659873013435,0.33647223662121295,0.09531017980432487,6.973567363793104,8.08270339024406,0.0,3.8372994592322094,2.7781223554845513
HTI,2020,0.216,0.848,-1.34668850898743,-2.11331915855408,-1.02749288082123,-1.25603675842285,-0.841260612010956,33.512445500765,0.510701832457002,13.725,0.0,0.0,0.0,0.0,0.07696104113612832,2.7512741072580074,0.7030975114131134,2.54191690450478,0.33647223662121295,0.08617769624105233,6.948838679332911,8.040505082935592,0.0,3.856510295497887,2.7708987882248906
HTI,2021,0.189,0.862,-1.44170784950256,-2.22115731239319,-1.12813055515289,-1.33931851387024,-0.952774167060852,33.1181889664816,0.511302151326281,12.621,0.0,0.0,0.0,0.0,0.07696104113612832,2.748012657702459,0.708035793053696,2.5074832039669053,0.33647223662121295,0.08617769624105233,6.899915629073944,8.053889248451446,0.0,3.8753590210565547,2.7512741072580074
HTI,2022,0.143,0.833,-1.45918750762939,-2.22816133499146,-1.4191986322403,-1.31438434123993,-1.19272232055664,33.116750709755,0.510000403518247,18.812,0.0,0.0,0.0,0.0,0.07696104113612832,2.749107298085795,0.6981347220709844,2.5701664937388236,0.33647223662121295,0.08617769624105233,6.956597822732116,8.094502729454284,0.0,3.9180050771056933,2.748012657702459
HUN,2003,0.762,0.274,0.63568913936615,0.827253758907318,1.13186395168304,1.11896371841431,1.16738212108612,55.0169776299978,0.368980806035599,0.967,0.0,0.0,0.0,0.9745596399981308,0.04879016416943201,4.360035279522389,3.7393348976024297,5.653846153900183,0.37156355643248307,1.6213664832993742,10.244704088578537,9.64620098558965,0.0,4.61512051684126,4.352899564317543
HUN,2004,0.762,0.274,0.665135562419891,0.801826775074005,0.82829761505127,1.16811418533325,1.1494140625,55.4552376567796,0.368323924497602,2.788,0.0,0.0,0.0,0.9360933591703348,0.04879016416943201,4.361815408817949,3.7419461750506287,5.66962916715475,0.37156355643248307,1.6253112615903906,10.262836119158312,9.696083891903706,0.0,4.61512051684126,4.360035279522389
HUN,2005,0.755,0.274,0.625532269477844,0.7481929063797,1.00310039520264,1.04747343063354,1.17518937587738,55.2749497401297,0.36842501303264,5.231,0.0,0.0,0.0,0.9360933591703348,0.04879016416943201,4.333270471440004,3.7607348912143643,5.733590436793352,0.37156355643248307,1.6428726885203377,10.329004701278825,9.746381952251207,0.2191085761020307,4.6141299273595635,4.361815408817949
HUN,2006,0.744,0.274,0.633171617984772,0.839411973953247,0.985676109790802,1.20098865032196,1.01504075527191,56.1333519182628,0.366615368199037,4.156,0.0,0.0,0.0,0.9360933591703348,0.04879016416943201,4.346653411929668,3.785552341374197,5.713934105379204,0.37156355643248307,1.665818245870208,10.3108487951778,9.8183063456994,0.2191085761020307,4.6141299273595635,4.333270471440004
HUN,2007,0.768,0.285,0.595291078090668,0.691066801548004,0.747096717357635,1.20607209205627,1.04105567932129,56.1446198833005,0.365993255560625,4.705,0.0,0.0,1.0,0.9360933591703348,0.04879016416943201,4.308757246913854,3.8055507609176296,5.700731157452486,0.37156355643248307,1.682688374173693,10.299181646046337,9.856971789075436,0.2191085761020307,4.61512051684126,4.346653411929668
HUN,2008,0.767,0.285,0.434097021818161,0.695977866649628,0.750263869762421,1.17410326004028,0.965708434581757,55.8140190803087,0.36594913247267,5.872,0.0,0.0,1.0,0.9360933591703348,0.04879016416943201,4.253528140839559,3.8048831298702424,5.686622751809267,0.37156355643248307,1.6845453849209058,10.286767956454375,9.93836043872852,0.2191085761020307,4.61512051684126,4.308757246913854
HUN,2009,0.766,0.275,0.395329833030701,0.66804838180542,0.536816298961639,1.08185982704163,0.909724354743958,56.2741783830491,0.36768013708763,8.048,0.0,0.0,1.0,0.9360933591703348,0.04879016416943201,4.183813793995761,3.7476199491365363,5.611988771461068,0.37156355643248307,1.6370530794670737,10.213398424393949,9.937003196970087,0.2191085761020307,4.61512051684126,4.253528140839559
HUN,2010,0.676,0.351,0.303954064846039,0.644822657108307,0.685783743858337,1.01445388793945,0.894237220287323,55.5957232474907,0.362719171450801,8.084,0.0,0.0,1.0,0.9360933591703348,0.04879016416943201,4.192607903197728,3.77413929806476,5.630591517812824,0.37156355643248307,1.6620303625532709,10.23429427037164,9.984809536955805,0.2191085761020307,4.61512051684126,4.183813793995761
HUN,2011,0.642,0.388,0.332649558782578,0.65021163225174,0.743254065513611,1.02754545211792,0.836973130702972,56.1667327086734,0.359653593096378,7.524,0.0,1.0,0.0,0.8064758658669485,0.04879016416943201,4.190786723523613,3.7764323511217976,5.6001390025535365,0.37156355643248307,1.665818245870208,10.206988482009923,10.04295460211983,0.2191085761020307,4.61512051684126,4.192607903197728
HUN,2012,0.619,0.407,0.298703163862228,0.608617842197418,0.675794780254364,0.982062160968781,0.749367654323578,56.2667577220418,0.357989187676191,7.626,0.0,1.0,0.0,0.7561219797213337,0.058268908123975775,4.122563197865548,3.774827766250301,5.52988929905816,0.37156355643248307,1.667706820558076,10.139497416716296,10.0521795322351,0.2324956568844901,4.61512051684126,4.190786723523613
HUN,2013,0.564,0.435,0.293921649456024,0.678418397903442,0.796646118164062,0.899946391582489,0.737164616584778,56.1590081670783,0.358291766815159,9.184,0.0,0.0,0.0,0.7561219797213337,0.058268908123975775,4.092004495098548,3.764682417529437,5.47663508533597,0.37156355643248307,1.6601310267496183,10.08878368090226,10.11020241088363,0.2324956568844901,4.61512051684126,4.122563197865548
HUN,2014,0.518,0.442,0.156544849276543,0.582895636558533,0.669904828071594,0.747946262359619,0.553214013576508,55.8241120884238,0.354421036436658,10.752,0.0,1.0,0.0,0.7561219797213337,0.058268908123975775,4.078130496591443,3.779177092094717,5.4775884420179075,0.37156355643248307,1.6752256529721035,10.092421573719678,10.158021629245773,0.2324956568844901,4.61512051684126,4.092004495098548
HUN,2015,0.478,0.451,0.118709452450275,0.509736955165863,0.737792491912842,0.750261425971985,0.560090661048889,55.6298721525074,0.351230826683014,10.617,0.0,1.0,0.0,0.7561219797213337,0.058268908123975775,4.117114299306159,3.8071068354785864,5.529587805073855,0.37156355643248307,1.6992786164338898,10.147029906339942,10.20158864920575,0.2324956568844901,4.61512051684126,4.078130496591443
HUN,2016,0.471,0.453,0.0721640735864639,0.457127034664154,0.64338093996048,0.590769052505493,0.402424246072769,55.1783749862807,0.349266429488135,10.194,0.0,1.0,0.0,0.7561219797213337,0.058268908123975775,4.14838451105615,3.8196883942253503,5.5471091712434415,0.37156355643248307,1.713797927758343,10.167539545833904,10.246365835014002,0.2324956568844901,4.61512051684126,4.117114299306159
HUN,2017,0.435,0.466,0.0906213447451591,0.481280267238617,0.796200513839722,0.637029111385345,0.537440478801727,54.6622290553725,0.354543568319364,10.571,0.0,0.0,0.0,0.7561219797213337,0.058268908123975775,4.181656466288595,3.845883202923601,5.5995065557957515,0.37156355643248307,1.7369512327330598,10.222680573948601,10.299878688291777,0.2324956568844901,4.61512051684126,4.14838451105615
HUN,2018,0.373,0.469,0.0553392209112644,0.443152636289597,0.737591445446014,0.563642382621765,0.487892836332321,54.3450308510404,0.354356508249191,11.763,0.0,1.0,0.0,0.7561219797213337,0.058268908123975775,4.193984325905659,3.858622228701031,5.606548111464494,0.37156355643248307,1.749199854809259,10.230891186253524,10.381560344261745,0.2324956568844901,4.61512051684126,4.181656466288595
HUN,2019,0.364,0.469,0.0306371729820967,0.450478911399841,0.761921286582947,0.592322170734406,0.343573540449142,54.3156379007663,0.356792574741789,13.711,0.0,1.0,0.0,0.7561219797213337,0.058268908123975775,4.188195669829054,3.8682800824802275,5.6200094847898,0.37156355643248307,1.7578579175523736,10.24481899976197,10.480893623691015,0.2324956568844901,4.61512051684126,4.193984325905659
HUN,2020,0.358,0.48,0.0689540952444077,0.538535594940186,0.83704686164856,0.469366848468781,0.390373110771179,54.6354381524746,0.353562651392138,15.808,0.0,1.0,0.0,0.7561219797213337,0.058268908123975775,4.135993302565523,3.8628327612373745,5.6033247355386715,0.37156355643248307,1.7544036826842861,10.230213014728015,10.479667833397848,0.2324956568844901,4.61512051684126,4.188195669829054
HUN,2021,0.345,0.476,0.0119548495858908,0.596821069717407,0.798591256141663,0.485284149646759,0.397480607032776,54.7225942920177,0.349922842451094,19.141,0.0,1.0,0.0,0.7561219797213337,0.058268908123975775,4.1545447031993685,3.9090184964078474,5.652341800987806,0.37156355643248307,1.7967470107390942,10.283682407084829,10.568445909038154,0.2324956568844901,4.61512051684126,4.135993302565523
HUN,2022,0.335,0.505,-0.103261694312096,0.533869922161102,0.678676307201385,0.406537681818008,0.425347447395325,54.1712209359466,0.353454472971149,21.409,0.0,1.0,0.0,0.7561219797213337,0.058268908123975775,4.08840031831064,3.8903907053010323,5.591162338269115,0.37156355643248307,1.7833912195575383,10.22470941248482,10.692246406706328,0.0,4.61512051684126,4.1545447031993685
IND,2003,0.582,0.548,-0.456320524215698,-0.143909424543381,-1.50999701023102,-0.381630450487137,0.454564899206161,39.3300946519272,0.537322932731408,11.695,0.0,1.0,1.0,4.2017030805426,3.3386125064705343,7.459439901126631,6.462748606253364,8.29647419848346,2.174751721484161,0.4510756193602167,8.186033100332894,7.808925272963621,0.0,4.1956970564823886,7.426336419904021
IND,2004,0.579,0.548,-0.448476195335388,-0.179698884487152,-1.28043293952942,-0.378129839897156,0.39996737241745,39.4934686504735,0.535252930739761,15.638,0.0,1.0,1.0,4.209754413732928,3.3884498088396526,7.5203520448242,6.552536417298069,8.378770082403587,2.214846178686039,0.4824261492442927,8.25129557199573,7.894639104179072,0.0,4.180522258463153,7.459439901126631
IND,2005,0.57,0.548,-0.363160848617554,-0.0987746343016624,-1.01388049125671,-0.291889518499374,0.413685649633408,41.0481666448392,0.531487592740426,15.254,0.0,1.0,1.0,4.257879641930999,3.464485120898074,7.561487725644073,6.561129670896406,8.435856663785179,2.25758772706331,0.4762341789963716,8.292070182267398,7.985417376995607,0.0,4.2456340097683265,7.5203520448242
IND,2006,0.571,0.548,-0.274562805891037,-0.0953764915466309,-1.06518423557281,-0.283315151929855,0.437193721532822,44.9217896620623,0.531068361844606,17.135,0.0,1.0,1.0,4.289774274968795,3.5275363037051735,7.617593718837412,6.617630224879216,8.48794294356689,2.2905125117597764,0.49469624183610705,8.328517006674266,8.077641768514603,0.0,4.232656178019613,7.561487725644073
IND,2007,0.571,0.548,-0.397690296173096,0.136991709470749,-1.15429580211639,-0.313716232776642,0.453963935375214,44.7760899422457,0.52874502084364,17.802,0.0,1.0,1.0,4.358758007734528,3.5553480614894135,7.688584926701682,6.687357953335953,8.569778051373776,2.3664984187376987,0.5128236264286637,8.395293092272864,8.163103996321686,0.0,4.294560608892605,7.617593718837412
IND,2008,0.571,0.548,-0.33909797668457,-0.00973291415721178,-1.10970735549927,-0.41364324092865,0.462193101644516,45.274379946942,0.526973112594483,16.768,0.0,1.0,1.0,4.423168578005057,3.574870537502069,7.734206051924043,6.727731081236866,8.626501125755295,2.395164274287139,0.5247285289349821,8.43762950232831,8.198190463538525,0.0,4.318820558770089,7.688584926701682
IND,2009,0.545,0.548,-0.452406287193298,-0.00329578877426684,-1.35554790496826,-0.349533259868622,0.460749089717865,45.1068250336921,0.524426424446447,15.166,0.0,1.0,1.0,4.486611849863956,3.5773890780805733,7.7702444611061345,6.785508545834475,8.697744849529828,2.4449523342809676,0.5423242908253616,8.494413288430032,8.265542643578973,0.0,4.330733340286331,7.734206051924043
IND,2010,0.539,0.576,-0.463754564523697,0.0316559858620167,-1.27798449993134,-0.41047203540802,0.443312972784042,46.5091573043895,0.522110320005941,15.114,0.0,1.0,1.0,4.605770006060059,3.607398212246053,7.812414102504055,6.849002653885968,8.7401591269577,2.4740142086215764,0.5653138090500605,8.522283016253372,8.344614385917534,0.0,4.3476939555933765,7.7702444611061345
IND,2011,0.536,0.579,-0.540835857391357,0.0225540697574615,-1.32679533958435,-0.363154947757721,0.435818582773209,46.4927712646829,0.519564659311755,16.656,0.0,1.0,1.0,4.739875888840383,3.65402917667819,7.8817672710585915,6.945474866009151,8.793006609207733,2.498151876538021,0.598836501088704,8.560962773528798,8.40193979821592,0.0,4.388257184424518,7.812414102504055
IND,2012,0.525,0.579,-0.513968110084534,-0.15608711540699,-1.28930985927582,-0.480885624885559,0.399454206228256,46.7763978703442,0.518517907407249,14.868,0.0,1.0,1.0,4.887186236813245,3.6699514442284173,7.891432737579561,6.997650826084963,8.844879516128191,2.5756610130564646,0.6205764877251099,8.599095707035872,8.480662576197744,0.0,4.393213824064446,7.8817672710585915
IND,2013,0.525,0.579,-0.517280995845795,-0.157355144619942,-1.22917413711548,-0.478094786405563,0.432717055082321,47.0828170129258,0.515670169718861,16.034,0.0,1.0,1.0,5.01316542394988,3.6985822295753215,7.904914211330498,7.044189953003616,8.87683241752618,2.6152036507358583,0.6312717768418579,8.617722636220853,8.520258601424048,0.0,4.432006566978902,7.891432737579561
IND,2014,0.492,0.573,-0.457605749368668,-0.222846582531929,-0.997911989688873,-0.47507643699646,0.413222134113312,37.1736303015719,0.51430796736252,15.77,0.0,1.0,1.0,5.138969873313903,3.7285808209654885,7.990957533393054,7.13906539296274,8.94294865100106,2.6525374911719513,0.6729444732424258,8.671225521383285,8.554988176978256,0.0,4.455509411433685,7.904914211330498
IND,2015,0.422,0.615,-0.406574189662933,0.0800815001130104,-0.954773545265198,-0.4249567091465,0.427862852811813,37.2410440075655,0.518057575773201,14.625,0.0,1.0,1.0,5.250176991220101,3.76861442213279,8.011476532085112,7.179041165622361,8.973793648105836,2.6665335208992764,0.688134638736401,8.690142633491185,8.598964126243406,0.0,4.48863636973214,7.990957533393054
IND,2016,0.405,0.615,-0.337335646152496,0.0613894164562225,-0.960426509380341,-0.31153193116188,0.441010862588882,39.2854305050323,0.507407676737941,14.438,0.0,1.0,1.0,5.338018733399589,3.7805466426397603,8.021945411650172,7.240534992336951,9.01964658567186,2.71336936257981,0.712949807856125,8.724079385132352,8.665868593860168,0.0,4.506454213048934,8.011476532085112
IND,2017,0.366,0.618,-0.291900008916855,0.0410966314375401,-0.774099111557007,-0.256661295890808,0.386967867612839,40.4640199919473,0.497856725598291,15.451,0.0,1.0,1.0,5.363730505096269,3.822973188594635,8.066120422915395,7.287423832046291,9.056334631644688,2.719978771967484,0.7275486072772778,8.749143766792066,8.723510718925427,0.0,4.530446639792155,8.021945411650172
IND,2018,0.36,0.623,-0.229758977890015,0.262917786836624,-0.997706770896912,-0.225996732711792,0.360422104597092,41.5438595266227,0.491288596322456,16.294,0.0,1.0,1.0,5.3892543615401385,3.83557383326474,8.070413115492572,7.358072649160648,9.11210551948311,2.818995095053937,0.76080582903376,8.793941052663275,8.812243015024931,0.0,4.571613402459248,8.066120422915395
IND,2019,0.322,0.623,-0.30260244011879,0.130771830677986,-0.796846985816956,-0.150565445423126,0.268077671527863,42.0852467075743,0.489155037394799,18.138,0.0,1.0,1.0,5.423539331301418,3.8392372357024933,8.057321155176364,7.383393006844965,9.135896420310742,2.7180005319553784,0.7701082216960736,8.807332442530381,8.875136723191149,0.0,4.5736795188967205,8.070413115492572
IND,2020,0.293,0.661,-0.293598413467407,0.374532461166382,-0.841419219970703,-0.128488674759865,0.127332791686058,43.336341538806,0.48869332276509,19.396,0.0,1.0,1.0,5.423803986589452,3.8497219792307664,7.998529940839626,7.360014910499033,9.081736248968204,2.8936995479888394,0.7514160886839212,8.743441836931886,8.848979527456555,0.0,4.579852378003801,8.057321155176364
IND,2021,0.31,0.686,-0.317147105932236,0.249238416552544,-0.691076755523682,-0.0908545926213264,0.0905434712767601,43.5472243180185,0.485810594442206,19.013,0.0,1.0,1.0,5.446995958919399,3.8666071418976635,8.08181269803024,7.429099389002128,9.163874250127089,3.0007198150650303,0.7839015438284094,8.817350819497198,8.993553893405336,0.0,4.611152257665639,7.998529940839626
IND,2022,0.293,0.688,-0.322223275899887,0.369541674852371,-0.615027368068695,-0.0504464171826839,0.0458774901926517,43.6778430309465,0.484822515776606,20.258,0.0,1.0,1.0,5.4520679663539555,3.875773872753025,8.153940838730268,7.498542991787454,9.21636995743547,3.0402275134405423,0.8197798314933114,8.861943498641958,9.127841789402554,0.0,4.607168188650764,8.08181269803024
IRL,2003,0.811,0.052,1.41381525993347,1.49655044078827,1.34845769405365,1.5846620798111,1.27646601200104,59.5213826886867,0.332453080779166,4.593,0.0,1.0,0.0,0.6523251860396903,0.2151113796169455,4.385342365695611,3.295466427029913,5.180968611578144,0.5423242908253616,2.0162354657760435,10.698579627154151,10.499190266581001,0.0,4.61512051684126,4.376571806057761
IRL,2004,0.811,0.052,1.27040612697601,1.51924753189087,1.17082571983337,1.56711328029633,1.47755229473114,59.0874551805112,0.333209434268673,5.52,0.0,0.0,0.0,0.6523251860396903,0.2151113796169455,4.368575386953166,3.3232358401924436,5.200495033928499,0.5423242908253616,2.0255131996542803,10.700067111090611,10.564510323950755,0.0,4.61512051684126,4.385342365695611
IRL,2005,0.811,0.052,1.58444654941559,1.73055720329285,1.29866683483124,1.48796188831329,1.62385451793671,60.5551982458922,0.330640159766523,7.31,0.0,0.0,0.0,0.6523251860396903,0.20701416938432615,4.395112060837834,3.3541057741283047,5.24266722645587,0.5423242908253616,2.0347056478384444,10.720763900505085,10.608247897298304,0.2191085761020307,4.61512051684126,4.368575386953166
IRL,2006,0.811,0.052,1.70114398002625,1.53167414665222,1.19241058826447,1.83704507350922,1.39654088020325,63.4281739403629,0.327912428673523,9.124,0.0,0.0,0.0,0.6523251860396903,0.20701416938432615,4.400171173504507,3.396184839838611,5.274506115444498,0.5423242908253616,2.048982334195127,10.725824947677927,10.697228696112276,0.2191085761020307,4.61512051684126,4.395112060837834
IRL,2007,0.822,0.052,1.7392373085022,1.55425381660461,1.21519267559052,1.85081696510315,1.39714181423187,64.2835152568204,0.322988942475059,9.919,0.0,1.0,1.0,0.6523251860396903,0.20701416938432615,4.37031996603045,3.422958873443668,5.28990205694669,0.5423242908253616,2.0476928433652555,10.712496212634338,10.75331975875858,0.2191085761020307,4.61512051684126,4.400171173504507
IRL,2008,0.828,0.05,1.73599350452423,1.49149310588837,1.18687438964844,1.91425919532776,1.42259049415588,64.1818308749984,0.323665425220228,12.044,0.0,0.0,0.0,0.6523251860396903,0.20701416938432615,4.352075184169447,3.444895236927875,5.285125738361588,0.5423242908253616,2.048982334195127,10.686865100655274,10.695803240453458,0.2191085761020307,4.61512051684126,4.37031996603045
IRL,2009,0.828,0.043,1.75030028820038,1.33218801021576,1.05736601352692,1.69592678546906,1.35357344150543,64.2071157236078,0.323638621251364,14.746,0.0,1.0,1.0,0.6523251860396903,0.20701416938432615,4.281317191201644,3.391147045808654,5.179601395843052,0.5709795465857378,1.9919755158985601,10.570184283915848,10.632745758009928,0.2191085761020307,4.61512051684126,4.352075184169447
IRL,2010,0.828,0.042,1.68115770816803,1.34430372714996,1.02016532421112,1.61843299865723,1.32443165779114,63.9796118917882,0.320175150067269,13.234,1.0,1.0,1.0,0.6523251860396903,0.2151113796169455,4.276833223137675,3.3870984572826535,5.189060380611087,0.6312717768418579,1.9837562915454279,10.574129172163754,10.67401200079792,0.26133120652437736,4.61512051684126,4.281317191201644
IRL,2011,0.823,0.036,1.55607664585114,1.45015203952789,0.948998928070068,1.59480214118958,1.3053605556488,63.5784798582946,0.318257175496754,20.015,1.0,0.0,0.0,0.6523251860396903,0.2151113796169455,4.204730401017813,3.3541057741283047,5.143194547680038,0.6312717768418579,1.9501867058225737,10.523506304110182,10.726054644112203,0.26133120652437736,4.61512051684126,4.276833223137675
IRL,2012,0.822,0.033,1.45570015907288,1.53906953334808,0.941072702407837,1.56388533115387,1.32252132892609,62.6922641605872,0.322214782633118,19.38,1.0,1.0,0.0,0.6523251860396903,0.2151113796169455,4.214110679683009,3.349904087274605,5.1267517566055805,0.6312717768418579,1.943048916774281,10.502492858057881,10.752082052634108,0.27416835328505806,4.61512051684126,4.204730401017813
IRL,2013,0.826,0.03,1.64604413509369,1.50404286384583,0.901075720787048,1.57406163215637,1.31168913841248,64.1086741610711,0.321586708156117,22.044,1.0,1.0,1.0,0.6523251860396903,0.2151113796169455,4.209908613483186,3.359680701459222,5.111969715904081,0.6312717768418579,1.9473377010464987,10.482304190097208,10.796300259551836,0.29437106060257756,4.61512051684126,4.214110679683009
IRL,2014,0.825,0.03,1.69225120544434,1.59883308410645,1.05299115180969,1.75873184204102,1.31748867034912,65.2585133899059,0.317373682849394,24.787,1.0,1.0,0.0,0.6523251860396903,0.2151113796169455,4.211051242528657,3.3648791189880436,5.109291385242535,0.6312717768418579,1.9459101490553132,10.472379611099566,10.87126546344624,0.29437106060257756,4.61512051684126,4.209908613483186
IRL,2015,0.826,0.03,1.67364001274109,1.52084052562714,0.89533257484436,1.80811500549316,1.33476042747498,65.7288049781172,0.317270170163786,28.021,1.0,1.0,1.0,0.6523251860396903,0.2151113796169455,4.232810798902198,3.391820219849558,5.16428870744989,0.6312717768418579,1.9615022438151495,10.518243829193233,11.178968458117412,0.27416835328505806,4.61512051684126,4.211051242528657
IRL,2016,0.819,0.03,1.64945268630981,1.32955777645111,0.833849668502808,1.72934794425964,1.2911810874939,65.0379237674868,0.313760108567182,24.868,1.0,1.0,0.0,0.6523251860396903,0.2151113796169455,4.263553075202586,3.4173987610001633,5.208988761403243,0.6312717768418579,1.9740810260220096,10.552407807747457,11.198404015528604,0.29437106060257756,4.61512051684126,4.232810798902198
IRL,2017,0.822,0.026,1.52960228919983,1.26728880405426,0.993410110473633,1.57530915737152,1.29467368125916,64.5868942346008,0.312869720113787,28.963,1.0,1.0,0.0,0.6523251860396903,0.2151113796169455,4.274884538057133,3.4333418349887226,5.2134672886316435,0.6312717768418579,1.9782390361706734,10.545040498693776,11.295407969353711,0.29437106060257756,4.61512051684126,4.263553075202586
IRL,2018,0.825,0.026,1.5349406003952,1.37824308872223,1.01136958599091,1.61936497688293,1.29576563835144,64.3781964581394,0.317533233892465,33.01,1.0,1.0,1.0,0.6523251860396903,0.2151113796169455,4.2243820808864205,3.461665128429245,5.235659742081436,0.6312717768418579,1.9933388426264242,10.55448341792049,11.365588840235134,0.29437106060257756,4.61512051684126,4.274884538057133
IRL,2019,0.827,0.032,1.4588143825531,1.2575615644455,0.959416449069977,1.59087955951691,1.3032408952713,63.701016770903,0.313578466866762,38.391,1.0,1.0,0.0,0.6523251860396903,0.2151113796169455,4.198217594724199,3.4766140209469096,5.240667067046287,0.6312717768418579,1.9960599327407849,10.547091249002424,11.42980033183225,0.29437106060257756,4.61512051684126,4.2243820808864205
IRL,2020,0.827,0.032,1.53512811660767,1.43524384498596,0.965521574020386,1.4674471616745,1.38936042785645,64.1280346596852,0.310103621124889,42.102,1.0,1.0,0.0,0.6523251860396903,0.2151113796169455,4.171398925057081,3.4910380856619447,5.179438105255828,0.6312717768418579,2.0001277349601105,10.47562230731808,11.4906892892592,0.29437106060257756,4.61512051684126,4.198217594724199
IRL,2021,0.835,0.032,1.61938548088074,1.46342539787292,0.843662619590759,1.55254113674164,1.41767168045044,64.3392563834615,0.314681557117075,36.732,0.0,1.0,0.0,0.6523251860396903,0.2151113796169455,4.19803538700069,3.5313480661272005,5.197844884962986,0.6312717768418579,2.028148247292285,10.484975896814829,11.66911360292789,0.2324956568844901,4.61512051684126,4.171398925057081
IRL,2022,0.826,0.032,1.67441475391388,1.5485702753067,0.88466739654541,1.63956081867218,1.45429503917694,64.4559250923447,0.315381291170418,38.887,0.0,1.0,0.0,0.6523251860396903,0.2151113796169455,4.1686298692333255,3.551340040091875,5.233522812636872,0.6312717768418579,2.0320878452963655,10.504751873314877,11.821185197629474,0.0,4.61512051684126,4.19803538700069
IRQ,2003,0.12,0.798,-1.20932233333588,-1.74967467784882,-2.39324522018433,-1.44656097888947,-1.50118041038513,41.8695443966032,0.448974407560229,1.518,0.0,0.0,0.0,0.0,0.3784364357202451,5.031750779350236,3.3786108829893595,5.720383905153627,2.277267285009756,0.7227059828014898,9.336443543553042,8.711023536987767,0.0,4.58700621536042,5.141370155853378
IRQ,2004,0.119,0.751,-1.48941576480865,-1.61869239807129,-3.18035173416138,-1.65152943134308,-1.64300525188446,40.6936572235285,0.452013433315816,1.517,0.0,0.0,0.0,0.0,0.9439058989071285,5.146737901321682,3.544142657647253,5.789987693454284,2.277267285009756,0.7975071958841881,9.377752246471086,9.136773725978575,0.0,4.5880240271531205,5.031750779350236
IRQ,2005,0.122,0.803,-1.37778413295746,-1.63549697399139,-2.68864846229553,-1.53895127773285,-1.30099940299988,39.5196090968952,0.454941283148103,19.737,0.0,0.0,0.0,0.0,0.9631743177730056,5.1090970293399245,3.4855385300959063,5.734204981467448,2.277267285009756,0.7466879474879752,9.292163923774336,9.15462093270521,0.0,4.589040804058207,5.146737901321682
IRQ,2006,0.253,0.803,-1.45071041584015,-1.73054528236389,-2.82640218734741,-1.3950526714325,-1.28219759464264,38.81420041618,0.457325930856531,18.031,0.0,0.0,0.0,0.0,1.095273387402595,5.10683522521694,3.624874124138024,5.705886925412223,2.277267285009756,0.8241754429663495,9.25642230075595,9.232503596384607,0.0,4.591071261608589,5.1090970293399245
IRQ,2007,0.281,0.842,-1.46137678623199,-1.56380665302277,-2.77105069160461,-1.32441711425781,-1.12617206573486,38.5731298637925,0.459990971105393,17.268,0.0,0.0,0.0,0.0,1.1085626195212777,5.046246609077332,3.5956670723917576,5.714264017526593,2.277267285009756,0.8109302162163288,9.272714897112449,9.28583029827761,0.0,4.596129441335942,5.10683522521694
IRQ,2008,0.282,0.84,-1.46223545074463,-1.2360702753067,-2.46689653396606,-1.1475750207901,-1.10468685626984,39.0305893786694,0.448504430684759,9.436,0.0,0.0,0.0,0.0,1.184789984909162,5.1503845987447185,3.709906821306012,5.848976015965743,2.28949985344539,0.8671004876833832,9.387632050112893,9.363775098734155,0.0,4.594109238628667,5.046246609077332
IRQ,2009,0.282,0.84,-1.32808184623718,-1.18672871589661,-2.17470788955688,-1.00585889816284,-1.02345550060272,39.2851391931706,0.447667480099045,8.534,0.0,1.0,0.0,0.0,1.184789984909162,5.238270269360857,3.7941399647714293,5.830359323738987,2.2945529212967815,0.8960880245566356,9.332124725007633,9.366319169063498,0.0,4.596129441335942,5.1503845987447185
IRQ,2010,0.276,0.842,-1.3631272315979,-1.1039627790451,-2.23926711082458,-1.02928555011749,-0.991843640804291,39.2550701284274,0.447646681732774,9.753,0.0,0.0,0.0,0.0,1.184789984909162,5.354386571380106,4.036538880125714,5.974486227696851,2.3194422100604686,1.0260415958332743,9.444325263017827,9.408140922158735,0.0,4.599152113662528,5.238270269360857
IRQ,2011,0.271,0.842,-1.25806474685669,-1.07451224327087,-1.84698355197906,-1.00996208190918,-1.06950151920319,39.4375649340411,0.448201297699018,6.308,0.0,0.0,0.0,0.0,1.184789984909162,5.415160259470612,4.129228964075603,6.006599434692252,2.325324579963535,1.0647107369924282,9.441201823529555,9.465992156458965,0.0,4.59511985013459,5.354386571380106
IRQ,2012,0.27,0.842,-1.24822700023651,-1.05595529079437,-1.93405020236969,-1.14061653614044,-1.07618057727814,39.5223305780666,0.446193408260018,9.539,0.0,0.0,0.0,0.0,1.184789984909162,5.538723553267421,4.046379057927225,6.091997428468929,2.4176979000945504,0.9820784724121581,9.481407883842339,9.575194164022292,0.0,4.60816569496789,5.415160259470612
IRQ,2013,0.258,0.875,-1.31568956375122,-1.04929423332214,-2.01139044761658,-1.12933826446533,-1.0572851896286,39.6556387048728,0.444135354160041,8.166,0.0,0.0,0.0,0.0,1.184789984909162,5.584636075557096,4.236133434493478,6.187130009993517,2.4612967841488667,1.0750024230289759,9.529526634727896,9.593528737489429,0.0,4.605170185988092,5.538723553267421
IRQ,2014,0.256,0.865,-1.3636566400528,-1.05569767951965,-2.48033785820007,-1.1338427066803,-1.14439046382904,40.2766920417566,0.441254494169348,4.331,0.0,0.0,1.0,0.0,1.184789984909162,5.5852886638816575,4.368054477106998,6.170018599093359,2.479056236109825,1.1410330045520618,9.477074995573583,9.485639510440349,0.0,4.607168188650764,5.584636075557096
IRQ,2015,0.255,0.874,-1.43320691585541,-1.2022225856781,-2.25077962875366,-1.15169286727905,-1.12806236743927,39.8168034514651,0.438285422656225,3.695,0.0,0.0,1.0,0.0,1.184789984909162,5.623715249705266,4.392100720245356,6.15765460476114,2.479056236109825,1.1410330045520618,9.437417217735943,9.1415759795998,0.0,4.609162207257629,5.5852886638816575
IRQ,2016,0.264,0.878,-1.46216154098511,-1.23010790348053,-2.30333304405212,-0.991360604763031,-1.01559019088745,40.788854221407,0.438937367940408,4.187,0.0,0.0,1.0,0.0,1.184789984909162,5.788466806398274,4.511628441579727,6.225911968273559,2.479056236109825,1.205970806988609,9.481894205790109,9.113844374314134,0.0,4.612145799724517,5.623715249705266
IRQ,2017,0.249,0.868,-1.43163061141968,-1.22211647033691,-2.29594969749451,-1.11049020290375,-1.0472719669342,41.8142141489608,0.439173526512408,2.394,0.0,1.0,0.0,0.0,0.9400072584914712,5.831495971308062,4.607367769531579,6.3960309181396084,2.479056236109825,1.2584609896100059,9.630008274535832,9.229423299062432,0.0,4.6141299273595635,5.788466806398274
IRQ,2018,0.256,0.854,-1.45831036567688,-1.26693630218506,-2.52111387252808,-1.06386315822601,-0.999539613723755,41.8574267712168,0.432772933070985,1.91,0.0,1.0,0.0,0.0,0.9400072584914712,5.881829763031843,4.645255909527377,6.435653450054175,2.479056236109825,1.269760544863939,9.646369731385095,9.39560767924168,0.0,4.6141299273595635,5.831495971308062
IRQ,2019,0.246,0.879,-1.38982570171356,-1.31078171730042,-2.60927772521973,-1.09659099578857,-0.964343070983887,41.9062087881541,0.437093235414415,4.357,0.0,0.0,0.0,0.0,0.9400072584914712,5.935229173669657,4.810231229751535,6.505519451131324,2.4840729690394228,1.3762440252663892,9.693592291289615,9.413247887955983,0.0,4.61512051684126,5.881829763031843
IRQ,2020,0.233,0.874,-1.33377075195312,-1.30339181423187,-2.47476959228516,-1.33956038951874,-1.00754952430725,42.0799850475272,0.436629305452447,3.876,0.0,0.0,0.0,0.0,0.9400072584914712,5.848222864337617,4.8328633720008725,6.389851329538364,2.5087859235779435,1.3762440252663892,9.555556129511517,9.266241429431544,0.0,4.61512051684126,5.935229173669657
IRQ,2021,0.236,0.862,-1.26926839351654,-1.32009863853455,-2.38469409942627,-1.12823390960693,-0.963369071483612,42.4450012346275,0.43656400830816,3.096,0.0,1.0,1.0,0.0,0.9400072584914712,5.893897875115731,4.840716504019344,6.428804543485106,2.5087859235779435,1.366091653802371,9.572158944746182,9.45193297417112,0.0,4.61512051684126,5.848222864337617
IRQ,2022,0.218,0.867,-1.21335303783417,-1.30276036262512,-2.40930914878845,-1.18048512935638,-0.948578834533691,42.8038161752257,0.436363709071116,2.264,0.0,0.0,0.0,0.0,0.9400072584914712,5.991883121817164,4.930075786237839,6.523568179847387,2.5087859235779435,1.415853163361435,9.64412733639383,9.574436755230172,0.0,4.61512051684126,5.893897875115731
ISL,2003,0.784,0.013,2.22752285003662,2.03996324539185,1.51723217964172,1.63000345230103,1.55566942691803,68.0290159874377,0.337907526820194,99.882,0.0,0.0,0.0,0.0,0.7654678421395714,2.4510231006022734,2.2449559801574095,3.5859049784861066,0.13976194237515868,3.4058531931983493,11.70477628213143,10.39519301386698,0.0,4.61512051684126,2.4538736077755874
ISL,2004,0.782,0.013,2.167231798172,2.05234384536743,1.45700466632843,1.61270821094513,1.62832796573639,68.2747775071137,0.338105406970697,100.0,0.0,0.0,0.0,0.0,0.7701082216960736,2.4582413369813927,2.255493485460195,3.6049814074960747,0.1310282624064041,3.408834808791367,11.715587510922681,10.480612403928735,0.0,4.61512051684126,2.4510231006022734
ISL,2005,0.78,0.013,2.30135536193848,1.96848773956299,1.44469714164734,1.60232031345367,1.568608045578,69.0019709494469,0.335441019276619,100.0,0.0,0.0,0.0,0.0,0.7701082216960736,2.4506450791437064,2.262804222982201,3.6083199462555196,0.1310282624064041,3.4015306594522756,11.703139105516255,10.527384862354053,0.0,4.61512051684126,2.4582413369813927
ISL,2006,0.78,0.013,2.17291116714478,1.89015877246857,1.45382654666901,1.52669358253479,1.44533681869507,69.987471477072,0.332400311415075,100.0,0.0,0.0,0.0,0.0,0.7701082216960736,2.469961136873696,2.3841650799864684,3.6983841411281824,0.1310282624064041,3.509154523167248,11.772190879110696,10.589133713405158,0.0,4.61512051684126,2.4506450791437064
ISL,2007,0.788,0.013,2.19767022132874,1.78888738155365,1.48559415340424,1.50993680953979,1.43100023269653,71.5767161558863,0.330557805547683,100.0,0.0,0.0,1.0,0.0,1.0152306797290587,2.4927266272346693,2.556451816951096,3.82907608460722,0.11332868530700317,3.667400422436812,11.880715095300419,10.632818265002804,0.0,4.61512051684126,2.469961136873696
ISL,2008,0.794,0.013,2.32725143432617,1.82254898548126,1.21502387523651,1.31083500385284,1.4256500005722,71.5960263176239,0.329012845225833,100.0,0.0,1.0,0.0,0.0,1.0577902941478545,2.520361921623646,2.853015971352396,4.050932410583657,0.11332868530700317,3.9600509744387278,12.088347372580493,10.685769384801155,0.0,4.61512051684126,2.4927266272346693
ISL,2009,0.796,0.013,2.03152012825012,1.63136506080627,1.1908872127533,1.01376235485077,1.41521406173706,71.3853543972406,0.329601520821849,100.0,0.0,1.0,0.0,0.0,1.0577902941478545,2.5260415693371514,2.874129451794742,4.049260023733231,0.11332868530700317,3.9787466374710543,12.083191830749309,10.64218059079453,0.2191085761020307,4.61512051684126,2.520361921623646
ISL,2010,0.8,0.013,1.93496966362,1.580402135849,1.02225363254547,0.920679152011871,1.44575238227844,71.4606702492557,0.326859731103178,100.0,1.0,1.0,0.0,0.0,1.0577902941478545,2.5187089503256925,2.8758219768814333,4.049800371137459,0.11332868530700317,3.981922132807813,12.085173805166876,10.590853477795402,0.23780070911418325,4.61512051684126,2.5260415693371514
ISL,2011,0.797,0.013,1.93282318115234,1.5774759054184,1.24400973320007,1.05194532871246,1.41072964668274,71.1595178924912,0.325493676773067,100.0,1.0,1.0,0.0,0.0,1.0577902941478545,2.50595226571098,2.8820035082256483,4.04964352616097,0.11332868530700317,3.9852734671677386,12.081958819517201,10.619810777510079,0.23780070911418325,4.61512051684126,2.5187089503256925
ISL,2012,0.796,0.013,1.87803149223328,1.48314440250397,1.24503207206726,1.11312413215637,1.44295036792755,70.1270993832033,0.325069690520314,100.0,1.0,1.0,1.0,0.0,1.0577902941478545,2.5058383390097028,2.906354462402774,4.058682841668015,0.10436001532424277,4.005331182561798,12.08580169194598,10.645554593879767,0.2509415026752415,4.61512051684126,2.50595226571098
ISL,2013,0.779,0.012,1.90486621856689,1.48298573493958,1.28713369369507,1.13294076919556,1.43947148323059,70.2438263244028,0.324523544209554,100.0,1.0,1.0,0.0,0.0,1.091923300517313,2.5090936786599642,2.9439125248241944,4.089616736981871,0.10436001532424277,4.034948352265444,12.107833153978465,10.701235011291152,0.26905325261828766,4.61512051684126,2.5058383390097028
ISL,2014,0.778,0.012,1.82364666461945,1.48536741733551,1.24697458744049,1.21289432048798,1.35721683502197,71.9485773008219,0.324717430705368,100.0,1.0,1.0,1.0,0.0,1.091923300517313,2.487596184113541,2.9338568698359033,4.0881588031350145,0.10436001532424277,4.013676659154646,12.09521816006481,10.736352516837343,0.26905325261828766,4.61512051684126,2.5090936786599642
ISL,2015,0.782,0.012,1.89781582355499,1.46093690395355,1.29848098754883,1.2609771490097,1.37656605243683,70.9766056082204,0.326520719641847,100.0,1.0,0.0,0.0,0.0,1.095273387402595,2.5029737592729315,2.972975286431375,4.130467533605888,0.11332868530700317,4.0439280763080845,12.127779124637065,10.803959115771036,0.26905325261828766,4.61512051684126,2.487596184113541
ISL,2016,0.779,0.012,1.90363955497742,1.34993553161621,1.34658873081207,1.26583850383759,1.35623157024384,70.0914681719906,0.329124725859493,100.0,1.0,1.0,0.0,0.0,1.095273387402595,2.4613614389275664,2.9533465570575532,4.134238125883777,0.11332868530700317,4.0100567456995115,12.117770832649814,10.88708915642952,0.26905325261828766,4.61512051684126,2.5029737592729315
ISL,2017,0.782,0.012,1.79464328289032,1.41358423233032,1.33768677711487,1.42314469814301,1.3792781829834,69.6168723037712,0.327577649919003,100.0,1.0,0.0,0.0,0.0,1.095273387402595,2.471754770181703,2.9992261628082466,4.178164741641724,0.11332868530700317,4.034417613641752,12.138934331858723,10.926648516937107,0.26905325261828766,4.61512051684126,2.4613614389275664
ISL,2018,0.795,0.012,1.80560302734375,1.42581415176392,1.39481735229492,1.40824568271637,1.38957357406616,70.5325078978297,0.326665029356254,100.0,1.0,1.0,0.0,0.0,1.1314021114911006,2.468011953463023,3.029650491757452,4.211520005924464,0.11332868530700317,4.039536325727106,12.146023116441212,10.95428763211337,0.26905325261828766,4.61512051684126,2.471754770181703
ISL,2019,0.781,0.012,1.67063760757446,1.48203492164612,1.61980617046356,1.36299002170563,1.30241823196411,69.4417089929441,0.324760950320565,100.0,1.0,1.0,0.0,0.0,1.1314021114911006,2.457309846765201,3.013572191682322,4.163994995245848,0.11332868530700317,4.001315112906908,12.07577423831466,11.010808773855969,0.26905325261828766,4.61512051684126,2.468011953463023
ISL,2020,0.785,0.012,1.6668643951416,1.47592997550964,1.37503159046173,1.44301211833954,1.38175415992737,69.1846704731857,0.322874515074335,100.0,1.0,1.0,1.0,0.0,1.1346227261911428,2.449684889792025,2.9902170928658807,4.0789263094937205,0.11332868530700317,3.9613844349658702,11.973021980428925,10.929488743731698,0.26905325261828766,4.61512051684126,2.457309846765201
ISL,2021,0.749,0.022,1.76012051105499,1.59388387203217,1.37235331535339,1.52774238586426,1.36263966560364,69.2612062021069,0.322693358959764,100.0,1.0,1.0,1.0,0.0,1.1346227261911428,2.4530520453340703,3.015044584586364,4.121392123320516,0.12221763272424921,3.970857791149039,11.999915357318294,11.028599166625485,0.26905325261828766,4.61512051684126,2.449684889792025
ISL,2022,0.742,0.022,1.56749963760376,1.5629870891571,1.24969923496246,1.30729651451111,1.4274594783783,68.4933821482981,0.32193175467932,100.0,0.0,1.0,0.0,0.0,1.1346227261911428,2.455398980506151,3.0383127210891097,4.170132075537562,0.12221763272424921,3.974809993526911,12.028933387400256,11.204050096549366,0.0,4.61512051684126,2.4530520453340703
ISR,2003,0.688,0.119,1.08441746234894,1.13986682891846,-1.51878440380096,0.905544698238373,0.644292593002319,60.7409380730486,0.32169000852099,0.085,0.0,0.0,0.0,1.7749523509116738,0.009950330853168083,4.317631922376697,3.8409565569942856,5.479955356430022,3.1834558796369405,2.080690761080268,10.511323519100833,10.113724011058851,0.0,4.61512051684126,4.293306565654906
ISR,2004,0.688,0.119,0.911944389343262,1.2419970035553,-1.32268130779266,0.817563414573669,0.662250339984894,60.3839065665468,0.320293653627995,0.085,0.0,0.0,0.0,1.7749523509116738,0.009950330853168083,4.315762116857609,3.846310462062765,5.499170318127805,2.67827804276854,2.0706530356467567,10.51350178888956,10.168619153650237,0.0,4.61512051684126,4.317631922376697
ISR,2005,0.688,0.119,0.823018372058868,1.03845989704132,-1.24752271175385,0.861688017845154,0.646124362945557,59.5924969777954,0.319587362339404,0.082,0.0,0.0,0.0,1.7749523509116738,0.009950330853168083,4.2873224596025485,3.869950229006238,5.503903687773886,2.7047112998366956,2.0769384114617173,10.501299847986575,10.154323554300797,0.0,4.61512051684126,4.315762116857609
ISR,2006,0.691,0.122,1.00024521350861,1.24783563613892,-1.2592887878418,0.997165620326996,0.774156391620636,61.1597790935859,0.317415564984402,0.04,0.0,0.0,0.0,1.7749523509116738,0.009950330853168083,4.330799188860398,3.9064072666425105,5.509226380193904,2.513656063073986,2.0943301541735866,10.489574217701625,10.179852520999336,0.0,4.61512051684126,4.2873224596025485
ISR,2007,0.688,0.122,0.843343794345856,1.23067355155945,-1.25203287601471,1.10058665275574,0.740543842315674,61.3654047413843,0.317925789486543,0.037,0.0,0.0,0.0,1.7749523509116738,0.009950330853168083,4.364846511074552,3.9648051908671156,5.545509420619386,2.485739636091892,2.131796772013764,10.508845926713784,10.249445950408633,0.0,4.61512051684126,4.330799188860398
ISR,2008,0.688,0.103,0.884931147098541,1.32564425468445,-1.32310199737549,1.171262383461,0.723265171051025,61.8807503433964,0.313938083938574,0.07,0.0,0.0,0.0,1.7749523509116738,0.009950330853168083,4.3841128016865785,3.991203803302587,5.573776289750592,2.451005098112319,2.1400661634962708,10.52011283052449,10.242985087381344,0.0,4.61512051684126,4.364846511074552
ISR,2009,0.684,0.103,0.803259551525116,1.27143526077271,-1.62521064281464,1.09900569915771,0.570473194122314,60.9159221497221,0.316829191102432,0.164,0.0,0.0,1.0,1.7749523509116738,0.009950330853168083,4.364432677674793,3.9502817175452365,5.545005554707362,1.6389967146756448,2.0881534822818573,10.47394713345467,10.243460545097122,0.0,4.61512051684126,4.3841128016865785
ISR,2010,0.672,0.108,0.750026702880859,1.38622903823853,-1.34115171432495,1.21482515335083,0.583845376968384,60.9548873334287,0.31601240336029,0.29,0.0,0.0,1.0,1.7749523509116738,0.009950330853168083,4.434540700998839,4.017823424314358,5.583718088697993,1.556037135706985,2.1329823086078656,10.49484076640117,10.290680802773142,0.0,4.61512051684126,4.364432677674793
ISR,2011,0.672,0.108,0.797708332538605,1.33679676055908,-1.20131802558899,1.31119441986084,0.653309524059296,61.0952027426015,0.310209992367816,0.503,0.0,1.0,1.0,1.7749523509116738,0.009950330853168083,4.435083753148183,4.032114485685966,5.602347577000847,2.1258479144939915,2.1294214739848565,10.495402074988482,10.351850371364824,0.0,4.61512051684126,4.434540700998839
ISR,2012,0.678,0.108,0.902115404605865,1.26981163024902,-1.07890439033508,1.1711333990097,0.644344866275787,61.0993437283113,0.315916259004598,0.778,0.0,1.0,1.0,1.7749523509116738,0.009950330853168083,4.513876668973878,4.0873199472851365,5.648012508241572,3.091042453358316,2.1633230256605382,10.52309416147868,10.388525786920933,0.0,4.61512051684126,4.435083753148183
ISR,2013,0.663,0.108,0.905973851680756,1.24306440353394,-1.10128474235535,1.15938007831573,0.649326622486115,61.1096666597581,0.31215580061387,0.93,0.0,1.0,1.0,1.7749523509116738,0.009950330853168083,4.415753343323739,4.054216771131322,5.591669583305446,1.5539252025038417,2.1174596088673567,10.448107520231256,10.458187412361644,0.0,4.61512051684126,4.513876668973878
ISR,2014,0.663,0.108,0.860555410385132,1.20617961883545,-1.03973531723022,1.21122050285339,0.727531671524048,61.5024932879861,0.309203081264788,1.577,0.0,0.0,0.0,1.7749523509116738,0.009950330853168083,4.385813952619443,4.043402083484526,5.566900713906344,0.44468582126144574,2.0906287310704004,10.404352200092289,10.457868009898684,0.0,4.61512051684126,4.415753343323739
ISR,2015,0.656,0.108,0.906771838665009,1.35655665397644,-1.09781730175018,1.25921857357025,0.744895875453949,61.8482262458914,0.308298154223026,1.899,0.0,0.0,1.0,1.7749523509116738,0.009950330853168083,4.427514959029787,4.094844437263752,5.620505932661193,0.7371640659767197,2.1198634561787513,10.438625736193806,10.487655835583247,0.0,4.61512051684126,4.385813952619443
ISR,2016,0.649,0.11,1.14717543125153,1.30955588817596,-0.799367249011993,1.30097377300262,0.786591827869415,61.9366131001384,0.304106288548322,2.537,0.0,1.0,1.0,1.7749523509116738,0.009950330853168083,4.431284869019565,4.134526351854933,5.640381084517819,0.3987761199573678,2.138889000323256,10.439255484545205,10.550333196702532,0.0,4.61512051684126,4.427514959029787
ISR,2017,0.637,0.112,0.790212035179138,1.34878790378571,-0.894905745983124,1.26169013977051,0.697401881217957,60.6735746391074,0.30845632487342,2.506,0.0,1.0,1.0,1.7749523509116738,0.009950330853168083,4.432117253975915,4.139795825126018,5.658387540165808,0.8586616190375187,2.127040520479115,10.439002959620195,10.583343497818491,0.0,4.61512051684126,4.431284869019565
ISR,2018,0.632,0.117,0.753730356693268,1.16925418376923,-0.918100237846375,1.23794531822205,0.631082773208618,60.6182484139473,0.306393343559752,2.724,0.0,1.0,0.0,1.7749523509116738,0.009950330853168083,4.390224204040925,4.161379963558259,5.680895896869388,0.5423242908253616,2.130609828254235,10.444012551187138,10.601398144907522,0.0,4.61512051684126,4.432117253975915
ISR,2019,0.625,0.123,0.77393513917923,1.28858661651611,-0.815568029880524,1.26991045475006,0.658972680568695,60.309571450309,0.309290108193948,4.044,0.0,0.0,0.0,1.7749523509116738,0.009950330853168083,4.420265071534083,4.199455046624718,5.712101111984935,0.9202827531436926,2.149433913499871,10.458151816169027,10.629251436878592,0.0,4.61512051684126,4.390224204040925
ISR,2020,0.641,0.123,0.536611318588257,1.0519632101059,-0.887818515300751,1.23442149162292,0.651662647724152,60.7627885756179,0.301807943509641,5.391,0.0,1.0,0.0,1.7749523509116738,0.009950330853168083,4.377087614225414,4.197803270590331,5.656463727421722,0.48858001481867097,2.1341664413690826,10.385955429304877,10.620260572445057,0.0,4.61512051684126,4.420265071534083
ISR,2021,0.654,0.1,0.829447269439697,1.25080215930939,-1.12231314182281,1.20116853713989,0.674106597900391,62.2108967072375,0.293441291235447,6.658,0.0,1.0,1.0,1.7749523509116738,0.009950330853168083,4.372795029073522,4.214051671586849,5.680322768391048,0.412109650826833,2.1341664413690826,10.393828806872571,10.739935672631763,0.0,4.61512051684126,4.377087614225414
ISR,2022,0.653,0.118,0.781028926372528,1.23610758781433,-1.22896540164948,1.20628762245178,0.677817583084106,62.0208021396,0.293027205020283,7.798,0.0,1.0,0.0,1.6714733033535532,0.009950330853168083,4.414091679713781,4.226249633102039,5.732816867574549,0.5481214085096876,2.1294214739848565,10.428738785074463,10.88865540317593,0.0,4.61512051684126,4.372795029073522
ITA,2003,0.758,0.272,0.48460641503334,0.743869483470917,0.431488335132599,1.04489135742188,0.985716998577118,55.8331778450242,0.345430401660809,16.369,0.0,1.0,1.0,2.2617630984737906,2.8735646395797834,6.29092932658218,5.823755702681873,7.682967121687254,1.1410330045520618,1.922787731634459,10.534343258790068,10.28376818577499,0.0,4.61512051684126,6.237298466553718
ITA,2004,0.758,0.272,0.36139702796936,0.628187000751495,0.269257694482803,1.08458256721497,1.17716777324677,55.6084691573528,0.345568025935163,18.341,0.0,1.0,1.0,2.2353763433005955,2.8786365016777435,6.299594381973234,5.82994511794329,7.70780698260676,1.1410330045520618,1.9213246735826988,10.551653501972408,10.295049885131375,0.0,4.61512051684126,6.29092932658218
ITA,2005,0.764,0.272,0.403579652309418,0.556203484535217,0.489115536212921,0.996279656887054,1.05702924728394,56.362230561197,0.345366321508079,16.438,0.0,1.0,1.0,2.272125885509337,2.8925915146344776,6.301328009888987,5.842906532466833,7.707031180054987,1.1662709371419244,1.9286186519452522,10.544999696110647,10.313569255666463,0.2191085761020307,4.61512051684126,6.299594381973234
ITA,2006,0.778,0.236,0.477287948131561,0.35609769821167,0.5307337641716,0.976830065250397,1.06452357769012,57.0166013201667,0.346172680865151,16.57,0.0,1.0,0.0,2.272125885509337,2.896464271895322,6.278712382087567,5.862494165811022,7.706551733505216,1.1662709371419244,1.9416152247724325,10.540516792481958,10.387811621422317,0.2191085761020307,4.61512051684126,6.301328009888987
ITA,2007,0.789,0.236,0.33118924498558,0.191648334264755,0.446970045566559,0.940306901931763,1.11190748214722,56.8056667219095,0.343819773400192,15.586,0.0,1.0,1.0,2.272125885509337,2.8992213731731473,6.30645176509693,5.867742032616963,7.685372276168315,1.1662709371419244,1.9401794743463283,10.513316600403233,10.437339200217707,0.2191085761020307,4.61512051684126,6.278712382087567
ITA,2008,0.77,0.277,0.262665063142776,0.272778868675232,0.547544240951538,0.974892854690552,1.03202378749847,55.9757683582792,0.348631926404805,18.667,0.0,0.0,1.0,2.203869120054888,2.9079933592459843,6.245700386014604,5.86533426996377,7.673731828917257,1.1662709371419244,1.9315214116032138,10.494037313237385,10.47512627275453,0.2191085761020307,4.61512051684126,6.30645176509693
ITA,2009,0.771,0.277,0.194480165839195,0.417277067899704,0.346905887126923,0.96655398607254,1.03421604633331,55.8088394820799,0.347637735939111,24.186,0.0,1.0,1.0,2.2741856184723477,2.9128939952449864,6.13428772938671,5.806098360127802,7.598805261959756,1.1662709371419244,1.8764069432883397,10.413345768514064,10.448271928265369,0.2191085761020307,4.61512051684126,6.245700386014604
ITA,2010,0.775,0.241,0.283443719148636,0.467300355434418,0.473923683166504,0.894350588321686,0.962826371192932,56.0538027641747,0.347474459298935,25.948,0.0,1.0,1.0,2.401525040848949,2.9210087273580543,6.144795398995075,5.834196513378134,7.6320473818706205,1.1662709371419244,1.8961194845522977,10.442269384395768,10.462502995557642,0.2191085761020307,4.61512051684126,6.13428772938671
ITA,2011,0.784,0.214,0.299565821886063,0.403479129076004,0.501207411289215,0.713232815265656,0.911823928356171,56.0311579482385,0.3463905150169,27.801,0.0,0.0,1.0,2.401525040848949,2.932792473780117,6.136780557228896,5.843834230103957,7.6115411672709,1.1662709371419244,1.9021075263969205,10.41837422905347,10.502139497473122,0.2191085761020307,4.61512051684126,6.144795398995075
ITA,2012,0.791,0.214,0.172010645270348,0.447511166334152,0.508217513561249,0.744578301906586,0.916809260845184,55.1480969503801,0.34691510713493,31.235,0.0,0.0,1.0,2.401525040848949,2.9402195636237325,6.115400241804293,5.827032023149767,7.5811970775174276,1.1662709371419244,1.8855533485144158,10.385308889288584,10.499079824942777,0.2324956568844901,4.61512051684126,6.136780557228896
ITA,2013,0.786,0.199,0.070905864238739,0.532426714897156,0.495499193668365,0.778938114643097,0.954193353652954,54.8486447834228,0.346716424904212,39.158,0.0,1.0,1.0,2.401525040848949,2.94706710157271,6.000616556306531,5.796543954737512,7.530513792957649,1.1662709371419244,1.8578592709325787,10.332581520658588,10.503979139940771,0.2324956568844901,4.61512051684126,6.115400241804293
ITA,2014,0.787,0.202,0.0056577529758215,0.472872227430344,0.458165407180786,0.638065695762634,0.999258756637573,55.6274862593458,0.345866907265585,43.641,0.0,1.0,1.0,2.388762789235098,2.9507349076232554,5.950337233701201,5.77221963620943,7.505115966318529,1.1662709371419244,1.8373699804801074,10.307001024106693,10.509623877044945,0.2324956568844901,4.61512051684126,6.000616556306531
ITA,2015,0.787,0.202,0.0265776235610247,0.49019667506218,0.363257199525833,0.712536931037903,1.03490507602692,56.0185295589638,0.345616055244561,38.931,0.0,1.0,1.0,2.3758355547336385,2.9569914452375605,5.971829666284007,5.790204789293776,7.517230047454329,1.1662709371419244,1.8531680973566984,10.320587314802497,10.52930441185648,0.2324956568844901,4.61512051684126,5.950337233701201
ITA,2016,0.794,0.209,0.0815546959638596,0.544244647026062,0.355933427810669,0.697884500026703,1.03519976139069,55.8158490555835,0.34608286660635,37.772,0.0,1.0,1.0,2.280339484046726,2.961140828784372,5.95495799184103,5.780681785491992,7.5150929055283635,1.1662709371419244,1.8468787684491346,10.320054803155186,10.608651318859069,0.2324956568844901,4.61512051684126,5.971829666284007
ITA,2017,0.795,0.201,0.175231233239174,0.491924196481705,0.292910486459732,0.691279470920563,0.990754127502441,55.9507450286892,0.346383542364136,35.568,0.0,1.0,1.0,2.2648832258100344,2.9699015135194693,5.9891965135772836,5.801665100458068,7.522197939429379,1.1662709371419244,1.8656293177945105,10.328615931825631,10.648832027843495,0.2324956568844901,4.61512051684126,5.95495799184103
ITA,2018,0.788,0.201,0.215687438845634,0.408853262662888,0.326271682977676,0.715148270130157,0.963442385196686,56.781897929141,0.346286127497558,39.995,0.0,1.0,1.0,2.2648832258100344,2.9734866646066713,5.921013229413394,5.801997522153156,7.5287521084588,1.1662709371419244,1.8671761085128091,10.33704320105076,10.677931283308425,0.2324956568844901,4.61512051684126,5.9891965135772836
ITA,2019,0.783,0.201,0.233934670686722,0.450929790735245,0.381114274263382,0.942923724651337,0.905108034610748,56.6469175137762,0.347572019041608,39.943,0.0,1.0,1.0,2.2491843162669305,2.975529566236472,5.903445479746499,5.796452809497509,7.518038651303716,1.1662709371419244,1.8656293177945105,10.328771954468252,10.750704920740231,0.2324956568844901,4.61512051684126,5.921013229413394
ITA,2020,0.78,0.181,0.509535729885101,0.360754579305649,0.399345397949219,0.487740814685822,1.05461311340332,57.9829812800669,0.345982289338979,42.231,0.0,1.0,1.0,2.0918640616783932,2.9831534913471307,5.817169486758414,5.736604555023428,7.417233795806867,1.1662709371419244,1.8180767775454285,10.231534322964036,10.701819710733439,0.2324956568844901,4.61512051684126,5.903445479746499
ITA,2021,0.781,0.155,0.517084956169128,0.325260877609253,0.550520956516266,0.526738524436951,1.08431649208069,58.2224142108971,0.346229971492371,40.747,0.0,1.0,1.0,1.969905654611529,2.9861868607104594,5.915304557521451,5.796908452645685,7.487813265554744,1.1662709371419244,1.8718021769015913,10.305218162746097,10.816300110795016,0.2324956568844901,4.61512051684126,5.817169486758414
ITA,2022,0.766,0.155,0.527714252471924,0.448645293712616,0.466298222541809,0.510931491851807,1.07431793212891,58.6344993058074,0.342187164729016,35.857,0.0,1.0,1.0,1.969905654611529,2.9922261342247034,5.910204370019672,5.7812372210603185,7.471058545518173,1.1662709371419244,1.8594181177018698,10.29030214940745,10.93753315241129,0.0,4.61512051684126,5.915304557521451
JAM,2003,0.626,0.169,-0.435169965028763,-0.0183236226439476,-0.384524792432785,0.214300140738487,0.51918625831604,43.603519573568,0.440048749023509,2.507,0.0,0.0,0.0,0.0,0.019802627296179712,2.4579600997545747,2.1016921506146558,3.8363507334721447,0.5653138090500605,1.308332819650179,9.745303976503964,8.935062265269528,0.0,4.471638793363569,2.4264489843452512
JAM,2004,0.626,0.169,-0.393378406763077,0.125264555215836,-0.34566855430603,0.151437997817993,0.396904200315475,43.8328222234365,0.441448333091719,3.172,0.0,0.0,0.0,0.0,0.019802627296179712,2.4549338683999817,2.1102132003465894,3.812975851826912,0.5481214085096876,1.3110318766193438,9.715539194948452,8.968888267715418,0.0,4.4796069630127455,2.4579600997545747
JAM,2005,0.635,0.169,-0.3428595662117,-0.170190066099167,-0.298737347126007,0.165574803948402,0.4180528819561,43.4952152861827,0.440948325843114,3.614,0.0,0.0,0.0,0.0,0.019802627296179712,2.45278142445675,2.136530508663963,3.8417292882081466,0.5481214085096876,1.3297240096314962,9.73940581425332,9.00311685307491,0.0,4.48863636973214,2.4549338683999817
JAM,2006,0.639,0.169,-0.291285037994385,0.189769744873047,-0.320163667201996,0.217925176024437,0.620725512504578,43.0240198522182,0.440881549683907,3.733,0.0,0.0,0.0,0.0,0.019802627296179712,2.567169354796324,2.1400661634962708,3.972346405411251,0.5877866649021191,1.3297240096314962,9.867541878582557,9.05690145178366,0.0,4.49647076906475,2.45278142445675
JAM,2007,0.647,0.169,-0.338424056768417,0.322974681854248,-0.256037086248398,0.26961761713028,0.63701593875885,43.0111985863484,0.438652083102776,4.95,0.0,0.0,0.0,0.0,0.019802627296179712,2.5630710600112634,1.9544450515051506,3.9914624542545716,0.5877866649021191,1.172482137234565,9.882275407336147,9.093107728068583,0.0,4.504244267398131,2.567169354796324
JAM,2008,0.656,0.169,-0.336699634790421,0.314200758934021,-0.307299733161926,0.250679165124893,0.579975128173828,43.1673673383179,0.437859356028592,6.147,0.0,0.0,0.0,0.0,0.019802627296179712,2.3585834931656886,1.6544112780768316,3.829032624297341,0.5877866649021191,0.9360933591703348,9.712183998103033,9.09968877313281,0.0,4.532599493153256,2.5630710600112634
JAM,2009,0.656,0.169,-0.321954697370529,0.276933073997498,-0.363817691802979,0.218495637178421,0.577551782131195,43.1848869226699,0.442427768487898,7.5,0.0,1.0,1.0,0.0,0.019802627296179712,2.167837848501114,1.6863989535702286,3.600485303351341,0.5933268452777344,0.9593502213346021,9.473758081375667,9.057257931279633,0.0,4.5217885770490405,2.3585834931656886
JAM,2010,0.656,0.169,-0.265738725662231,0.297299355268478,-0.4295414686203,0.233887821435928,0.462827682495117,43.1340531403805,0.441736235148068,7.639,0.0,0.0,1.0,0.0,0.019802627296179712,2.1230248526388094,1.6714733033535532,3.5182394020938195,0.5766133643039938,0.9439058989071285,9.38488971991939,9.050440218040269,0.0,4.534747721691546,2.167837848501114
JAM,2011,0.655,0.169,-0.187364369630814,0.291849315166473,-0.0629833340644836,0.245246693491936,0.479151219129562,43.7675942376685,0.43969330429949,8.716,0.0,1.0,0.0,0.0,0.019802627296179712,2.115982747240598,1.6789639750827106,3.572710739739507,0.5877866649021191,0.9477893989335261,9.436669404254282,9.08368369434263,0.0,4.522874943261261,2.1230248526388094
JAM,2012,0.666,0.169,-0.285973221063614,0.0459933318197727,0.12050811201334,0.176540702581406,0.486024707555771,43.5095930603254,0.43634902104807,10.209,0.0,0.0,0.0,0.0,0.019802627296179712,2.042075157077944,1.6695918352538475,3.5118737431422176,0.6259384308664953,0.9400072584914712,9.369689402649135,9.086097229101883,0.0,4.544358046591334,2.115982747240598
JAM,2013,0.683,0.129,-0.304508417844772,0.0747434422373772,0.182374373078346,0.184492602944374,0.54337352514267,44.179737262153,0.432120146445509,9.324,0.0,0.0,0.0,0.0,0.0295588022415444,2.100922940912845,1.665818245870208,3.593716763432556,0.6259384308664953,0.9321640810304452,9.44990074678499,9.116295038278386,0.0,4.552823705615882,2.042075157077944
JAM,2014,0.683,0.129,-0.325879484415054,0.202608481049538,0.0244925320148468,0.0736076235771179,0.562573909759521,44.7858698946966,0.430842794968646,9.859,0.0,0.0,0.0,0.0,0.0295588022415444,2.0688960803725225,1.6601310267496183,3.5767740203296285,0.6259384308664953,0.9282193027394289,9.428865032619282,9.128108739165953,0.0,4.546481189639412,2.100922940912845
JAM,2015,0.683,0.129,-0.284242004156113,0.294699430465698,0.0859657227993011,0.0153092993423343,0.608758866786957,44.4634411565559,0.430955752193971,10.28,0.0,1.0,1.0,0.0,0.0295588022415444,2.0530558030386294,1.66392609771817,3.6087534096346516,0.636576829071551,0.9282193027394289,9.458614527753197,9.156638842712194,0.0,4.563305981889393,2.0688960803725225
JAM,2016,0.69,0.125,-0.208746403455734,0.473698228597641,0.295468419790268,0.0965703874826431,0.681360483169556,45.4993833263271,0.43374580702078,12.249,0.0,1.0,0.0,0.0,0.0295588022415444,2.118422494501524,1.7029282555214393,3.642887870262943,0.636576829071551,0.9555114450274365,9.491043976462466,9.205231490612073,0.0,4.580877493419047,2.0530558030386294
JAM,2017,0.704,0.125,-0.224284201860428,0.552664339542389,0.298303365707397,0.0620441697537899,0.691000878810883,45.7666702587182,0.431264094678412,11.644,0.0,1.0,0.0,0.0,0.0295588022415444,2.0817916592793573,1.682688374173693,3.523090477954342,0.636576829071551,0.9400072584914712,9.365732138479524,9.256029320745684,0.0,4.589040804058207,2.118422494501524
JAM,2018,0.693,0.12,-0.23074534535408,0.595467865467072,0.423993796110153,0.129099026322365,0.592912912368774,46.1836067345981,0.429460151018518,14.646,0.0,1.0,0.0,0.0,0.0295588022415444,2.2432413746490685,1.601405740736836,3.643829785560212,0.636576829071551,0.8754687373538999,9.488373997503256,9.283008941874495,0.0,4.597138014290827,2.0817916592793573
JAM,2019,0.707,0.12,-0.113761454820633,0.588935792446136,0.388309866189957,0.084404744207859,0.612631320953369,46.4935015572868,0.428602583472617,12.716,0.0,1.0,0.0,0.0,0.0295588022415444,2.2131828639762956,1.7298840655099674,3.7432729379442677,0.636576829071551,0.9707789171582247,9.589226158777901,9.291552675121967,0.0,4.604169685654508,2.2432413746490685
JAM,2020,0.705,0.164,-0.0458292663097382,0.528545618057251,0.258682191371918,0.0424815155565739,0.624157547950745,47.2294246061787,0.427775665388445,13.785,0.0,1.0,1.0,0.0,0.0295588022415444,1.8860734508611228,1.66392609771817,3.401064039439143,0.636576829071551,0.9202827531436926,9.234457404317872,9.186595949978782,0.0,4.612145799724517,2.2131828639762956
JAM,2021,0.695,0.168,-0.0530839860439301,0.376744121313095,0.217994332313538,0.184438392519951,0.618980467319489,47.3678938070816,0.427000348531363,13.333,0.0,1.0,0.0,0.0,0.0295588022415444,1.9691688758820554,1.6770965609079151,3.492225680009719,0.636576829071551,0.9282193027394289,9.326184373364557,9.252603661141011,0.0,4.61512051684126,1.8860734508611228
JAM,2022,0.699,0.16,-0.02332185767591,0.603865921497345,0.364242792129517,0.190213531255722,0.59103798866272,47.7627788207918,0.421404346098428,12.918,0.0,1.0,0.0,0.0,0.0295588022415444,2.1063805701763108,1.7029282555214393,3.538870186787228,0.636576829071551,0.9477893989335261,9.373729502738986,9.383349567131097,0.0,4.61512051684126,1.9691688758820554
JOR,2003,0.155,0.376,0.333168774843216,0.143887758255005,-0.0737013816833496,0.190872624516487,-0.634042143821716,47.5523927547762,0.408293084721045,0.623,0.0,1.0,0.0,0.0,0.009950330853168083,3.0726597705513172,2.302585092994046,4.302509830355597,0.0,0.9439058989071285,9.448939311097257,8.779708041161731,0.0,4.605170185988092,3.041568621538343
JOR,2004,0.205,0.508,0.290117710828781,0.015997190028429,-0.234758883714676,0.294872522354126,-0.549854576587677,47.0897791261124,0.420896387933947,0.67,0.0,0.0,0.0,0.0,0.009950330853168083,3.143669538715268,2.374905754573672,4.38414938005486,0.0,0.9783261227936076,9.507522921636905,8.864300929492389,0.0,4.607168188650764,3.0726597705513172
JOR,2005,0.206,0.508,0.280934184789658,-0.0144828595221043,-0.132929384708405,0.0782263427972794,-0.514288365840912,48.0937332315476,0.406724056782132,0.622,0.0,0.0,0.0,0.0,0.009950330853168083,3.212593831869224,2.432735777459091,4.465413743597807,0.0,1.000631880307906,9.564997681859548,8.94870869127712,0.0,4.605170185988092,3.143669538715268
JOR,2006,0.207,0.508,0.279343515634537,0.171369686722755,-0.762317538261414,0.325835555791855,-0.717004716396332,48.2606601483587,0.407824251571443,0.54,0.0,0.0,0.0,0.0,0.009950330853168083,3.2276066880613894,2.5321082512722946,4.498620074152334,0.0,1.0296194171811583,9.534692310782257,8.993009961837727,0.0,4.61512051684126,3.212593831869224
JOR,2007,0.207,0.508,0.287263840436935,0.222188860177994,-0.300741791725159,0.315182119607925,-0.676780760288239,48.9010626256348,0.40443785295985,0.546,0.0,0.0,0.0,0.0,0.009950330853168083,3.270213990022697,2.6290069937617573,4.459797532972339,0.0,1.0577902941478545,9.435082964142856,9.037974491784283,0.0,4.603168183317418,3.2276066880613894
JOR,2008,0.207,0.508,0.380167007446289,0.228571236133575,-0.370714008808136,0.336663454771042,-0.737368822097778,49.7166093855668,0.401195035488678,0.495,0.0,0.0,0.0,0.0,0.009950330853168083,3.2577317557360903,2.7324175575505043,4.422784627146049,0.0,1.1184149159642893,9.374093174938913,9.103224241042271,0.0,4.61512051684126,3.270213990022697
JOR,2009,0.207,0.508,0.16472952067852,0.230430722236633,-0.356457054615021,0.283120602369308,-0.784575819969177,48.8048429610766,0.402078789998578,0.49,0.0,1.0,0.0,0.0,0.009950330853168083,3.277644560841347,2.7421295147550726,4.4616461759020485,0.0,1.1085626195212777,9.391915483582567,9.136888490311847,0.0,4.609162207257629,3.2577317557360903
JOR,2010,0.211,0.505,0.0383146591484547,0.0858596563339233,-0.312492519617081,0.229590550065041,-0.799314975738525,48.5660507987575,0.39984409503661,0.474,0.0,1.0,0.0,0.0,0.009950330853168083,3.266662403664885,2.7966713927557385,4.50124197742189,0.0,1.1346227261911428,9.410447572341152,9.150340216121737,0.0,4.61512051684126,3.277644560841347
JOR,2011,0.217,0.503,0.0994421243667603,0.0920686945319176,-0.513562262058258,0.310276180505753,-0.796205163002014,48.9670627219502,0.398244023475797,0.41,0.0,0.0,0.0,0.0,0.009950330853168083,3.2968229695081925,2.850128299695199,4.546990073921629,0.04879016416943201,1.1568811967920856,9.43188432461431,9.172942611460197,0.0,4.611152257665639,3.266662403664885
JOR,2012,0.217,0.503,0.0705865696072578,0.0400521941483021,-0.523977637290955,0.230972111225128,-0.734492719173431,49.0477341606422,0.402879322387984,0.422,0.0,1.0,1.0,0.0,0.009950330853168083,3.428159697417954,2.9052603703899154,4.605740023599796,0.04879016416943201,1.1878434223960523,9.477073923346202,9.183948907753553,0.0,4.61015772749913,3.2968229695081925
JOR,2013,0.222,0.525,0.0657075643539429,-0.00805195607244968,-0.6063152551651,0.165576979517937,-0.806856155395508,49.2267403137317,0.39899957913371,0.348,0.0,1.0,1.0,0.0,0.009950330853168083,3.4191538684359473,2.922085733385692,4.598860320592053,0.04879016416943201,1.1631508098056809,9.418164944602395,9.191931825264136,0.0,4.612145799724517,3.428159697417954
JOR,2014,0.222,0.523,0.135080352425575,0.134615451097488,-0.540025532245636,0.09913120418787,-0.753745794296265,49.9527730027531,0.398932938810697,0.383,0.0,1.0,0.0,0.0,0.009950330853168083,3.48707416423063,2.97756830292632,4.624325545027832,0.04879016416943201,1.1378330018213911,9.348498507200798,9.121036689520773,0.0,4.613138355637268,3.4191538684359473
JOR,2015,0.223,0.523,0.244334056973457,0.10739266872406,-0.606864869594574,0.0968837812542915,-0.769339382648468,50.740526347527,0.392262859652343,1.207,0.0,1.0,1.0,0.0,0.009950330853168083,3.4883428143733792,3.0257763949023677,4.698378157700546,0.04879016416943201,1.1184149159642893,9.341079469771513,9.10142688067769,0.0,4.6141299273595635,3.48707416423063
JOR,2016,0.195,0.523,0.25069397687912,0.11637906730175,-0.496246248483658,0.0680429935455322,-0.711024165153503,50.2443833335833,0.392787456942509,4.372,0.0,1.0,0.0,0.0,0.009950330853168083,3.493838804261275,3.0426158594528414,4.752537913518517,0.04879016416943201,1.0986122886681096,9.348488665293619,9.076680812202431,0.0,4.61512051684126,3.4883428143733792
JOR,2017,0.237,0.509,0.22717559337616,0.0676038041710854,-0.434586673974991,0.0803022235631943,-0.713272511959076,50.1035381191973,0.390545095249026,6.737,0.0,1.0,0.0,0.0,0.009950330853168083,3.539717891000531,3.080532875246456,4.77912349311153,0.04879016416943201,1.1085626195212777,9.352788008990519,9.134162683597543,0.0,4.61512051684126,3.493838804261275
JOR,2018,0.242,0.485,0.124165490269661,0.0952311158180237,-0.379854559898376,0.0308431684970856,-0.717954337596893,49.7308220077377,0.389280797692938,10.604,0.0,1.0,0.0,0.0,0.009950330853168083,3.5100661313992125,3.0661907372025525,4.736084406804281,0.04879016416943201,1.085189268335969,9.287340116067046,9.109790247668473,0.0,4.6141299273595635,3.539717891000531
JOR,2019,0.239,0.496,0.0804593861103058,0.0748296007514,-0.276885151863098,0.029683930799365,-0.694826781749725,50.643348694424,0.363840191083217,14.418,0.0,1.0,0.0,0.0,0.009950330853168083,3.465021919367863,3.075928815548268,4.7158972757926225,0.04879016416943201,1.0784095813505903,9.247139116067276,9.151659095165085,0.0,4.6141299273595635,3.5100661313992125
JOR,2020,0.241,0.496,0.0390526093542576,0.0949626415967941,-0.268401831388474,0.252726197242737,-0.747906148433685,50.6082625939487,0.366987768240225,18.937,0.0,1.0,0.0,0.0,0.009950330853168083,3.4037506138080373,3.0860299115347716,4.603098040576913,0.04879016416943201,1.0715836162801904,9.115319440335574,9.167453832454708,0.0,4.6141299273595635,3.465021919367863
JOR,2021,0.248,0.495,0.0265788305550814,0.194549679756165,-0.312566459178925,0.1343132853508,-0.791406750679016,50.4733414828977,0.370204214578001,22.987,0.0,1.0,1.0,0.0,0.0,3.4463044741418947,3.1170645587215158,4.632386440781331,0.41871033485818504,1.0818051703517284,9.126559009233182,9.125163256564038,0.0,4.6141299273595635,3.4037506138080373
JOR,2022,0.244,0.483,0.0730289965867996,0.1941107660532,-0.234430953860283,0.156793341040611,-0.802089989185333,50.9409693924774,0.366620042803428,23.128,0.0,1.0,0.0,0.0,0.0,3.5090466930163533,3.1629401925378975,4.720781977309663,0.41871033485818504,1.1019400787607843,9.198760584278988,9.203137906406061,0.0,4.61512051684126,3.4463044741418947
JPN,2003,0.77,0.109,1.16987371444702,1.15746104717255,1.0271201133728,1.0699657201767,1.08260369300842,61.0457011257508,0.368432129448715,10.263,0.0,0.0,1.0,3.6793340412704048,3.3579418729911983,7.158684064543336,6.997221141256739,8.726467082128849,3.747384183486499,2.25758772706331,10.784622083922878,10.288520300823233,0.0,4.61512051684126,7.163346665682984
JPN,2004,0.77,0.109,1.20001101493835,1.34332299232483,1.02831530570984,1.1344233751297,1.04349458217621,61.4192136996556,0.367905237338041,10.028,0.0,0.0,1.0,3.7360015611826713,3.358985532852846,7.15345796472873,7.023037412209622,8.740033656804547,3.7419461750506287,2.2793164660546914,10.797059496046575,10.336297312707584,0.0,4.61512051684126,7.158684064543336
JPN,2005,0.772,0.109,1.2101241350174,1.28548622131348,1.03576946258545,1.25873100757599,1.0062769651413,62.611560764429,0.367570601102053,8.914,0.0,0.0,1.0,3.740522687265775,3.3617633124167483,7.164005854030764,7.051050103807244,8.756987112762458,3.741471904233107,2.303584593327129,10.813252195742324,10.378816585789485,0.0,4.61512051684126,7.15345796472873
JPN,2006,0.777,0.109,1.3208487033844,1.5849609375,1.13833451271057,1.26020288467407,0.954123318195343,66.5925144914247,0.367080578976318,9.831,0.0,1.0,1.0,3.7428940424201746,3.364187556028255,7.145553777557055,7.060776750064539,8.754176845138431,3.709417105331484,2.312535423847214,10.809785785268046,10.423341251513568,0.0,4.61512051684126,7.164005854030764
JPN,2007,0.777,0.109,1.23022782802582,1.44125950336456,1.01037454605103,1.12917721271515,0.969946265220642,66.4511932289416,0.367312534596725,8.623,0.0,1.0,1.0,3.752323626670471,3.3509561652254085,7.175695907571446,7.07420995326556,8.744555192546374,3.762594491936217,2.3233676321765744,10.799456467958736,10.463588553437061,0.0,4.61512051684126,7.145553777557055
JPN,2008,0.781,0.109,1.32388854026794,1.45174884796143,0.894625246524811,1.13206923007965,0.948859214782715,66.8520819001319,0.36933871083419,8.615,0.0,0.0,1.0,3.761665123839584,3.3520071374713836,7.124962119667028,7.077244856960713,8.72568334417173,3.763290951627747,2.3263016196113617,10.780048963538022,10.470923856140937,0.0,4.61512051684126,7.175695907571446
JPN,2009,0.785,0.109,1.36922454833984,1.45010435581207,0.976251900196075,1.09656965732574,1.02105367183685,67.2215456256263,0.369446488529022,8.732,0.0,1.0,1.0,3.775515760773483,3.3495531485098167,7.070034905781165,7.01662762095308,8.634679649764585,3.7537304264335525,2.2710944259026746,10.688747077999546,10.42074097639867,0.0,4.61512051684126,7.124962119667028
JPN,2010,0.783,0.109,1.55362319946289,1.52235090732574,0.879353165626526,1.0166825056076,1.04070508480072,69.2181193442222,0.367505643427962,10.228,0.0,1.0,1.0,3.7977338590260183,3.3669509429335642,7.118868607044965,7.053620298765477,8.696872761234125,3.7539647007698704,2.3045830956567186,10.751005638671861,10.472668123471273,0.0,4.61512051684126,7.070034905781165
JPN,2011,0.783,0.109,1.55437541007996,1.46691274642944,0.99509197473526,1.07426130771637,1.07113337516785,69.0982656996495,0.371000580780437,10.279,0.0,1.0,1.0,3.7977338590260183,3.3593331775634567,7.159227148758325,7.007781593049262,8.643049153139415,3.7539647007698704,2.263844264677615,10.697867318059094,10.497240819977595,0.0,4.61512051684126,7.118868607044965
JPN,2012,0.776,0.109,1.61894869804382,1.40798962116241,0.948442876338959,1.13758063316345,1.10129523277283,69.4147397501226,0.371966687991208,10.058,1.0,1.0,1.0,3.7977338590260183,3.361069590571376,7.185536395330282,7.010203558192911,8.633425692281266,3.761665123839584,2.2669579153508947,10.689555788486857,10.53494479785461,0.15797843569702272,4.61512051684126,7.159227148758325
JPN,2013,0.749,0.098,1.6482492685318,1.61050939559937,1.01914191246033,1.10895478725433,1.10958802700043,69.7872389275771,0.372638794714985,11.082,1.0,1.0,1.0,3.8383764652598478,3.360722549096437,7.202751172694099,6.992794712969538,8.62644590264405,3.762129915853529,2.253394848803274,10.684175811435836,10.581597871496081,0.15797843569702272,4.61512051684126,7.185536395330282
JPN,2014,0.747,0.098,1.69021356105804,1.80541300773621,0.96859735250473,1.13797330856323,1.03605246543884,67.4514126204882,0.37123489020856,12.6,1.0,1.0,1.0,3.8383764652598478,3.3628029936748436,7.168405312187506,6.969527477374738,8.60020901346342,3.762594491936217,2.234306252240751,10.659792355919784,10.585483084174443,0.15797843569702272,4.61512051684126,7.202751172694099
JPN,2015,0.748,0.079,1.52976644039154,1.75316548347473,1.05422055721283,1.20364701747894,0.988048911094666,66.525374121524,0.372984956094936,14.952,1.0,1.0,1.0,3.8400972658565573,3.371081757757532,7.139705300552332,6.938400869096524,8.587513900935942,3.7630588522881876,2.2071749081893874,10.64874953120702,10.619071011082962,0.15797843569702272,4.61512051684126,7.168405312187506
JPN,2016,0.748,0.092,1.4822438955307,1.78482556343079,0.968189001083374,1.41657531261444,0.983571171760559,65.589716471239,0.372684818668291,14.268,1.0,1.0,1.0,3.8439582745140166,3.3727979071404572,7.140603685439372,6.97044834832056,8.574861730675643,3.7614326467956447,2.2375130962503307,10.637006562307128,10.611473311404625,0.15797843569702272,4.61512051684126,7.139705300552332
JPN,2017,0.747,0.091,1.48122704029083,1.57989025115967,1.10012805461884,1.36364352703094,1.00365543365479,65.7655856119304,0.371733825590516,15.164,1.0,1.0,1.0,3.8524852927119495,3.3714252233284854,7.125849758077415,6.982732872905217,8.585822583519228,3.6958550678503617,2.2491843162669305,10.648718562428519,10.63212773157104,0.15797843569702272,4.61512051684126,7.140603685439372
JPN,2018,0.76,0.091,1.38858759403229,1.63458871841431,1.03756272792816,1.33422780036926,0.994713246822357,65.4194819962171,0.370345991107025,16.191,1.0,1.0,1.0,3.8562988566557843,3.3721118007670587,7.08439077209599,6.988348604268738,8.57897855108048,3.6454498961866,2.254444717666111,10.64306449465819,10.648822340812146,0.15797843569702272,4.61512051684126,7.125849758077415
JPN,2019,0.762,0.091,1.4309983253479,1.55003654956818,1.01981234550476,1.31464898586273,0.929692089557648,65.4869139354302,0.370751821752722,16.843,1.0,1.0,1.0,3.8726582819058692,3.3721118007670587,7.055418487149153,6.955020471449251,8.557682330546283,3.528710701961115,2.2267833795777636,10.623452378886112,10.661465816390242,0.15797843569702272,4.61512051684126,7.08439077209599
JPN,2020,0.748,0.091,1.4637143611908,1.5473005771637,1.02614521980286,1.3470870256424,0.982900321483612,65.4725117776419,0.370642210417419,19.092,1.0,1.0,1.0,3.9068094383752587,3.3721118007670587,6.9967976774265805,6.919713493676803,8.481822975574227,3.507956918233689,2.1983350716202463,10.550701233522242,10.655533034595503,0.15797843569702272,4.61512051684126,7.055418487149153
JPN,2021,0.738,0.062,1.53576052188873,1.36116814613342,1.0155017375946,1.36984014511108,1.06584024429321,65.7508394487063,0.369942207778457,20.117,1.0,1.0,1.0,3.9429401080628677,3.3683297780365384,7.016706656755697,6.942803839258541,8.52331600865586,3.531055368920369,2.222459048514761,10.597163693172021,10.700011127804657,0.15797843569702272,4.61512051684126,6.9967976774265805
JPN,2022,0.738,0.062,1.53992962837219,1.61941540241241,1.0326372385025,1.43877255916595,1.02100276947021,65.8635628190201,0.369390510716884,20.488,0.0,1.0,1.0,3.9950765605634317,3.371081757757532,6.994725443809566,6.948484469196206,8.516747292017875,3.471034341250935,2.2332350148592526,10.596033177197599,10.766310820998996,0.0,4.61512051684126,7.016706656755697
KEN,2003,0.352,0.812,-0.96461683511734,-0.705886006355286,-1.26386892795563,-0.328403115272522,-0.257107317447662,35.9990237929315,0.523238642809421,81.934,0.0,0.0,0.0,0.0,0.5187937934151676,3.9273440395130796,1.8976198599275325,3.6484219764826604,0.1906203596086497,0.15700374880966475,7.014620262360648,7.588758115674435,0.0,2.833213344056216,3.875271998206898
KEN,2004,0.352,0.805,-0.897880256175995,-0.666135549545288,-1.08735477924347,-0.274853587150574,-0.211594954133034,36.2259412195906,0.523716710773412,70.455,0.0,0.0,0.0,0.0,0.5187937934151676,4.032222496522593,1.9906103279732201,3.7437463555547765,0.23111172096338664,0.16551443847757338,7.081270675110499,7.6340061394227545,0.0,3.1612467120315646,3.9273440395130796
KEN,2005,0.356,0.777,-1.0125367641449,-0.709110260009766,-1.25050592422485,-0.288214594125748,-0.244842007756233,35.6579806263717,0.519940367455903,66.716,0.0,0.0,0.0,0.0,0.5247285289349821,4.096292551476939,2.0412203288596382,3.830552612430082,0.23111172096338664,0.173953307123438,7.139318485312253,7.6915178223639025,0.0,3.2386784521643803,4.032222496522593
KEN,2006,0.356,0.777,-0.935450911521912,-0.655459582805634,-1.12698328495026,-0.239396661520004,-0.13034650683403,34.5695666388326,0.528587743453297,62.85,0.0,0.0,0.0,0.0,0.5247285289349821,4.110420633682462,2.136530508663963,3.9285260775271604,0.23111172096338664,0.18232155679395462,7.208836431479492,7.754108531687226,0.0,3.3105430133940246,4.096292551476939
KEN,2007,0.353,0.763,-0.978594720363617,-0.529211044311523,-1.30544221401215,-0.317882090806961,-0.249015316367149,34.4838075350646,0.528583577671614,74.063,0.0,0.0,0.0,0.0,0.5247285289349821,4.412005697888157,2.0320878452963655,3.9276994848131537,0.23111172096338664,0.15700374880966475,7.177798446601061,7.81685504229278,0.0,3.3775875160230218,4.110420633682462
KEN,2008,0.3,0.74,-1.06836628913879,-0.624475121498108,-1.39361536502838,-0.277211368083954,-0.282543808221817,34.3495890178542,0.52846230471246,72.683,0.0,0.0,1.0,0.0,0.5596157879354227,4.4868037303767485,1.9643112344262046,3.9419506716698347,0.23111172096338664,0.14842000511827327,7.162043946491883,7.807966117637648,0.0,3.4436180975461075,4.412005697888157
KEN,2009,0.304,0.74,-1.0707300901413,-0.664479374885559,-1.42558062076569,-0.178242474794388,-0.331883877515793,34.2761054125721,0.532743521172934,60.611,0.0,0.0,1.0,0.0,0.5653138090500605,4.493903860052434,2.0228711901914416,4.051732772529156,0.30010459245033805,0.14842000511827327,7.243603034941598,7.816434835479293,0.0,3.1780538303479458,4.4868037303767485
KEN,2010,0.357,0.657,-0.911055028438568,-0.582948446273804,-1.16552352905273,-0.136400818824768,-0.218933016061783,34.1778333054429,0.530607826947682,74.441,0.0,0.0,0.0,0.0,0.5709795465857378,4.550846277631814,2.0992441689760155,4.1140818279051325,0.3784364357202451,0.15700374880966475,7.277982770863947,7.876977194201641,0.0,3.005682604407159,4.493903860052434
KEN,2011,0.358,0.642,-0.96374249458313,-0.578526675701141,-1.24479079246521,-0.240827634930611,-0.269520193338394,34.0133843394997,0.52411624972561,69.221,0.0,0.0,0.0,0.0,0.5709795465857378,4.554448542650267,2.178155014615869,4.153352191135366,0.3784364357202451,0.16551443847757338,7.290380873118278,7.919823949563246,0.0,3.616308761279101,4.550846277631814
KEN,2012,0.359,0.627,-1.09887766838074,-0.540134847164154,-1.32344126701355,-0.317458748817444,-0.287803679704666,33.5350798978583,0.51977095820554,77.479,0.0,0.0,1.0,0.0,0.598836501088704,4.5374004648062485,2.217027204632399,4.101634591933448,0.3784364357202451,0.173953307123438,7.2118017217518675,7.954467311157568,0.0,3.66612246699132,4.554448542650267
KEN,2013,0.409,0.597,-1.03619039058685,-0.477865993976593,-1.16693091392517,-0.326215893030167,-0.212353259325027,34.09202005799,0.515858278329232,78.342,0.0,0.0,1.0,0.0,0.6043159668533296,4.536802649411203,2.206074192613202,4.175217694228656,0.4382549309311553,0.16551443847757338,7.26181901668731,8.041539693968627,0.0,3.716008121502189,4.5374004648062485
KEN,2014,0.422,0.597,-0.93937611579895,-0.358901530504227,-1.28224718570709,-0.348395675420761,-0.145638465881348,34.9247298048315,0.512319363952964,76.413,0.0,0.0,0.0,0.0,0.6043159668533296,4.5981445422639915,2.3350522831315472,4.229705530152553,0.48858001481867097,0.18232155679395462,7.293711316702076,8.119841928849254,0.0,3.6109179126442243,4.536802649411203
KEN,2015,0.422,0.597,-1.03123271465302,-0.393976986408234,-1.24134790897369,-0.368477910757065,-0.146438285708427,34.754468497405,0.507103424779244,89.806,0.0,0.0,1.0,0.0,0.6043159668533296,4.6536201016650365,2.3813962734183356,4.378570669700491,0.5364933705145685,0.1906203596086497,7.422273875322998,8.210484900661966,0.0,3.751854253275325,4.5981445422639915
KEN,2016,0.419,0.593,-0.914170920848846,-0.402430564165115,-1.35445654392242,-0.357900857925415,-0.114260472357273,36.3229380117676,0.502010045834136,89.256,0.0,1.0,1.0,0.0,0.6043159668533296,4.742927572250988,2.373043556642607,4.441721412554699,0.5364933705145685,0.18232155679395462,7.464095422131962,8.273248068993968,0.0,3.9908341858524357,4.6536201016650365
KEN,2017,0.406,0.595,-0.974906325340271,-0.390356600284576,-1.12843883037567,-0.280637979507446,-0.201042324304581,36.1569912811077,0.510521705393835,80.886,0.0,1.0,0.0,0.0,0.6097655716208943,4.748209547919724,2.489064659936664,4.454219381095968,0.5364933705145685,0.20701416938432615,7.455005209599356,8.337647762204389,0.0,4.039536325727106,4.742927572250988
KEN,2018,0.391,0.595,-0.863009214401245,-0.493653178215027,-1.17971229553223,-0.265344053506851,-0.37522828578949,36.8414319926208,0.509340561322099,86.283,0.0,1.0,1.0,0.0,0.6151856390902335,4.770263623874071,2.5168896956410514,4.425744432306162,0.5364933705145685,0.20701416938432615,7.405908951644219,8.392210534847592,0.0,4.130354999745133,4.748209547919724
KEN,2019,0.394,0.576,-0.806061267852783,-0.441659152507782,-1.10576343536377,-0.338947534561157,-0.308262407779694,37.5022827250259,0.503060940822604,88.668,0.0,1.0,1.0,0.0,0.6151856390902335,4.8894968031590045,2.546315277916644,4.465333240800292,0.5364933705145685,0.20701416938432615,7.426319284093233,8.452841921706677,0.0,4.258445572902527,4.770263623874071
KEN,2020,0.398,0.612,-0.87534761428833,-0.399473369121552,-1.00724005699158,-0.51719057559967,-0.341349542140961,37.5436412938639,0.501027549974578,93.579,0.0,1.0,1.0,0.0,0.6151856390902335,5.010861737209279,2.5494451709255714,4.415618555085417,0.5364933705145685,0.20701416938432615,7.356435036926547,8.475031374416197,0.0,4.283586561860629,4.8894968031590045
KEN,2021,0.427,0.521,-0.734718978404999,-0.325909495353699,-1.03243744373322,-0.460586369037628,-0.351733297109604,38.0686784755705,0.500604403886788,89.822,0.0,1.0,1.0,0.0,0.6205764877251099,4.9983165836690135,2.613739521630969,4.47741635676918,0.49469624183610705,0.2151113796169455,7.3999367761308195,8.582953297457768,0.0,4.350277936359301,5.010861737209279
KEN,2022,0.449,0.536,-0.759503602981567,-0.329533219337463,-0.947280883789062,-0.380829960107803,-0.150899544358253,38.0509719311116,0.499843900854535,87.809,0.0,1.0,0.0,0.0,0.6205764877251099,5.030447647544483,2.65745841498615,4.48123828474483,0.49469624183610705,0.2151113796169455,7.384576863062109,8.680029987124461,0.0,4.343805421853684,4.9983165836690135
KGZ,2003,0.163,0.897,-1.03281939029694,-0.556115865707397,-1.09949171543121,-0.405866712331772,-1.02784180641174,47.9850159622255,0.360407256734592,86.658,0.0,1.0,0.0,0.5068176023684519,1.3711807233098425,0.9109693845592233,2.696652156149841,3.543304398286985,0.0,1.3029127521808397,8.781038512423988,7.677491521338275,0.0,4.609162207257629,0.5882289265500174
KGZ,2004,0.163,0.897,-1.0977121591568,-0.657609522342682,-1.18346691131592,-0.389383018016815,-1.01614332199097,47.1058940716021,0.362443943310812,86.324,0.0,0.0,0.0,0.5068176023684519,1.3711807233098425,0.88840399276308,2.626840145676667,3.559311624755847,0.0,1.244154593958768,8.78910206849617,7.75979776871438,0.0,4.60816569496789,0.9109693845592233
KGZ,2005,0.186,0.921,-1.26726925373077,-0.875677227973938,-1.1744259595871,-1.00808191299438,-0.88755065202713,46.6675615201862,0.352467697608272,85.483,0.0,0.0,0.0,0.5068176023684519,1.3711807233098425,0.9273078891353166,2.574899688314705,3.5302060622256892,0.0,1.1969481893889715,8.750859899586478,7.777622718808593,0.0,4.609162207257629,0.88840399276308
KGZ,2006,0.193,0.921,-1.32556045055389,-0.815081477165222,-1.38557076454163,-0.65603494644165,-0.759082138538361,43.8280631837033,0.357474520193723,84.88,0.0,0.0,0.0,0.5068176023684519,1.3711807233098425,0.9643680982834221,2.5680215564985067,3.5869297815781915,0.0,1.1878434223960523,8.802385065897106,7.827794356394708,0.0,4.604169685654508,0.9273078891353166
KGZ,2007,0.172,0.92,-1.32909786701202,-0.786064028739929,-0.990260481834412,-0.416844815015793,-0.962735652923584,44.5852168178961,0.358245541304938,85.782,0.0,1.0,0.0,0.5068176023684519,1.3711807233098425,1.3810433233252768,2.589266665112243,3.7249702742582897,0.5596157879354227,1.199964782928397,8.93822674655972,7.926925682189892,0.0,4.61015772749913,0.9643680982834221
KGZ,2008,0.16,0.92,-1.23223948478699,-0.79922616481781,-0.567302405834198,-0.350435882806778,-1.09176480770111,44.7699101256329,0.354793890456484,85.714,0.0,1.0,0.0,0.5068176023684519,1.3711807233098425,1.681290382246366,2.4782176616372036,3.773932665147401,0.6626879730752367,1.1118575154181303,8.9828815231443,8.017140685499607,0.0,4.61015772749913,1.3810433233252768
KGZ,2009,0.157,0.92,-1.31282722949982,-0.96954619884491,-0.622969388961792,-0.33319416642189,-1.01985239982605,45.2007540102199,0.355978198045205,92.076,0.0,1.0,0.0,0.5068176023684519,1.3711807233098425,1.660906364687956,2.377692565480851,3.789832772328524,1.534714366238164,1.0331844833456545,8.988826492025947,8.038492053427147,0.0,4.61015772749913,1.681290382246366
KGZ,2010,0.254,0.85,-1.17509734630585,-0.656763851642609,-1.0396523475647,-0.261394619941711,-0.934311151504517,46.0097525765,0.34961288766959,91.743,0.0,0.0,0.0,0.5068176023684519,1.4011829736136412,1.6075615421639318,2.423031246069913,3.688329302808455,1.0116009116784799,1.0543120297715298,8.867645253324937,8.03158542221984,0.0,4.605170185988092,1.660906364687956
KGZ,2011,0.332,0.846,-1.23196542263031,-0.636238276958466,-1.09803068637848,-0.223706394433975,-0.68298727273941,47.1534919861194,0.338890993721533,93.271,0.0,1.0,0.0,0.5068176023684519,1.4036429994545037,1.9509135755811937,2.590767040487478,3.7562343181321687,0.9282193027394289,1.1662709371419244,8.918694587720815,8.095400822716394,0.0,4.598145571051127,1.6075615421639318
KGZ,2012,0.318,0.849,-1.15086257457733,-0.64659321308136,-0.911251366138458,-0.34460785984993,-0.611097157001495,46.7348525325737,0.341503802955316,93.413,0.0,0.0,0.0,0.5068176023684519,1.4036429994545037,2.2218623308827823,2.6651427000909336,3.959269121025011,0.7884573603642702,1.208960345836975,9.108015466410567,8.185818309885555,0.0,4.613138355637268,1.9509135755811937
KGZ,2013,0.314,0.82,-1.16229820251465,-0.649990081787109,-0.911773800849915,-0.325828105211258,-0.538330972194672,47.2922312583364,0.339522656010652,93.391,0.0,1.0,0.0,0.5068176023684519,1.5195132049061133,2.212126854828229,2.6925980965432883,3.9024372081245495,0.5423242908253616,1.2178757094949273,9.03251704296898,8.29454025914159,0.0,4.604169685654508,2.2218623308827823
KGZ,2014,0.314,0.82,-1.13007795810699,-0.871007263660431,-0.804615676403046,-0.450190424919128,-0.462573677301407,48.2655645472225,0.34014538914198,91.199,0.0,0.0,0.0,0.5068176023684519,1.541159071680806,2.3059369484029286,2.7498317351171653,3.923971338943987,0.4382549309311553,1.247032293786383,9.037208975991227,8.349766981666566,0.0,4.613138355637268,2.212126854828229
KGZ,2015,0.314,0.854,-1.17951929569244,-0.978849112987518,-0.882429659366608,-0.536658465862274,-0.404144912958145,47.5874947526188,0.345941674048602,85.062,0.0,1.0,1.0,0.5068176023684519,1.5432981099295553,2.3517553133914353,2.6720775406433925,3.8631688392106267,0.27002713721306015,1.1755733298042381,8.957759513539598,8.331917683771168,0.0,4.602165676967792,2.3059369484029286
KGZ,2016,0.302,0.853,-1.10505127906799,-0.965182244777679,-0.652019679546356,-0.386156380176544,-0.418315917253494,49.8200970855207,0.331589617387633,86.54,0.0,0.0,0.0,0.5068176023684519,1.5432981099295553,2.328647356962225,2.658859956911438,3.8833148412914023,0.13976194237515868,1.1537315878891892,8.960732843255881,8.434845752425746,0.0,4.612145799724517,2.3517553133914353
KGZ,2017,0.301,0.841,-1.07767915725708,-0.75117963552475,-0.362505912780762,-0.379888355731964,-0.428766906261444,50.3665820953698,0.322326320647361,91.477,0.0,1.0,0.0,0.5933268452777344,1.545432582458188,2.363661603300084,2.7180005319553784,3.864407151486483,0.18232155679395462,1.1878434223960523,8.92329982703495,8.508095442284064,0.0,4.61512051684126,2.328647356962225
KGZ,2018,0.325,0.835,-0.961097419261932,-0.646288573741913,-0.529712080955505,-0.397319167852402,-0.354231774806976,51.3039971703396,0.312253712205653,91.834,0.0,1.0,0.0,0.5933268452777344,1.541159071680806,2.546482696763866,2.7523860149222616,3.9484513620416974,0.4574248470388754,1.199964782928397,8.989701805565872,8.471974410589207,0.0,4.61512051684126,2.363661603300084
KGZ,2019,0.309,0.792,-0.960630595684052,-0.731618404388428,-0.26556807756424,-0.392827451229095,-0.45369553565979,51.4828997202318,0.307323995717812,91.583,0.0,1.0,0.0,0.5933268452777344,1.541159071680806,2.4730662604954836,2.770711962226921,3.8501476017100584,0.23901690047049992,1.1969481893889715,8.865652438753525,8.576447949872318,0.0,4.6141299273595635,2.546482696763866
KGZ,2020,0.252,0.813,-1.12495839595795,-0.576322257518768,-0.4557925760746,-0.450061172246933,-0.57676887512207,50.8574703028162,0.314194916564335,90.779,0.0,1.0,1.0,0.5933268452777344,1.541159071680806,2.40083624421806,2.800325477211381,3.7613396408431967,0.2776317365982795,1.199964782928397,8.748985633017702,8.552475769330519,0.0,4.6141299273595635,2.4730662604954836
KGZ,2021,0.25,0.829,-1.15049564838409,-0.776387393474579,-0.46646723151207,-0.625227749347687,-0.590281307697296,51.1688866660142,0.311452213514724,85.601,0.0,1.0,1.0,0.5933268452777344,1.3297240096314962,2.52268409039269,2.848970892158587,3.7947923171998323,0.23111172096338664,1.220829921392359,8.76003787468007,8.654775165325228,0.0,4.612145799724517,2.40083624421806
KGZ,2022,0.233,0.822,-1.23040282726288,-0.890511035919189,-0.471610426902771,-0.63258820772171,-0.730020940303802,51.0605071247394,0.310678253587853,86.107,0.0,1.0,0.0,0.5933268452777344,1.3297240096314962,2.532621054940101,2.843163674909384,3.982518747039844,0.2546422183735807,1.2029723039923526,8.932023508732234,8.791563885877204,0.0,4.612145799724517,2.52268409039269
KHM,2003,0.125,0.897,-0.989836037158966,-0.918026566505432,-0.652008533477783,-0.420781254768372,-0.899962723255157,35.7908172495672,0.525072527969855,7.813,0.0,0.0,0.0,0.0,0.009950330853168083,3.929351566083405,0.5007752879124893,2.4172521679721717,0.15700374880966475,0.04879016416943201,6.664030122046898,7.37706007939316,0.0,3.0106208860477417,3.889690992742037
KHM,2004,0.125,0.897,-1.05834627151489,-0.907455146312714,-0.407748281955719,-0.456693708896637,-0.870825171470642,35.3960662917513,0.527988912540331,5.263,0.0,0.0,0.0,0.0,0.009950330853168083,3.919986346190049,0.5766133643039938,2.4482426654164087,0.16551443847757338,0.058268908123975775,6.6832270194017935,7.479165439197827,0.0,2.7212954278522306,3.929351566083405
KHM,2005,0.123,0.897,-1.22373998165131,-1.00211262702942,-0.393915474414825,-0.5336874127388,-1.01733839511871,34.8357006460424,0.520857076599179,5.263,0.0,0.0,0.0,0.0,0.009950330853168083,3.973143760248956,0.6830968447064438,2.5622534189906276,0.1988508587451652,0.06765864847381481,6.792701266153215,7.620286364995917,0.0,3.068052935133617,3.919986346190049
KHM,2006,0.123,0.897,-1.26038551330566,-0.981054723262787,-0.345979183912277,-0.616633772850037,-0.931646049022675,34.2468300281689,0.521836886347989,5.128,0.0,0.0,0.0,0.0,0.009950330853168083,4.0000652339966205,0.7975071958841881,2.635551190285971,0.2468600779315258,0.08617769624105233,6.857052336618324,7.739693747833967,0.0,3.349904087274605,3.973143760248956
KHM,2007,0.122,0.897,-1.15168952941895,-0.912372171878815,-0.363606303930283,-0.493607431650162,-0.927987039089203,33.9193928103228,0.532780484451551,4.698,0.0,0.0,0.0,0.0,0.009950330853168083,4.023140044584787,0.9516578757114464,2.7859367397592814,0.26236426446749106,0.11332868530700317,7.003249078291005,7.850550677202429,0.0,3.054001181677967,4.0000652339966205
KHM,2008,0.12,0.897,-1.24171054363251,-1.00112020969391,-0.298690915107727,-0.461728304624557,-0.971139132976532,34.6760751118693,0.516885585400532,4.054,0.0,0.0,0.0,0.0,0.009950330853168083,4.039457275546173,1.0152306797290587,2.832095071964164,0.30010459245033805,0.12221763272424921,7.03717874562043,7.926527641923332,0.0,3.3105430133940246,4.023140044584787
KHM,2009,0.119,0.897,-1.18124008178711,-0.960240483283997,-0.560373842716217,-0.495730012655258,-0.913421928882599,34.9395056511297,0.518689900422193,4.762,0.0,0.0,1.0,0.0,0.009950330853168083,4.06579774212536,1.095273387402595,3.0340391077085775,0.29266961396282,0.1310282624064041,7.234570320353171,7.956838639980168,0.0,3.280911215787653,4.039457275546173
KHM,2010,0.117,0.897,-1.24900782108307,-0.96263325214386,-0.50098443031311,-0.491047918796539,-0.927240490913391,34.7322041168073,0.514246408905555,4.95,0.0,0.0,0.0,0.0,0.009950330853168083,4.07713344010285,1.269760544863939,3.170987254141227,0.2851789422336624,0.16551443847757338,7.36232669175825,8.002862771151491,0.0,3.4688560301359703,4.06579774212536
KHM,2011,0.117,0.897,-1.25564956665039,-0.872488141059875,-0.304419666528702,-0.591842174530029,-0.914128303527832,35.1211007532937,0.507040756544008,6.604,0.0,0.0,0.0,0.0,0.1906203596086497,5.100135499232826,1.358409157630355,3.202299188463399,0.29266961396282,0.18232155679395462,7.379788098028972,8.078409769848582,0.0,3.648057459593681,4.07713344010285
KHM,2012,0.117,0.897,-1.08068156242371,-0.821808159351349,-0.103577204048634,-0.355143368244171,-0.961479783058167,35.6292392838764,0.5107649617967,36.986,0.0,0.0,0.0,0.0,0.20701416938432615,5.099303831584578,1.5195132049061133,3.2758608903508577,0.2776317365982795,0.2151113796169455,7.441296929031861,8.184369334626629,0.0,3.768152635008444,5.100135499232826
KHM,2013,0.114,0.889,-1.06403398513794,-0.914554417133331,-0.136436149477959,-0.352435141801834,-0.981061398983002,35.6708896896226,0.504030925163036,56.906,0.0,0.0,1.0,0.0,0.5187937934151676,5.0991853827899964,1.6272778305624314,3.302223833242759,0.2776317365982795,0.23901690047049992,7.45373451027465,8.266665188349656,0.0,3.949318790171843,5.099303831584578
KHM,2014,0.112,0.862,-1.14717364311218,-0.698889017105103,0.0231748018413782,-0.439880818128586,-1.1079341173172,35.6945319298179,0.50302593312229,59.807,0.0,0.0,0.0,0.20701416938432615,0.6575200029167942,5.107806114698141,1.776645831418007,3.3533717521795507,0.2546422183735807,0.2776317365982795,7.4919505023719335,8.323314390155742,0.0,4.044804116661965,5.0991853827899964
KHM,2015,0.114,0.862,-1.15356171131134,-0.742889702320099,0.0633481442928314,-0.549874782562256,-1.12285590171814,35.651632139323,0.499517580481561,44.541,0.0,1.0,1.0,0.31481073984003355,0.6575200029167942,4.347505264488746,1.9643112344262046,3.495446392565263,0.26236426446749106,0.3293037471426004,7.6241203266931805,8.397202606290822,0.0,4.154184562578117,5.107806114698141
KHM,2016,0.103,0.862,-1.30162787437439,-0.741827428340912,0.206190809607506,-0.493561118841171,-1.10550320148468,36.2018776350308,0.490135645212902,46.422,0.0,1.0,0.0,0.31481073984003355,0.6575200029167942,4.3818305885999305,2.1174596088673567,3.706203522122131,0.26236426446749106,0.3784364357202451,7.826132632346692,8.465715519024798,0.0,4.2456340097683265,4.347505264488746
KHM,2017,0.079,0.88,-1.31654536724091,-0.695688724517822,0.0935096517205238,-0.521751224994659,-1.15511238574982,36.4695278072048,0.481736498247165,40.73,0.0,1.0,0.0,0.4054651081081644,0.6830968447064438,4.267200205451923,2.2289385528257473,3.7611303458178407,0.26236426446749106,0.41871033485818504,7.868574535698219,8.52735410725347,0.0,4.500920164614292,4.3818305885999305
KHM,2018,0.072,0.895,-1.35710227489471,-0.599801898002625,0.110921673476696,-0.536904513835907,-1.23299634456635,36.3297147875144,0.481936611886619,59.346,0.0,1.0,0.0,0.4054651081081644,0.8458682675776092,4.279278428025825,2.4096441652874536,3.9193957597575593,0.23901690047049992,0.4824261492442927,8.017821058621013,8.633727602573492,0.0,4.403054001865957,4.267200205451923
KHM,2019,0.067,0.895,-1.32349991798401,-0.623299896717072,-0.0754886493086815,-0.609220564365387,-1.2200665473938,36.5422035500825,0.481777382470174,49.336,0.0,1.0,0.0,0.4054651081081644,0.8458682675776092,4.324163564765584,2.5726122302071057,4.107918682249219,0.23901690047049992,0.5481214085096876,8.197144388847345,8.72501912802257,0.0,4.442651256490317,4.279278428025825
KHM,2020,0.065,0.895,-1.27204155921936,-0.450370341539383,-0.209065958857536,-0.6611088514328,-1.35713589191437,36.581355687201,0.482008048986107,49.442,0.0,1.0,1.0,0.5068176023684519,0.8458682675776092,4.362570042933815,2.6232182655855123,4.120661870539474,0.5068176023684519,0.5653138090500605,8.195385542197029,8.690045691822002,0.0,4.470495282661489,4.324163564765584
KHM,2021,0.064,0.895,-1.19797551631927,-0.474705845117569,-0.131522253155708,-0.686099588871002,-1.43381345272064,36.5791970334539,0.488526510657537,58.829,0.0,1.0,0.0,0.5364933705145685,0.8458682675776092,4.380006397792665,2.671386216730619,4.1766309049093255,0.4824261492442927,0.5822156198526637,8.237479553163864,8.736574900626277,0.0,4.42484663185681,4.362570042933815
KHM,2022,0.062,0.895,-1.24161159992218,-0.351413905620575,-0.0980230420827866,-0.709801018238068,-1.30993676185608,36.8745660569233,0.480517970603396,64.789,0.0,1.0,0.0,0.9001613499442714,0.8458682675776092,4.364445809051647,2.800325477211381,4.202077262024983,0.49469624183610705,0.6418538861723948,8.250010496937552,8.842144497604924,0.0,4.535820107853298,4.380006397792665
KWT,2003,0.274,0.503,0.76597386598587,0.0714321210980415,0.294286906719208,0.37794953584671,-0.39665812253952,50.2763152978271,0.387221180573692,0.0,0.0,0.0,0.0,0.0,0.0,4.66652234680421,3.708682081410116,5.631616717744894,2.224623551524334,2.9887076586170265,11.789157313090788,11.1527212162163,0.0,4.61512051684126,4.561757990714264
KWT,2004,0.274,0.517,0.770029485225677,0.0861663743853569,0.345240026712418,0.557990670204163,-0.303084462881088,50.320729491821,0.387168431254238,0.0,0.0,0.0,0.0,0.0,0.0,4.7112237537132025,3.7438410121879104,5.739455234593797,2.224623551524334,3.0022112396517002,11.875124295118678,11.254512661099513,0.0,4.61512051684126,4.66652234680421
KWT,2005,0.295,0.517,0.500354409217834,0.1588224619627,0.253690272569656,0.470535069704056,-0.483525156974792,49.201098190848,0.387013084764283,0.0,0.0,0.0,0.0,0.0,0.0,4.811658387518745,3.8006444174447567,5.835865735911118,2.224623551524334,3.022860940942244,11.935658435013908,11.35004199558889,0.0,4.61512051684126,4.7112237537132025
KWT,2006,0.294,0.517,0.426627278327942,0.267627269029617,0.412733107805252,0.294112592935562,-0.581767320632935,49.23043393186,0.387809573407023,0.0,0.0,0.0,0.0,0.0,0.0,4.83980024825665,3.883623530906448,5.797979914382731,2.224623551524334,3.0506938316279655,11.84203640935491,11.397247737440557,0.0,4.61512051684126,4.811658387518745
KWT,2007,0.292,0.517,0.364861726760864,0.0755886510014534,0.62064391374588,0.257980853319168,-0.545192837715149,49.4525447129515,0.386697607429076,0.0,0.0,0.0,0.0,0.0,0.0,4.808689879304653,3.907010463604602,5.770393845954702,2.224623551524334,3.017493765335504,11.755592930233858,11.423393507270166,0.0,4.61512051684126,4.83980024825665
KWT,2008,0.293,0.517,0.412061005830765,-0.0328413285315037,0.501767992973328,0.174718603491783,-0.54338139295578,49.8286399201317,0.384671440734149,0.0,0.0,0.0,0.0,0.0,0.0,4.8471954667782144,3.965563772356176,5.847322777276186,2.224623551524334,3.021400020302569,11.777093931654864,11.411317419894116,0.0,4.61512051684126,4.808689879304653
KWT,2009,0.293,0.517,0.304186642169952,0.179979756474495,0.353407442569733,0.15273329615593,-0.48464497923851,49.8737123144436,0.377847902704227,0.0,0.0,0.0,1.0,0.0,0.0,4.833683319683308,3.9930498440705193,5.861244807758704,2.2512917986064953,2.997730276216664,11.738149977581797,11.291169323347898,0.0,4.61512051684126,4.8471954667782144
KWT,2010,0.291,0.523,0.298077821731567,0.145233184099197,0.451988816261292,0.158382713794708,-0.524435043334961,50.5052806321631,0.370607065240307,0.0,0.0,0.0,0.0,0.0,0.0,4.850825508365572,4.060960118202517,6.0063999565362955,2.2512917986064953,3.0145540277945786,11.832139474276772,11.22770817368121,0.0,4.61512051684126,4.833683319683308
KWT,2011,0.292,0.523,0.078883208334446,0.00304531049914658,0.311102718114853,0.0798686146736145,-0.558573603630066,49.7908784723162,0.36718512389764,0.0,0.0,0.0,1.0,0.0,0.0,4.917217299584746,4.0683427596831,6.018376646034813,2.2512917986064953,2.9621754900251482,11.781771202315122,11.277681317658365,0.0,4.61512051684126,4.850825508365572
KWT,2012,0.288,0.523,-0.197435706853867,-0.0892168805003166,0.203606218099594,-0.0403301902115345,-0.642977952957153,49.118950186554,0.368498765309245,0.0,0.0,1.0,1.0,0.0,0.0,4.9411083486382585,4.129067998280486,6.049261645834199,2.2512917986064953,2.961140828784372,11.749582977974622,11.31558033087689,0.0,4.61512051684126,4.917217299584746
KWT,2013,0.285,0.523,-0.195235952734947,-0.0887207984924316,0.166055589914322,-0.0739683508872986,-0.657721102237701,49.7076739668961,0.365480979411745,0.016,0.0,0.0,0.0,0.0,0.0,4.955115001755925,4.126973081713828,6.1083249350336,2.2512917986064953,2.91180703861623,11.758885481718185,11.249136189185808,0.0,4.61512051684126,4.9411083486382585
KWT,2014,0.287,0.523,-0.246359720826149,-0.162443950772285,0.149006545543671,-0.147546112537384,-0.657588303089142,50.1993254434601,0.363011666689505,0.015,0.0,0.0,0.0,0.0,0.0,4.945746459075381,4.191924890560965,6.082755296176225,2.2512917986064953,2.9322598505984176,11.68919567423712,11.132215394137797,0.0,4.61512051684126,4.955115001755925
KWT,2015,0.286,0.523,-0.255415141582489,-0.0792806819081306,-0.219549298286438,-0.194866508245468,-0.663628280162811,49.8290621965659,0.364457578675469,0.015,0.0,0.0,1.0,0.0,0.0,4.976445768210464,4.238444906195857,6.152026062119373,2.2512917986064953,2.934388643312939,11.713629179887231,10.720362475798781,0.0,4.61512051684126,4.945746459075381
KWT,2016,0.288,0.523,-0.298417150974274,-0.204460740089417,-0.0565007105469704,-0.0882105231285095,-0.628724813461304,49.8790354438169,0.364080208454773,0.029,0.0,1.0,0.0,0.0,0.0,5.011792621026614,4.264087336809195,6.146232893282958,2.2512917986064953,2.9183111265854063,11.664564559119347,10.642161815522906,0.0,4.61512051684126,4.976445768210464
KWT,2017,0.296,0.501,-0.360093921422958,-0.215939998626709,-0.0512290969491005,-0.0786548778414726,-0.606973350048065,49.4080695399423,0.363982442671131,0.058,0.0,0.0,0.0,0.0,0.0,4.9961199536962635,4.246922577489038,6.148449064963502,2.2512917986064953,2.866761892257031,11.629837356846584,10.748637750141205,0.0,4.61512051684126,5.011792621026614
KWT,2018,0.293,0.501,-0.31661069393158,-0.121419370174408,0.0906421020627022,0.0114181833341718,-0.604618906974792,49.7919739984422,0.363928532076481,0.121,0.0,1.0,0.0,0.0,0.0,5.0204993543714584,4.319219946381069,6.18080723133282,2.2512917986064953,2.8986705607108596,11.62246125203853,10.846843340228409,0.0,4.61512051684126,4.9961199536962635
KWT,2019,0.296,0.461,-0.159423857927322,-0.017414465546608,0.175173386931419,0.0501894392073154,-0.655092835426331,50.629065155513,0.362667605007166,0.133,0.0,1.0,0.0,0.0,0.0,5.010298192630341,4.331259517620229,6.095500185503393,2.2512917986064953,2.884241897520628,11.509859600005505,10.833760084580002,0.0,4.61512051684126,5.0204993543714584
KWT,2020,0.289,0.466,-0.0912377908825874,-0.195234432816505,0.225232258439064,0.273751527070999,-0.678229033946991,52.2549770517777,0.36631503152348,0.121,0.0,1.0,0.0,0.0,0.0,4.978020238072607,4.325985243790257,6.041870072545265,2.2512917986064953,2.8881470628740535,11.465617880236575,10.632550075204056,0.0,4.61512051684126,5.010298192630341
KWT,2021,0.281,0.466,-0.0562149584293365,-0.073397770524025,0.263065904378891,0.160742253065109,-0.704657375812531,52.7589513105837,0.364224852539487,0.26,0.0,1.0,1.0,0.0,0.0,5.033873056421241,4.404277243608702,6.153019887502857,2.2512917986064953,2.9719517448885875,11.586012325967355,10.832752899555702,0.0,4.61512051684126,4.978020238072607
KWT,2022,0.289,0.314,0.127275705337524,0.1114886328578,0.291892021894455,0.21008063852787,-0.684839248657227,53.5626346251325,0.362044609033254,2.228,0.0,1.0,0.0,0.0,0.0,5.079892188454048,4.4577137165202165,6.151968573050264,2.2512917986064953,2.9745086371023644,11.533828741232009,10.915888185508361,0.0,4.61512051684126,5.033873056421241
LBN,2003,0.209,0.796,-0.612619996070862,-0.14708548784256,-0.459642589092255,-0.148626938462257,-0.491062015295029,41.8786177732885,0.434874981867128,10.441,0.0,0.0,0.0,0.0,0.2468600779315258,2.8848563741398814,2.6340447877917144,4.152298955482657,1.0116009116784799,1.3506671834767394,9.534545604184235,9.09554468241236,0.0,4.607168188650764,2.870661678738497
LBN,2004,0.211,0.796,-0.5928635597229,-0.167148128151894,-0.713360965251923,-0.0960905030369759,-0.413962543010712,42.1126033543197,0.433181320315769,9.703,0.0,0.0,0.0,0.0,0.2468600779315258,2.907607742072651,2.5384474167160302,4.16363738871805,1.0116009116784799,1.264126727145683,9.529884126984584,9.170560836649846,0.0,4.6141299273595635,2.8848563741398814
LBN,2005,0.233,0.737,-0.532331883907318,-0.118025802075863,-0.999740839004517,-0.180461525917053,-0.281063884496689,42.1530929847196,0.433398074715949,8.866,0.0,0.0,0.0,0.0,0.2468600779315258,2.908114402005385,2.579458966729223,4.120255944006602,1.0116009116784799,1.2837077723447896,9.470325192426111,9.212437586687647,0.0,4.607168188650764,2.907607742072651
LBN,2006,0.259,0.737,-0.999498069286346,-0.162207126617432,-1.8038626909256,-0.274100661277771,-0.387200713157654,40.1055128483331,0.435314042550348,6.09,0.0,0.0,0.0,0.0,0.2468600779315258,2.8889720818335918,2.5847519847577165,4.055187847020907,1.0116009116784799,1.275362800412609,9.38716417712404,9.241194774492792,0.0,4.609162207257629,2.908114402005385
LBN,2007,0.261,0.737,-0.939466238021851,-0.228115558624268,-2.11909532546997,-0.343958228826523,-0.467368990182877,40.7345033754858,0.430068758643739,5.487,0.0,0.0,0.0,0.0,0.2468600779315258,2.8231392437447034,2.5289235352047745,3.936618052283526,1.0116009116784799,1.2178757094949273,9.247003008346866,9.337559896975835,0.0,4.593097604753822,2.8889720818335918
LBN,2008,0.264,0.737,-0.858251392841339,-0.323701977729797,-1.87660884857178,-0.338716268539429,-0.422118216753006,41.4067584084753,0.424553134713286,2.972,0.0,0.0,0.0,0.0,0.2468600779315258,3.0102104800539036,2.6397713603489157,4.198554416122531,1.0116009116784799,1.2919836816486494,9.496860594741937,9.426816948837747,0.0,4.6141299273595635,2.8231392437447034
LBN,2009,0.275,0.737,-0.871679723262787,-0.392095685005188,-1.5616968870163,-0.101630218327045,-0.355243325233459,42.2563561332125,0.416679767836373,4.777,0.0,0.0,0.0,0.0,0.2468600779315258,3.1663119510778284,2.7166795278002644,4.404595041516354,1.0116009116784799,1.3428648031925547,9.69221667872677,9.516879366085757,0.0,4.60816569496789,3.0102104800539036
LBN,2010,0.278,0.737,-0.915250718593597,-0.143460005521774,-1.62501502037048,0.0223116930574179,-0.331291496753693,43.0268740056702,0.407485813279005,5.283,0.0,0.0,0.0,0.0,0.2468600779315258,3.128528498130914,2.8881470628740535,4.364956769978287,1.0116009116784799,1.4724720573609429,9.642314068807757,9.595916690938912,0.0,4.61015772749913,3.1663119510778284
LBN,2011,0.287,0.737,-0.900145947933197,-0.142604574561119,-1.55828750133514,-0.120911702513695,-0.390134036540985,43.4639609519197,0.405270172765087,4.908,0.0,0.0,0.0,0.0,0.2468600779315258,3.1530475807893743,2.8981194446869907,4.375807334859965,1.0116009116784799,1.4724720573609429,9.642516022763266,9.614174379829485,0.0,4.612145799724517,3.128528498130914
LBN,2012,0.289,0.734,-0.8656907081604,-0.24008908867836,-1.66481232643127,-0.137205541133881,-0.385833382606506,43.8741021911118,0.403011471924529,6.075,0.0,0.0,0.0,0.0,0.2468600779315258,3.265252418625848,2.8780742300857587,4.485552969249547,1.0818051703517284,1.43746264769429,9.72652743749306,9.687960871489533,0.0,4.61015772749913,3.1530475807893743
LBN,2013,0.308,0.734,-0.924606800079346,-0.307863891124725,-1.69035339355469,-0.0807817652821541,-0.405027210712433,44.0172729018011,0.403739082269167,6.702,0.0,0.0,0.0,0.0,0.2468600779315258,3.2597999137586133,3.011605622710281,4.477075416680416,1.0818051703517284,1.4724720573609429,9.625404858271724,9.699939117704679,0.0,4.611152257665639,3.265252418625848
LBN,2014,0.309,0.734,-1.04265034198761,-0.256652057170868,-1.69794130325317,-0.295429080724716,-0.420372486114502,43.7518105907782,0.404157140287126,1.169,0.0,0.0,0.0,0.0,0.2468600779315258,3.33821497863768,2.9502117582521814,4.528364732747539,1.0818051703517284,1.3480731482996928,9.57734735608603,9.68910953373951,0.0,4.612145799724517,3.2597999137586133
LBN,2015,0.299,0.735,-0.901912569999695,-0.40157213807106,-1.69836449623108,-0.365562856197357,-0.462583661079407,43.8386203750337,0.408331011584624,2.682,0.0,0.0,1.0,0.0,0.2468600779315258,3.415074944614539,2.991222118076105,4.621338767149675,1.0818051703517284,1.366091653802371,9.651713597260292,9.743723547411765,0.0,4.612145799724517,3.33821497863768
LBN,2016,0.301,0.757,-0.990380108356476,-0.483212560415268,-1.61568403244019,-0.416773974895477,-0.519748091697693,43.3471215295436,0.408120920657789,2.215,0.0,0.0,0.0,0.0,0.2468600779315258,3.455419923555664,3.019448800171307,4.650898524693122,1.0818051703517284,1.4060969884160703,9.70491355746068,9.849115317811924,0.0,4.613138355637268,3.415074944614539
LBN,2017,0.302,0.745,-1.02818787097931,-0.460771948099136,-1.62222766876221,-0.378620535135269,-0.576072156429291,42.8380768406729,0.409978046811551,2.259,0.0,0.0,0.0,0.0,0.2468600779315258,3.5081038471562724,3.1258829580190364,4.715333151401669,1.0818051703517284,1.5129270120532565,9.796051328529954,9.950601309808654,0.0,4.6141299273595635,3.455419923555664
LBN,2018,0.29,0.759,-1.13296115398407,-0.67380428314209,-1.62160050868988,-0.454621404409409,-0.514117658138275,42.7023507117234,0.403219441270633,2.209,0.0,0.0,0.0,0.0,0.2468600779315258,3.4586008277417806,3.1041381473977774,4.654969364740575,1.0818051703517284,1.5173226235262947,9.764112317879901,9.998183383222313,0.0,4.612145799724517,3.5081038471562724
LBN,2019,0.277,0.769,-1.16905236244202,-0.809089601039886,-1.67235708236694,-0.532850027084351,-0.515947341918945,42.9819841945668,0.392589510766371,5.188,0.0,0.0,0.0,0.0,0.2468600779315258,3.453971839071485,3.121483478859551,4.664108681209338,1.0818051703517284,1.556037135706985,9.805519754390533,9.985595735265793,0.0,4.61512051684126,3.4586008277417806
LBN,2020,0.277,0.767,-1.17952060699463,-1.20542764663696,-1.62117540836334,-0.768814563751221,-0.556133270263672,42.3494612011355,0.400321787922568,6.74,0.0,0.0,0.0,0.0,0.2468600779315258,3.2849797498760864,2.9575110607337933,4.594968323503495,1.0818051703517284,1.4350845252893227,9.751740049431804,9.696506748165712,0.0,4.61512051684126,3.453971839071485
LBN,2021,0.27,0.776,-1.2485339641571,-1.31225943565369,-1.48200488090515,-0.905129551887512,-0.628039598464966,42.2554068250558,0.401558507213316,9.284,0.0,0.0,1.0,0.0,0.2468600779315258,3.0782686761414406,2.4965057856313524,4.442639491715229,1.0818051703517284,1.0818051703517284,9.594988910922805,9.358827229030204,0.0,4.61512051684126,3.2849797498760864
LBN,2022,0.255,0.775,-1.12730157375336,-1.45929002761841,-1.4225754737854,-1.13251137733459,-0.63062995672226,42.9927568843344,0.398234374426549,45.538,0.0,0.0,0.0,0.0,0.2468600779315258,2.738198214365619,1.6808279085207734,4.285680918887197,1.0818051703517284,0.5653138090500605,9.431415144843173,9.416853662327734,0.0,4.61512051684126,3.0782686761414406
LBY,2003,0.041,0.862,-0.886524617671967,-0.929536938667297,0.120704226195812,-1.51255631446838,-1.7566545009613,43.8318881412572,0.408037319132086,0.0,0.0,0.0,0.0,0.0,0.0,4.598244549678492,2.9932291433358724,5.389144786508527,0.8671004876833832,1.4747630091074988,10.566124983097,10.028520872979719,0.0,4.548599834499697,4.494402557159055
LBY,2004,0.041,0.862,-0.915932536125183,-0.865046739578247,0.355680614709854,-1.35911738872528,-1.79518795013428,43.8016097461458,0.407492296945363,0.0,0.0,0.0,0.0,0.0,0.0,4.584302283038056,3.054001181677967,5.413193960369137,0.8671004876833832,1.5085119938441398,10.569625598188528,10.078045767021237,0.0,4.530446639792155,4.598244549678492
LBY,2005,0.041,0.862,-0.966960072517395,-1.05196285247803,0.448557078838348,-1.48905444145203,-1.85839438438416,44.7557400732302,0.408274739066975,0.0,0.0,0.0,0.0,0.0,0.0,4.658504921703765,3.1514531485507664,5.44665547176088,0.8671004876833832,1.5727739280625088,10.582173445910856,10.200026484006575,0.0,4.511957804265912,4.584302283038056
LBY,2006,0.041,0.862,-1.08714544773102,-1.07976579666138,0.358128875494003,-1.46298718452454,-1.98288238048553,47.8621208659435,0.409427954641317,0.0,0.0,0.0,0.0,0.0,0.0,4.642462478659699,3.2495989975110415,5.360338659623754,0.8671004876833832,1.6370530794670737,10.474957572040696,10.2728646370017,0.0,4.493120682179469,4.658504921703765
LBY,2007,0.042,0.862,-1.0477808713913,-1.22670745849609,0.747057616710663,-1.1110463142395,-1.95115220546722,48.1006477729732,0.410441710283131,0.0,0.0,1.0,1.0,0.0,0.0,4.57734167564606,3.3032169733019514,5.353742612653447,0.8671004876833832,1.665818245870208,10.447780514720867,10.339479999563013,0.0,4.475061500641071,4.642462478659699
LBY,2008,0.041,0.862,-0.975061655044556,-1.13178610801697,0.808881163597107,-1.09222114086151,-1.94149112701416,48.5261570627177,0.410368970821058,0.0,0.0,0.0,0.0,0.0,0.0,4.620770187259611,3.3884498088396526,5.391042389530235,0.8671004876833832,1.7209792871670078,10.464009415575784,10.335701165881297,0.0,4.455509411433685,4.57734167564606
LBY,2009,0.041,0.862,-1.21037030220032,-1.08494341373444,0.831896722316742,-1.18580102920532,-1.91027736663818,47.8341409714048,0.407687398348414,0.0,0.0,0.0,0.0,0.0,0.0,4.617526199570109,3.4452142670789296,5.525401144961804,0.8671004876833832,1.752672080520008,10.578110208678325,10.276021217816782,0.0,4.436751534363128,4.620770187259611
LBY,2010,0.043,0.862,-1.26290345191956,-1.08740437030792,0.0280884467065334,-1.29825878143311,-1.94041454792023,48.7792401215534,0.409045741474971,0.031,0.0,0.0,0.0,0.0,0.0,4.673381199546202,3.5109482456212744,5.578260823001186,0.8671004876833832,1.791759469228055,10.61078541328622,10.31675851132947,0.0,4.417635062141249,4.617526199570109
LBY,2011,0.061,0.836,-1.23168122768402,-1.0535888671875,-1.28737926483154,-1.42794060707092,-1.59441232681274,48.6059284756435,0.414379669003671,0.038,0.0,0.0,0.0,0.0,0.0,4.152225051508384,3.2939832973550063,5.159107022014813,0.8671004876833832,1.6272778305624314,10.213750375019181,9.661355601440432,0.0,4.398146016553765,4.673381199546202
LBY,2012,0.207,0.768,-1.3150190114975,-1.26853775978088,-1.5869597196579,-1.62144076824188,-0.900741994380951,48.1014557975023,0.419625882820818,0.029,0.0,1.0,0.0,0.0,0.0,4.610611311701356,3.5650154668915506,5.377918438253225,0.8671004876833832,1.8809906029559977,10.459864071127466,10.19716684226423,0.0,4.378269585796169,4.152225051508384
LBY,2013,0.299,0.787,-1.44085371494293,-1.31830942630768,-1.84407651424408,-1.74517679214478,-0.971674501895905,42.065956567333,0.420602885742272,0.026,0.0,0.0,0.0,0.0,0.0,4.517801380364461,3.663305202994506,5.450424531248374,0.9082585601768908,1.9501867058225737,10.512616236604586,9.959489988073248,0.0,4.35799005684564,4.610611311701356
LBY,2014,0.173,0.804,-1.52144289016724,-1.51847803592682,-2.35340714454651,-2.09778738021851,-1.11215960979462,42.2480216809353,0.421639525080295,0.027,0.0,0.0,0.0,0.0,0.0,4.399374124292687,3.658935577740864,5.426882070569097,0.9082585601768908,1.9286186519452522,10.469710266588685,9.77055760807879,0.0,4.33729074083249,4.517801380364461
LBY,2015,0.17,0.779,-1.57850289344788,-1.49434292316437,-2.18965125083923,-2.24859666824341,-1.34006333351135,41.9458218602864,0.423752051475676,0.027,0.0,0.0,0.0,0.0,0.0,4.286599982649261,3.6509179478268177,5.199579318310033,0.9082585601768908,1.9080599249242156,10.225148498674166,9.792793759067255,0.0,4.314817884980432,4.399374124292687
LBY,2016,0.168,0.801,-1.57854330539703,-1.75351476669312,-2.27473783493042,-2.21544075012207,-1.42863059043884,42.1926509322337,0.425609834653533,0.032,0.0,0.0,0.0,0.0,0.0,4.2363252335926935,3.4904285153900982,5.178271773237395,0.9858167945227653,1.7578579175523736,10.188482981691694,9.738731871088751,0.0,4.293195420967266,4.286599982649261
LBY,2017,0.164,0.778,-1.55817329883575,-1.60553634166718,-2.35357618331909,-2.14780759811401,-1.44227361679077,42.4575618327783,0.42380222264703,0.03,0.0,0.0,0.0,0.0,0.0,4.419582581180038,3.5432754802551445,5.629066112342507,0.9858167945227653,1.7884205679625405,10.625370696898903,9.799626954960823,0.0,4.2710950739666,4.2363252335926935
LBY,2018,0.15,0.795,-1.53027164936066,-1.68525779247284,-2.43511581420898,-2.21521806716919,-1.53389286994934,42.7983074229959,0.420848999066736,0.029,0.0,0.0,0.0,0.0,0.0,4.494588308293326,3.573749146860305,5.57726263402618,0.9858167945227653,1.801709800081223,10.55714302522704,9.84587513077833,0.0,4.219507705176107,4.419582581180038
LBY,2019,0.147,0.808,-1.57489776611328,-1.77421140670776,-2.56589818000793,-2.30232048034668,-1.47687232494354,42.944395805253,0.417916398847252,0.029,0.0,0.0,0.0,0.0,0.0,4.528697036164955,3.594843462187342,5.419335164714349,1.0438040521731147,1.8066480817218056,10.383788977014767,9.692464513035075,0.0,4.241326752570746,4.494588308293326
LBY,2020,0.144,0.808,-1.58354818820953,-1.85938096046448,-2.46235728263855,-2.22100520133972,-1.36199402809143,43.0200916472301,0.416571853811644,0.034,0.0,0.0,0.0,0.0,0.0,4.1812564961273715,3.458207636378935,5.194272651511434,1.0438040521731147,1.6808279085207734,10.1441304531862,9.301624188234559,0.0,4.254193263163997,4.528697036164955
LBY,2021,0.125,0.832,-1.58497965335846,-1.74811494350433,-2.30847406387329,-1.9674654006958,-1.45471775531769,42.9878410133371,0.417314585463507,0.029,0.0,0.0,0.0,0.0,0.0,4.539195508231991,3.59922823216129,5.329980748723298,1.199964782928397,1.790091412127358,10.267878342626474,9.444820205855361,0.0,4.26549281841793,4.1812564961273715
LBY,2022,0.108,0.784,-1.52629828453064,-1.75577163696289,-2.19370174407959,-2.08934807777405,-1.38129329681396,43.1743835785008,0.41726137344243,0.028,0.0,0.0,0.0,0.0,0.0,4.510251712975397,3.606312730456974,5.395049262507558,1.199964782928397,1.7850704810772584,10.320905407765407,9.414699775094734,0.0,4.2626798770413155,4.539195508231991
LSO,2003,0.452,0.566,-0.17002260684967,0.0484472848474979,0.0996745452284813,-0.567470014095306,-0.000992403482086957,39.5089527227737,0.488976531523837,100.0,0.0,0.0,0.0,0.0,0.06765864847381481,2.4087188581875028,0.2776317365982795,1.0905801169708456,0.0,0.14842000511827327,6.90440968873104,7.303234590899909,0.0,1.8562979903656263,2.405462660881536
LSO,2004,0.452,0.566,-0.106747023761272,-0.511713027954102,0.358144611120224,-0.59398877620697,-0.152925461530685,39.8638480396065,0.487273435379408,100.0,0.0,0.0,0.0,0.0,0.06765864847381481,2.408117495991686,0.2776317365982795,1.1154694057345327,0.0,0.14842000511827327,6.948229052880628,7.353561482303732,0.0,2.0541237336955462,2.4087188581875028
LSO,2005,0.454,0.566,0.0550843179225922,-0.171274870634079,-0.0028113410808146,-0.633165061473846,-0.209769800305367,39.7691551874859,0.492428602461518,100.0,0.0,0.0,0.0,0.0,0.06765864847381481,2.4733508919710454,0.37156355643248307,1.1653359207110179,0.0,0.20701416938432615,7.03084156087011,7.427663713334644,0.0,2.3608540011180215,2.408117495991686
LSO,2006,0.455,0.566,0.0105840899050236,-0.529533982276917,-0.124705359339714,-0.667670607566833,0.181888371706009,38.9362603896325,0.48750848726796,100.0,0.0,0.0,0.0,0.0,0.06765864847381481,2.443119556634572,0.4382549309311553,1.1896710196150764,0.0,0.2468600779315258,7.069970212277749,7.503534588120667,0.0,2.3702437414678603,2.4733508919710454
LSO,2007,0.422,0.566,-0.0582023896276951,-0.465739756822586,-0.391314208507538,-0.716383755207062,0.0134804463014007,38.9516238622633,0.484862520073065,100.0,0.0,0.0,0.0,0.0,0.06765864847381481,2.4361023656472307,0.46373401623214017,1.3663467233101945,0.0,0.26236426446749106,7.310775400545215,7.567049180283718,0.0,2.7013612129514133,2.443119556634572
LSO,2008,0.421,0.566,0.0618668384850025,-0.463723570108414,-0.20475609600544,-0.670076966285706,-0.066223256289959,39.0911303955792,0.49201564060895,100.0,0.0,1.0,0.0,0.0,0.06765864847381481,2.393462609652957,0.48858001481867097,1.252477213385551,0.0,0.2776317365982795,7.148224667388212,7.633090381327662,0.0,2.833213344056216,2.4361023656472307
LSO,2009,0.42,0.566,0.171797960996628,-0.396679133176804,0.3261559009552,-0.649876177310944,-0.0834323316812515,39.2611828560674,0.496796169245061,100.0,0.0,0.0,0.0,0.0,0.06765864847381481,2.3843037632278996,0.5709795465857378,1.363793095773377,0.0,0.3293037471426004,7.293351637608098,7.619362561385758,0.0,2.8903717578961645,2.393462609652957
LSO,2010,0.433,0.566,0.184215262532234,-0.396515280008316,0.456775397062302,-0.630146682262421,-0.101529344916344,39.6448760101586,0.484480700311462,100.0,0.0,0.0,0.0,0.0,0.06765864847381481,2.42452984546475,0.636576829071551,1.4131796899012727,0.0,0.37156355643248307,7.351529146078222,7.675042526811816,0.0,2.8903717578961645,2.3843037632278996
LSO,2011,0.439,0.566,0.156146213412285,-0.37685090303421,0.383940756320953,-0.638167917728424,-0.0892456248402596,39.4127533765397,0.48937044261294,100.0,0.0,0.0,0.0,0.0,0.06765864847381481,2.427768930881328,0.5364933705145685,1.394510515891231,0.0,0.30010459245033805,7.317787276292132,7.731712026067276,0.0,3.157000421150113,2.42452984546475
LSO,2012,0.455,0.552,0.126534461975098,-0.426588296890259,0.274199098348618,-0.540954291820526,0.0723328962922096,39.4312948409931,0.486200396869604,100.0,0.0,1.0,0.0,0.0,0.06765864847381481,2.4333324561151586,0.5766133643039938,1.454653698633234,0.0,0.32208349916911333,7.38703450654974,7.737396307994777,0.0,3.0726933146901194,2.427768930881328
LSO,2013,0.479,0.473,0.279383391141891,-0.457246333360672,0.338074296712875,-0.375771909952164,0.120252631604671,40.8655154633478,0.485745268353549,100.0,0.0,1.0,0.0,0.0,0.06765864847381481,2.424828992286901,0.5822156198526637,1.461401833606696,0.0,0.32208349916911333,7.3850088140349435,7.839629201015213,0.0,3.32862668882732,2.4333324561151586
LSO,2014,0.482,0.473,0.199570894241333,-0.595968306064606,-0.332812041044235,-0.444160997867584,0.161943823099136,41.8125005217517,0.480373263671615,100.0,0.0,1.0,0.0,0.0,0.06765864847381481,2.425518264222461,0.5822156198526637,1.4850078340559234,0.0,0.32208349916911333,7.404019193815585,7.927412728941834,0.0,3.3603753871419,2.424828992286901
LSO,2015,0.449,0.555,0.0233269054442644,-0.757916867733002,-0.3187076151371,-0.462051779031754,0.114712432026863,41.2983105332864,0.474910779438472,100.0,0.0,0.0,1.0,0.0,0.06765864847381481,2.4225487884335393,0.5822156198526637,1.463255402256019,0.0,0.32208349916911333,7.36412260501742,8.018179837038826,0.0,3.4904285153900982,2.425518264222461
LSO,2016,0.429,0.528,-0.0524278804659843,-0.878702759742737,-0.244855865836143,-0.459403544664383,-0.0130647458136082,41.5668973733216,0.474645372301405,100.0,0.0,1.0,0.0,0.0,0.06765864847381481,2.4257749665719945,0.636576829071551,1.5477752520419934,0.0,0.35065687161316933,7.460517348037369,7.987246430544199,0.0,3.586292865338835,2.4225487884335393
LSO,2017,0.375,0.486,-0.059058353304863,-0.924170434474945,-0.194124817848206,-0.384048193693161,-0.00500225648283958,41.4667123294405,0.475680680553957,100.0,0.0,1.0,0.0,0.0,0.06765864847381481,2.444203095485214,0.6575200029167942,1.604224345381213,0.0,0.3576744442718159,7.5193474422379145,7.870860207974304,0.0,3.5467396869528134,2.4257749665719945
LSO,2018,0.447,0.505,-0.137125387787819,-0.922583103179932,-0.188606411218643,-0.55536687374115,0.0129481637850404,41.1344419417584,0.474361089277746,100.0,0.0,1.0,0.0,0.0,0.06765864847381481,2.4353441663936755,0.6471032420585385,1.5826831751252808,0.0,0.35065687161316933,7.480056550574475,7.875988440357464,0.0,3.8712010109078907,2.444203095485214
LSO,2019,0.494,0.461,-0.122618347406387,-0.902533769607544,-0.427980333566666,-0.607284188270569,-0.0104164779186249,41.0952403771658,0.473026091954027,100.0,0.0,1.0,0.0,0.0,0.06765864847381481,2.4249751382294655,0.6575200029167942,1.6142264291658976,0.0,0.35065687161316933,7.507746607506374,7.851404780674912,0.0,3.8199077165203406,2.4353441663936755
LSO,2020,0.509,0.477,-0.141021639108658,-0.978631913661957,-0.25351294875145,-0.669014096260071,-0.00174420117400587,41.2262066959104,0.472261194811491,100.0,0.0,0.0,0.0,0.0,0.06765864847381481,2.3947033355906897,0.6259384308664953,1.52757688595378,0.0,0.3293037471426004,7.38659413738816,7.847800724548558,0.0,3.8815637979434374,2.4249751382294655
LSO,2021,0.497,0.524,-0.345277398824692,-0.947156667709351,-0.213224932551384,-0.757836818695068,-0.0148858837783337,40.5040513915814,0.471371850671073,100.0,0.0,1.0,0.0,0.0,0.06765864847381481,2.4079698575354946,0.6729444732424258,1.6036210271125355,0.0,0.35065687161316933,7.471309017288753,7.842193345582756,0.0,3.9396381724611196,2.3947033355906897
LSO,2022,0.514,0.517,-0.368640840053558,-0.887993335723877,-0.292736917734146,-0.615311503410339,0.0501875132322311,40.3393055942773,0.473168268221851,100.0,0.0,0.0,0.0,0.0,0.06765864847381481,2.4337443347120047,0.6471032420585385,1.7613002617433464,0.0,0.33647223662121295,7.6541967505998,7.923822945304723,0.0,3.9318256327243257,2.4079698575354946
LTU,2003,0.753,0.203,0.353011250495911,0.729680180549622,1.05018544197083,1.03829526901245,0.920530557632446,52.4362366595608,0.381913582223269,1.753,0.0,0.0,0.0,0.0,0.10436001532424277,2.7817263937945524,2.5087859235779435,4.636959508477498,1.2809338454620645,1.4609379041156565,10.306759190079013,9.399882189447466,0.0,4.609162207257629,2.734888064736697
LTU,2004,0.761,0.194,0.369521200656891,0.691371083259583,0.766004860401154,1.05815160274506,0.88249409198761,52.7981112989883,0.381124191177555,2.293,0.0,0.0,0.0,0.0,0.10436001532424277,2.8598941120344255,2.5305171610400525,4.647913533526924,1.3428648031925547,1.4861396960896067,10.329170267184152,9.480248232327552,0.0,4.609162207257629,2.7817263937945524
LTU,2005,0.76,0.152,0.311570793390274,0.755011320114136,0.779100298881531,0.936665177345276,0.902132928371429,53.7208802729004,0.382420394803656,3.19,0.0,0.0,0.0,0.0,0.11332868530700317,2.9586060505709484,2.5217206229107165,4.557428472002631,1.6409365794934714,1.4929040961781488,10.25403026270355,9.582991839468193,0.2191085761020307,4.609162207257629,2.8598941120344255
LTU,2006,0.759,0.152,0.155884757637978,0.716516494750977,0.870995998382568,0.973231792449951,0.861287593841553,55.0686592817335,0.383050637106716,3.563,0.0,0.0,0.0,0.0,0.11332868530700317,2.996588011144316,2.5368663887187113,4.507612482393286,1.6845453849209058,1.5173226235262947,10.219585091831728,9.707957818683273,0.2191085761020307,4.609162207257629,2.9586060505709484
LTU,2007,0.76,0.148,0.10320233553648,0.655761361122131,0.817851543426514,1.01003611087799,0.886551916599274,55.4508062673725,0.380884326610113,4.309,0.0,0.0,0.0,0.0,0.11332868530700317,3.015911393776196,2.5718485799218085,4.606089763047475,1.763017000362401,1.556037135706985,10.330923915159877,9.858227920972855,0.2191085761020307,4.609162207257629,2.996588011144316
LTU,2008,0.765,0.145,0.112552218139172,0.561739921569824,0.746765077114105,1.04217767715454,0.849656224250793,55.9605715823357,0.378097465478987,4.501,0.0,0.0,0.0,0.0,0.11332868530700317,3.0107908929235863,2.5930133911138515,4.5933607280285935,1.9572739077056285,1.5830939370944985,10.328305644382297,9.939660741007897,0.2191085761020307,4.609162207257629,3.015911393776196
LTU,2009,0.787,0.145,0.226648017764091,0.689942300319672,0.631581246852875,0.951837956905365,0.902184903621674,56.6111359841371,0.375064235966854,4.645,0.0,1.0,1.0,0.0,0.11332868530700317,2.797243514742787,2.542389085201363,4.511156165805835,2.066862759472976,1.547562508716013,10.256300232526478,9.80745219456416,0.2191085761020307,4.61015772749913,3.0107908929235863
LTU,2010,0.791,0.145,0.37242180109024,0.738227605819702,0.715260624885559,0.960122764110565,0.915654838085175,56.8476303183987,0.378214843895439,18.2,0.0,1.0,1.0,0.0,0.11332868530700317,2.6438990956927624,2.4840729690394228,4.207643485181448,2.9444389791664403,1.515127232962859,9.969787287450803,9.894898203677963,0.2191085761020307,4.612145799724517,2.797243514742787
LTU,2011,0.789,0.145,0.319815337657928,0.698798894882202,0.671200335025787,0.926461577415466,0.860525906085968,56.651937796166,0.378919657220205,26.118,0.0,1.0,1.0,0.0,0.11332868530700317,2.7077222844066067,2.4840729690394228,4.244157275233275,2.4898941912990393,1.5325568680981427,10.029389099273535,10.030232734845827,0.2191085761020307,4.612145799724517,2.6438990956927624
LTU,2012,0.784,0.148,0.386670023202896,0.826729953289032,0.786209881305695,1.117751121521,0.92950963973999,57.1684663906218,0.377919787176456,26.222,0.0,1.0,1.0,0.0,0.11332868530700317,2.767071779956605,2.4948569806411682,4.243224231793423,2.377692565480851,1.551808799597464,10.04183536506605,10.10919593899074,0.2324956568844901,4.61512051684126,2.7077222844066067
LTU,2013,0.773,0.156,0.418842434883118,0.8258997797966,0.964532315731049,1.14700925350189,0.940006256103516,57.6444712294698,0.375117204741469,36.516,0.0,0.0,0.0,0.0,0.11332868530700317,2.7144098055499573,2.4965057856313524,4.165362049457381,2.4423470353692043,1.5623463049002497,9.972875685896812,10.187326307554237,0.2324956568844901,4.61512051684126,2.767071779956605
LTU,2014,0.774,0.155,0.553396463394165,0.977036237716675,0.742136418819427,1.18876838684082,0.961604714393616,59.3802988969953,0.371290479006167,40.921,0.0,1.0,0.0,0.0,0.11332868530700317,2.7749582697669455,2.510411940196362,4.130435382366454,2.537657215173529,1.5810384379124023,9.945941111331225,10.240202345898279,0.2324956568844901,4.61512051684126,2.7144098055499573
LTU,2015,0.781,0.148,0.582566559314728,1.15046727657318,0.749750256538391,1.26380932331085,0.973996102809906,59.0112655708378,0.369055123482001,39.716,0.0,1.0,0.0,0.0,0.11332868530700317,2.880882865804624,2.5209170873110334,4.17610886402474,2.6727683869575705,1.597365331199831,10.001737905791263,10.270038492845764,0.2324956568844901,4.61512051684126,2.7749582697669455
LTU,2016,0.772,0.135,0.676383554935455,1.03285944461823,0.8147212266922,1.12458479404449,1.00021350383759,58.8257821537621,0.366057686550652,57.851,0.0,1.0,0.0,0.0,0.11332868530700317,2.9164030787764386,2.5572273113676265,4.20059468206476,2.7650604558189897,1.6389967146756448,10.039298002385665,10.334414825669294,0.2324956568844901,4.61512051684126,2.880882865804624
LTU,2017,0.749,0.127,0.518651902675629,0.929402828216553,0.765565991401672,1.14623475074768,0.986630260944366,58.1209393919113,0.367645860634219,71.067,0.0,1.0,0.0,0.0,0.11332868530700317,2.9733364301071568,2.5832425505088623,4.25063580654847,2.5710843460290524,1.6733512381777533,10.10404232764341,10.422059756138658,0.2324956568844901,4.61512051684126,2.9164030787764386
LTU,2018,0.75,0.157,0.466041952371597,1.0314474105835,0.729236841201782,1.09371483325958,0.901560366153717,58.1942062700084,0.371307950667351,75.342,0.0,1.0,0.0,0.0,0.11332868530700317,3.004987645885555,2.6063865473257097,4.276235470744843,2.664446563620078,1.7011051009599243,10.139537694322197,10.504874055713211,0.2324956568844901,4.61512051684126,2.9733364301071568
LTU,2019,0.757,0.124,0.666305541992188,1.00766611099243,0.770623564720154,1.14662408828735,0.994787633419037,59.0357002957043,0.370669522797368,73.952,0.0,1.0,0.0,0.0,0.11332868530700317,2.9990001286591714,2.615934912194404,4.271053173647453,2.4406063908914204,1.7119945007591926,10.136931789163798,10.610656726056858,0.2324956568844901,4.61512051684126,3.004987645885555
LTU,2020,0.75,0.115,0.778560698032379,1.0149097442627,0.92147696018219,1.08017456531525,1.00418090820312,59.5875332763545,0.369678958836297,54.681,0.0,1.0,0.0,0.0,0.11332868530700317,2.986544561882083,2.6108048166633746,4.266812172406666,2.3174737054877963,1.706564623164823,10.13238225423541,10.627739128985658,0.2324956568844901,4.61512051684126,2.9990001286591714
LTU,2021,0.739,0.111,0.824572265148163,1.01744949817657,0.809846818447113,1.2701860666275,1.03033602237701,59.9651009427467,0.365135568681147,60.93,0.0,1.0,0.0,0.0,0.11332868530700317,2.965495421552449,2.663052835171474,4.264776269623318,2.4595888418037104,1.752672080520008,10.130774069902436,10.733665281738636,0.2324956568844901,4.61512051684126,2.986544561882083
LTU,2022,0.741,0.103,0.746974110603333,0.993961572647095,0.653032541275024,1.29888129234314,1.06778585910797,60.0850471601756,0.359920453785628,74.752,0.0,1.0,0.0,0.0,0.11332868530700317,2.833915868965794,2.6108048166633746,4.190654242359509,2.611539300721366,1.7011051009599243,10.047551359045864,10.829716385413114,0.0,4.61512051684126,2.965495421552449
LUX,2003,0.792,0.055,1.64305710792542,1.85602164268494,1.44070816040039,1.78860485553741,1.53309559822083,59.890248905247,0.312894136015528,5.018,0.0,0.0,0.0,0.0,0.0295588022415444,2.470774956342525,2.0215475632609334,3.843829814111759,0.0,2.740840023925201,11.524364864827472,11.005441764033902,0.0,4.61512051684126,2.4335138814958923
LUX,2004,0.792,0.055,1.82256400585175,1.87731623649597,1.31543505191803,1.78424465656281,1.66827726364136,61.3653379616322,0.309593506800357,5.638,0.0,0.0,0.0,0.0,0.0295588022415444,2.581399895728296,2.046401687601636,3.966132331075178,0.0,2.75429745226753,11.634984208966138,11.077445897103187,0.0,4.61512051684126,2.470774956342525
LUX,2005,0.791,0.055,1.64741575717926,1.77208602428436,1.33164858818054,1.63860869407654,1.58191788196564,61.9713687486556,0.308840318140307,6.269,0.0,0.0,0.0,0.0,0.0295588022415444,2.6020341981623423,2.0294631718735947,3.980671817733525,0.0,2.7212954278522306,11.634510357733754,11.138797015877715,0.2191085761020307,4.61512051684126,2.581399895728296
LUX,2006,0.791,0.055,1.87307953834534,1.56682622432709,1.3998988866806,1.67486965656281,1.54720115661621,66.5382546544777,0.308488461416727,7.062,0.0,1.0,0.0,0.0,0.0295588022415444,2.5936080053167245,2.0918640616783932,3.963229296030977,0.0,2.7738379416402132,11.600739079248124,11.275670660551288,0.2191085761020307,4.61512051684126,2.6020341981623423
LUX,2007,0.791,0.055,1.96152448654175,1.5860413312912,1.48371803760529,1.73761868476868,1.53769946098328,63.445362144812,0.30912994802136,8.15,0.0,0.0,0.0,0.0,0.0295588022415444,2.5562754946821027,2.0980179272527715,3.934293174073874,0.0,2.7656899805486246,11.555689997141947,11.351936996859447,0.2191085761020307,4.61512051684126,2.5936080053167245
LUX,2008,0.791,0.055,1.9571373462677,1.61668634414673,1.51193952560425,1.65803468227386,1.54557907581329,65.4358303100247,0.308496864199382,10.294,0.0,0.0,0.0,0.0,0.0295588022415444,2.5459468912821395,2.0881534822818573,3.927128343203749,0.0,2.738256043159276,11.53039464640778,11.418303981138543,0.2191085761020307,4.61512051684126,2.5562754946821027
LUX,2009,0.794,0.055,1.96353781223297,1.74351441860199,1.45038175582886,1.64333391189575,1.55508053302765,66.1062169614345,0.309244897945237,8.571,0.0,0.0,1.0,0.0,0.0295588022415444,2.496972505429963,2.0241930674493576,3.8834794876109,0.0,2.6525374911719513,11.46721221524076,11.372217021586778,0.2191085761020307,4.61512051684126,2.5459468912821395
LUX,2010,0.796,0.028,2.03858494758606,1.71641802787781,1.46121859550476,1.67390942573547,1.57483577728271,67.6752755829204,0.307441884713422,8.333,0.0,1.0,1.0,0.0,0.0295588022415444,2.5637163666908864,2.1162555148025524,3.9340975597464567,0.009950330853168083,2.733717947850788,11.500520642315072,11.411413853067996,0.2191085761020307,4.61512051684126,2.496972505429963
LUX,2011,0.796,0.028,2.15315341949463,1.74265909194946,1.31742680072784,1.85898303985596,1.60453939437866,68.335502177084,0.306797621321266,9.091,0.0,0.0,0.0,0.0,0.0295588022415444,2.544975743032027,2.0943301541735866,3.9084365818927256,0.009950330853168083,2.689886230474539,11.45258404367374,11.456101432910838,0.2191085761020307,4.61512051684126,2.5637163666908864
LUX,2012,0.796,0.027,2.1143639087677,1.66362190246582,1.33191883563995,1.75988602638245,1.64990067481995,69.263763958183,0.307592349561352,11.232,0.0,1.0,0.0,0.0,0.0295588022415444,2.5184682163922343,2.063058062429312,3.8908606541261257,0.009950330853168083,2.6347624053323777,11.411072069946764,11.47872138454378,0.2324956568844901,4.61512051684126,2.544975743032027
LUX,2013,0.796,0.027,2.11570620536804,1.62242209911346,1.33524811267853,1.77097725868225,1.63103139400482,69.5866015706854,0.306578578245816,19.565,0.0,0.0,0.0,0.0,0.0295588022415444,2.460849101212431,2.0515563381903004,3.843572843790417,0.009950330853168083,2.601207105484161,11.339685291306669,11.522142972841948,0.2324956568844901,4.61512051684126,2.5184682163922343
LUX,2014,0.795,0.027,2.06915903091431,1.64794015884399,1.37832379341125,1.6250411272049,1.55458557605743,70.0833808992439,0.304532109455238,20.942,0.0,1.0,0.0,0.0,0.0295588022415444,2.423924706380069,2.0541237336955462,3.8127329162809342,0.009950330853168083,2.5817308344235403,11.284644816337067,11.564542910403356,0.2324956568844901,4.61512051684126,2.460849101212431
LUX,2015,0.795,0.027,2.05351066589355,1.69270300865173,1.42636823654175,1.64557504653931,1.54696607589722,70.4693255073898,0.303678209160099,32.09,0.0,1.0,0.0,0.0,0.0295588022415444,2.3827947544790957,2.0719132752590443,3.7849620627909806,0.009950330853168083,2.579458966729223,11.232696072182632,11.5888635604182,0.2324956568844901,4.61512051684126,2.423924706380069
LUX,2016,0.795,0.027,2.04989457130432,1.65589165687561,1.40361714363098,1.71001076698303,1.50075507164001,70.0552459822823,0.300690923925103,58.228,0.0,1.0,0.0,0.0,0.0295588022415444,2.348596777550135,2.0906287310704004,3.7718179648994985,0.009950330853168083,2.5764217586237734,11.195005383935156,11.638378354904685,0.2324956568844901,4.61512051684126,2.3827947544790957
LUX,2017,0.795,0.027,1.94112145900726,1.64544296264648,1.3128936290741,1.68195748329163,1.52224540710449,69.4197557229282,0.30327376283152,66.667,0.0,1.0,0.0,0.0,0.0295588022415444,2.3715680651030517,2.089391872533004,3.8145204240669073,0.009950330853168083,2.554899021608035,11.21665778813567,11.652572985460226,0.2324956568844901,4.61512051684126,2.348596777550135
LUX,2018,0.795,0.027,2.04803919792175,1.73641335964203,1.34749054908752,1.7491340637207,1.5432368516922,69.4717080362859,0.307782445218827,70.833,0.0,1.0,0.0,0.0,0.0295588022415444,2.4147398868829932,2.0943301541735866,3.8592760233695302,0.009950330853168083,2.542389085201363,11.243135804357369,11.66684252462941,0.2324956568844901,4.61512051684126,2.3715680651030517
LUX,2019,0.795,0.027,2.07247686386108,1.69548451900482,1.3333135843277,1.68511009216309,1.49186420440674,68.8454893700095,0.307242988384219,74.766,0.0,1.0,0.0,0.0,0.0295588022415444,2.4156868110180665,2.0731719286662407,3.8771830825854385,0.009950330853168083,2.502255288122613,11.241796667952784,11.706621584642255,0.2324956568844901,4.61512051684126,2.4147398868829932
LUX,2020,0.788,0.027,2.02369952201843,1.79238891601562,1.21248233318329,1.83817708492279,1.49746370315552,68.925574385401,0.30823069807938,79.508,0.0,1.0,0.0,0.0,0.0295588022415444,2.2383162413633175,2.038619547159581,3.7266808913406866,0.009950330853168083,2.4501426573516603,11.071167885421204,11.712331408538795,0.2324956568844901,4.61512051684126,2.4156868110180665
LUX,2021,0.788,0.027,1.84092938899994,1.67725694179535,1.19407951831818,1.90669333934784,1.49557614326477,67.5087759028992,0.307571072543392,80.488,1.0,1.0,0.0,0.0,0.0295588022415444,2.2629789896829,2.0731719286662407,3.7890640980276986,0.009950330853168083,2.4731713935695794,11.119802547708396,11.826081140715527,0.2993586021136166,4.61512051684126,2.2383162413633175
LUX,2022,0.792,0.027,1.88359045982361,1.77222788333893,1.06439006328583,1.83396697044373,1.54147458076477,67.531272510357,0.310316455288491,85.95,0.0,1.0,0.0,0.0,0.0295588022415444,2.1335443939128806,2.0438143640366846,3.684419523391843,0.009950330853168083,2.423917378161571,10.992459253042515,11.873273935974387,0.0,4.61512051684126,2.2629789896829
LVA,2003,0.712,0.165,0.242927804589272,0.598321139812469,1.00164318084717,0.954042315483093,0.767004191875458,53.1609954516655,0.378635277722721,58.942,0.0,0.0,0.0,0.0,0.9321640810304452,0.13513658877531562,2.028148247292285,3.73363769145571,1.2584609896100059,1.355835153635182,9.789155804329695,9.26546599713108,0.0,4.613138355637268,-0.4685745837733484
LVA,2004,0.712,0.163,0.153246521949768,0.574418246746063,0.616755247116089,0.921956717967987,0.700535595417023,53.2027522058018,0.379086540821845,68.23,1.0,0.0,0.0,0.0,0.9321640810304452,1.598222361044614,2.052840859882657,3.848529271643474,0.8241754429663495,1.3862943611198906,9.917581908805197,9.372655983659481,0.1493452885523198,4.612145799724517,0.13513658877531562
LVA,2005,0.708,0.152,0.367340832948685,0.529817044734955,0.814021408557892,0.874489903450012,0.781813085079193,54.1025329641896,0.37609291378253,69.512,1.0,1.0,0.0,0.0,0.9321640810304452,1.7365804082417902,2.0881534822818573,3.878900460592658,0.18232155679395462,1.425515074273172,9.959427949895078,9.498888777666311,0.3407774334167333,4.612145799724517,1.598222361044614
LVA,2006,0.699,0.185,0.356723546981812,0.654658257961273,0.838368713855743,0.933780431747437,0.846699059009552,54.7503732594692,0.375548960821245,57.055,1.0,1.0,0.0,0.0,0.9321640810304452,1.6941435439797448,2.128231705849268,3.827205583594223,0.0,1.4678743481123135,9.915929084699632,9.617513097779153,0.3407774334167333,4.611152257665639,1.7365804082417902
LVA,2007,0.684,0.15,0.338474422693253,0.42527824640274,0.561930537223816,0.954827308654785,0.828915297985077,55.7547709364541,0.373210386310026,59.244,1.0,0.0,0.0,0.0,0.9321640810304452,1.848600606084447,2.1701959049483,3.8566371373474113,0.35065687161316933,1.5107219394949427,9.95426003632538,9.757423221950235,0.3407774334167333,4.612145799724517,1.6941435439797448
LVA,2008,0.684,0.149,0.230154260993004,0.521047174930573,0.203508123755455,0.966387450695038,0.780786275863647,56.3020583240822,0.372268216195968,60.911,1.0,0.0,0.0,0.0,0.9321640810304452,1.7174309524465392,2.1736147116970854,3.8628327612373745,0.0,1.5216989981260935,9.971131434545779,9.832836036303927,0.3407774334167333,4.612145799724517,1.848600606084447
LVA,2009,0.694,0.142,0.202161014080048,0.619090795516968,0.348279803991318,0.922658324241638,0.849935352802277,56.2864781239198,0.375640009071488,63.914,1.0,0.0,1.0,0.0,0.9321640810304452,2.1091250486127815,2.1065702090680887,3.8083943226150785,0.0,1.4747630091074988,9.931994150919861,9.71477699616002,0.3407774334167333,4.61512051684126,1.7174309524465392
LVA,2010,0.699,0.119,0.203808978199959,0.722773253917694,0.527854025363922,0.928532481193542,0.79424387216568,55.7294547805346,0.366813811492158,54.902,1.0,1.0,1.0,0.0,0.9477893989335261,2.4066274492512503,2.1400661634962708,3.931041011263908,0.0,1.5216989981260935,10.078119116986011,9.761028764271934,0.3407774334167333,4.613138355637268,2.1091250486127815
LVA,2011,0.725,0.119,0.279343724250793,0.689273953437805,0.320002138614655,0.954886913299561,0.736775279045105,55.8607909656081,0.372654243915782,50.575,1.0,0.0,0.0,0.0,0.9477893989335261,2.3145903314766065,2.1198634561787513,3.8207187910192464,0.0,1.5173226235262947,9.98369876908817,9.831975521749989,0.3407774334167333,4.613138355637268,2.4066274492512503
LVA,2012,0.733,0.117,0.238223135471344,0.828348100185394,0.453626722097397,1.01062679290771,0.775515556335449,56.9399163300324,0.37245517142689,66.613,1.0,1.0,0.0,0.0,0.9477893989335261,2.1611189059156186,2.1815467646169897,3.8562354162844255,0.0,1.5810384379124023,10.032331589151935,9.927938500837676,0.35263996872655334,4.61512051684126,2.3145903314766065
LVA,2013,0.743,0.084,0.321280241012573,0.87935084104538,0.593635261058807,1.03710293769836,0.770385980606079,57.8767585666726,0.37101317876385,56.935,1.0,0.0,0.0,0.0,0.9516578757114464,2.2735031902488423,2.1471001901536506,3.819534839992984,0.0,1.5602476682433286,10.005519860851193,9.992007761494094,0.35263996872655334,4.61512051684126,2.1611189059156186
LVA,2014,0.752,0.082,0.40977743268013,0.950847923755646,0.487268358469009,1.16674530506134,0.849420309066772,58.5399137138503,0.363794396198966,54.475,1.0,1.0,0.0,0.0,0.9516578757114464,2.6067889164019054,2.135349173618132,3.7380266973801817,0.0,1.556037135706985,9.931533171658389,10.042148596996885,0.35263996872655334,4.61512051684126,2.2735031902488423
LVA,2015,0.756,0.082,0.434054464101791,1.05340993404388,0.436310410499573,1.07482004165649,0.846579790115356,58.8315773284788,0.366959179724403,50.181,1.0,1.0,0.0,0.0,0.9516578757114464,2.528810398829259,2.1234584270966104,3.7638477703512416,0.0,1.551808799597464,9.96616174313901,10.09157894990056,0.35263996872655334,4.61512051684126,2.6067889164019054
LVA,2016,0.749,0.105,0.395586460828781,0.965538024902344,0.467219561338425,1.06869256496429,0.842499852180481,58.0729465937119,0.365716759981622,54.206,1.0,0.0,0.0,0.0,0.9400072584914712,2.36649629737785,2.1341664413690826,3.8281847705121894,0.0,1.5686159179138452,10.041125109567007,10.158252072671525,0.35263996872655334,4.61512051684126,2.528810398829259
LVA,2017,0.746,0.126,0.500998258590698,0.865553975105286,0.452954679727554,1.1448187828064,0.797488391399384,58.6148218526811,0.366032801273666,72.51,1.0,1.0,0.0,0.0,0.9400072584914712,2.2008891559583286,2.136530508663963,3.9180249576237807,0.0,1.578978704949392,10.141712131328674,10.227266086241208,0.35263996872655334,4.61512051684126,2.36649629737785
LVA,2018,0.745,0.126,0.297239780426025,1.00028502941132,0.395444005727768,1.13444352149963,0.792210936546326,57.6586611581964,0.366192873144487,51.935,1.0,1.0,0.0,0.0,0.9400072584914712,2.4865789527523625,2.1552445050953364,3.80664026730118,0.13976194237515868,1.601405740736836,10.035690081362125,10.302894504561603,0.35263996872655334,4.61512051684126,2.2008891559583286
LVA,2019,0.746,0.117,0.48045802116394,1.06574690341949,0.426870435476303,1.1824791431427,0.855535626411438,58.2533833755748,0.366252654775584,49.534,1.0,1.0,0.0,0.0,0.9516578757114464,2.3204084561786646,2.1471001901536506,3.834342505543629,0.0,1.599387576580599,10.070953560039738,10.3797247140656,0.35263996872655334,4.61512051684126,2.4865789527523625
LVA,2020,0.739,0.1,0.693109571933746,0.838092744350433,0.462181746959686,1.18040430545807,0.868685662746429,59.0909717298111,0.365878712144315,63.636,1.0,1.0,0.0,0.0,0.9516578757114464,2.5104239814733376,2.122261538862764,3.742917727596808,0.0,1.5830939370944985,9.984300747923143,10.396426787385366,0.35263996872655334,4.61512051684126,2.3204084561786646
LVA,2021,0.744,0.087,0.720612168312073,0.832942485809326,0.673440217971802,1.21610343456268,0.89630264043808,59.5166676111552,0.361878334631761,63.59,0.0,1.0,0.0,0.0,0.9516578757114464,2.6385340781252142,2.154085084675602,3.785938104452378,0.0,1.6174060820832772,10.036545858272694,10.516319425318024,0.2324956568844901,4.61512051684126,2.5104239814733376
LVA,2022,0.743,0.087,0.693807184696198,0.69153767824173,0.48640912771225,1.17088675498962,0.937443792819977,59.419130264014,0.36056315427972,75.944,0.0,1.0,0.0,0.0,0.9516578757114464,2.837115261385803,2.1210632163706555,3.676629731685019,0.0,1.589235205116581,9.926973144286915,10.595680386324517,0.0,4.61512051684126,2.6385340781252142
MAR,2003,0.222,0.718,-0.319970190525055,-0.215569257736206,-0.407007366418839,-0.284974277019501,-0.752867102622986,44.0150471552889,0.430883738621952,10.037,0.0,1.0,0.0,1.0367368849500223,0.8197798314933114,4.117099571255905,2.9317269435780786,4.87862655117589,0.26236426446749106,0.4700036292457356,8.392164972692882,8.464227240695026,0.0,4.33204826486764,4.108197882930721
MAR,2004,0.222,0.718,-0.243782788515091,-0.224266529083252,-0.312668710947037,-0.244661465287209,-0.508274614810944,44.7524996435974,0.424427339752129,10.246,0.0,0.0,0.0,1.0367368849500223,0.8197798314933114,4.208599586095869,2.995732273553991,5.007717708746999,0.26236426446749106,0.48858001481867097,8.50933600440826,8.52231889968778,0.0,4.37197629882038,4.117099571255905
MAR,2005,0.228,0.694,-0.425059497356415,-0.403397768735886,-0.556680738925934,-0.437574356794357,-0.687104880809784,44.4498714126882,0.420183234493,8.515,0.0,0.0,0.0,1.0367368849500223,0.8197798314933114,4.239321723654408,3.0478502278160975,5.089655941182228,0.26236426446749106,0.5068176023684519,8.578354892509186,8.570874554947068,0.0,4.377014092850337,4.208599586095869
MAR,2006,0.227,0.694,-0.476106464862823,-0.269640743732452,-0.461343467235565,-0.212712377309799,-0.712467074394226,45.1600866719552,0.41177318807079,8.958,0.0,0.0,0.0,1.0367368849500223,0.8197798314933114,4.259613815463581,3.131136910560194,5.1099676770157405,0.26236426446749106,0.5364933705145685,8.585275301619346,8.662438881665528,0.0,4.579852378003801,4.239321723654408
MAR,2007,0.228,0.694,-0.386843711137772,-0.34261354804039,-0.501324236392975,-0.215945512056351,-0.707481861114502,45.4186114278325,0.41656040347239,8.177,0.0,0.0,0.0,1.0367368849500223,0.8197798314933114,4.272672617728377,3.186352633162641,5.101255706232328,0.26236426446749106,0.5538851132264376,8.563112190112992,8.709289411303825,0.0,4.421247347827163,4.259613815463581
MAR,2008,0.226,0.694,-0.433665722608566,-0.356555700302124,-0.57127320766449,-0.159162044525146,-0.758323967456818,45.8294283558585,0.409997148276061,8.206,0.0,1.0,1.0,1.0367368849500223,0.8197798314933114,4.3259910984318575,3.242982900211434,5.199220526386179,0.26236426446749106,0.5766133643039938,8.648242681667504,8.76998307148124,0.0,4.443827035579329,4.272672617728377
MAR,2009,0.225,0.694,-0.367966145277023,-0.283303052186966,-0.398299634456635,-0.0905578508973122,-0.745714902877808,46.4192409345232,0.404205422983343,15.958,0.0,1.0,1.0,1.0367368849500223,0.8285518175661483,4.326518223341968,3.279029747687948,5.174962587517932,0.5423242908253616,0.5877866649021191,8.610528513380954,8.799296228977811,0.0,4.464758032271346,4.3259910984318575
MAR,2010,0.233,0.694,-0.231423750519753,-0.230588346719742,-0.383013308048248,-0.119565077126026,-0.698601484298706,47.2449737061316,0.396514936440489,18.775,0.0,1.0,1.0,1.0367368849500223,0.8372475245337022,4.375733222883311,3.3246762437544124,5.277890144232993,0.5423242908253616,0.6043159668533296,8.700473122156472,8.83195538708076,0.0,4.571613402459248,4.326518223341968
MAR,2011,0.234,0.68,-0.452251225709915,-0.266206502914429,-0.392256796360016,-0.176636278629303,-0.709956765174866,46.3398627971745,0.393088873092612,11.617,0.0,0.0,0.0,1.0367368849500223,0.8372475245337022,4.443407580740764,3.4001968813285717,5.326647258648935,0.5423242908253616,0.6312717768418579,8.73583831998132,8.892219361378942,0.0,4.575741375297279,4.375733222883311
MAR,2012,0.236,0.679,-0.49313035607338,-0.141056269407272,-0.470458775758743,-0.110853657126427,-0.605667233467102,46.7589449023372,0.392080635427409,9.619,0.0,1.0,1.0,1.0367368849500223,0.8372475245337022,4.477533151568466,3.4766140209469096,5.344351354999942,0.708035793053696,0.6626879730752367,8.740264260103645,8.896808699522774,0.0,4.578826210648489,4.443407580740764
MAR,2013,0.231,0.679,-0.423477381467819,-0.0853616520762444,-0.493017613887787,-0.0910557433962822,-0.698653876781464,47.4665090990997,0.390132389217448,16.147,0.0,1.0,1.0,1.0367368849500223,0.8372475245337022,4.488790513262753,3.506757877322648,5.370540348938602,0.708035793053696,0.6729444732424258,8.753698752134792,8.928388335840326,0.0,4.58700621536042,4.477533151568466
MAR,2014,0.231,0.683,-0.305471539497375,-0.136379525065422,-0.446265608072281,-0.0279159974306822,-0.688601315021515,49.056117778901,0.389900621917994,14.103,0.0,1.0,1.0,1.2584609896100059,0.8372475245337022,4.506794042552102,3.5579161895951237,5.38460973511305,0.708035793053696,0.6931471805599453,8.755560274501933,8.887138521122381,0.0,4.5880240271531205,4.488790513262753
MAR,2015,0.229,0.691,-0.286832571029663,-0.148065835237503,-0.344394981861115,-0.0984931141138077,-0.63044410943985,49.4301974881268,0.387929474482901,16.082,0.0,1.0,1.0,1.2584609896100059,0.8372475245337022,4.532038672911591,3.5801800371905954,5.4020420449533795,0.708035793053696,0.6981347220709844,8.76136246487833,8.961890844037981,0.0,4.5880240271531205,4.506794042552102
MAR,2016,0.232,0.678,-0.19085057079792,-0.193648084998131,-0.317617774009705,-0.155640959739685,-0.624226212501526,49.7169460561151,0.388211825671083,16.489,0.0,1.0,1.0,1.2584609896100059,0.8372475245337022,4.536374507910038,3.6114583071453517,5.413091435356288,0.708035793053696,0.708035793053696,8.760518592230444,8.968800678167398,0.0,4.593097604753822,4.532038672911591
MAR,2017,0.24,0.646,-0.199466481804848,-0.305200457572937,-0.37808883190155,-0.158764094114304,-0.670836448669434,49.8924976672649,0.385973211813743,15.842,0.0,1.0,1.0,1.3532545070416904,0.8372475245337022,4.577224836811382,3.659450643423124,5.458738346888654,0.708035793053696,0.7275486072772778,8.794354514357057,9.001607561045834,0.0,4.61512051684126,4.536374507910038
MAR,2018,0.242,0.646,-0.289455205202103,-0.349403738975525,-0.3484927713871,-0.259155303239822,-0.675590515136719,50.5533518681008,0.370643295821419,19.821,0.0,1.0,1.0,1.6601310267496183,0.8372475245337022,4.597240897715888,3.6617651616223643,5.492295718149063,0.708035793053696,0.7227059828014898,8.817014336291699,8.962148031977529,0.0,4.596129441335942,4.577224836811382
MAR,2019,0.239,0.646,-0.333868354558945,-0.251563876867294,-0.345805376768112,-0.154595121741295,-0.624475300312042,50.8577829752952,0.3663515310315,19.787,0.0,1.0,1.0,1.6601310267496183,0.8372475245337022,4.671316104511745,3.700066643504501,5.57912964591419,0.708035793053696,0.7371640659767197,8.893878643003315,8.993083088036997,0.0,4.611152257665639,4.597240897715888
MAR,2020,0.232,0.646,-0.409950464963913,-0.186065658926964,-0.359523236751556,-0.0479148365557194,-0.592912673950195,50.935437521269,0.367890895438637,19.175,0.0,1.0,0.0,1.6601310267496183,0.8372475245337022,4.637273998579829,3.6896291730044823,5.494722614272131,0.708035793053696,0.7275486072772778,8.798896929183488,8.949734945587954,0.0,4.61512051684126,4.671316104511745
MAR,2021,0.235,0.643,-0.41899362206459,-0.170099332928658,-0.40256267786026,-0.133877843618393,-0.590032160282135,51.0260836013453,0.367810437024622,19.806,0.0,1.0,1.0,1.6601310267496183,0.8372475245337022,4.701651717459476,3.740997408376043,5.597977415759225,0.708035793053696,0.7466879474879752,8.892471494797237,9.06233509334699,0.0,4.61512051684126,4.637273998579829
MAR,2022,0.246,0.643,-0.387477546930313,-0.0818562060594559,-0.362119138240814,-0.0868896543979645,-0.545548260211945,51.2433775130885,0.368076504517078,18.184,0.0,1.0,0.0,1.6601310267496183,0.8372475245337022,4.709819455868435,3.779862101825807,5.59010599554261,0.708035793053696,0.7654678421395714,8.874486723989564,9.138955237010506,0.0,4.61512051684126,4.701651717459476
MDA,2003,0.374,0.826,-0.884173095226288,-0.667013168334961,-0.131324723362923,-0.410212010145187,-0.491123884916306,46.1608477727646,0.429899105764652,6.239,0.0,0.0,0.0,0.8754687373538999,0.058268908123975775,2.2865894075190756,2.3243465847755584,3.6818296626264098,0.30010459245033805,1.1786549963416462,9.1543331423282,8.284239555678843,0.0,4.603168183317418,2.2173414255936996
MDA,2004,0.378,0.826,-1.03957557678223,-0.845721423625946,-0.219342857599258,-0.430486381053925,-0.585409641265869,46.0439399929164,0.42136750035245,6.034,0.0,0.0,0.0,0.8754687373538999,0.058268908123975775,2.2696678244883355,2.2762411176544437,3.614371401938875,0.15700374880966475,1.1505720275988207,9.097054309760802,8.384615574163268,0.0,4.6061696863211745,2.2865894075190756
MDA,2005,0.342,0.812,-0.67262589931488,-0.753487408161163,-0.401479870080948,-0.460677325725555,-0.547894060611725,48.3973751694877,0.419031176180265,6.03,0.0,0.0,0.0,0.8754687373538999,0.058268908123975775,2.3322294257261027,2.3135250330323798,3.703718804310576,0.15700374880966475,1.1878434223960523,9.203173350122393,8.490219564972852,0.0,4.601162164590552,2.2696678244883355
MDA,2006,0.341,0.809,-0.643211901187897,-0.799711525440216,-0.369664698839188,-0.348091393709183,-0.267036706209183,46.7580224335548,0.416484036979586,6.086,0.0,0.0,0.0,0.8754687373538999,0.058268908123975775,2.301840934854847,2.359910159613315,3.7598736549380005,0.14842000511827327,1.2383742310432684,9.277731414553276,8.57023899309256,0.0,4.604169685654508,2.3322294257261027
MDA,2007,0.342,0.809,-0.660764515399933,-0.832707107067108,-0.0149540305137634,-0.283888220787048,-0.292217820882797,47.2601456703767,0.414438562979627,5.963,0.0,0.0,0.0,0.8754687373538999,0.058268908123975775,2.2684631906596997,2.2823823856765264,3.6225259535639154,0.0,1.1908875647772805,9.154876603765805,8.628836261825281,0.0,4.605170185988092,2.301840934854847
MDA,2008,0.342,0.809,-0.634429693222046,-0.784430801868439,-0.267933160066605,-0.201783880591393,-0.307182461023331,47.2812165557085,0.411599924527842,6.323,0.0,0.0,0.0,0.8754687373538999,0.058268908123975775,2.2678455213056257,2.299580583973747,3.6531745532431597,0.15700374880966475,1.2149127443642704,9.205198977630403,8.724914675063104,0.0,4.6061696863211745,2.2684631906596997
MDA,2009,0.357,0.771,-0.701457858085632,-0.556257903575897,-0.583599746227264,-0.144404068589211,-0.296487033367157,45.7635305948594,0.418744792277074,5.654,0.0,1.0,0.0,0.8754687373538999,0.058268908123975775,2.2892969903306475,2.157559320943788,3.5518562579472683,0.5933268452777344,1.1184149159642893,9.120618816677904,8.670459861564092,0.0,4.607168188650764,2.2678455213056257
MDA,2010,0.507,0.689,-0.671865046024323,-0.656645715236664,-0.381340742111206,-0.13256624341011,-0.0552531853318214,46.5238612091994,0.410949955787504,6.547,0.0,0.0,0.0,0.8754687373538999,0.058268908123975775,2.3996459621764084,1.965712776351493,3.495719372138987,0.3987761199573678,0.9895411936137477,9.083002900214963,8.75211714120404,0.0,4.60816569496789,2.2892969903306475
MDA,2011,0.563,0.689,-0.625150501728058,-0.607601761817932,-0.0492937490344048,-0.10300300270319,0.0495045222342014,47.0595190220779,0.40130448965396,6.055,0.0,1.0,0.0,0.8754687373538999,0.058268908123975775,2.4239777510660168,2.0082140323914683,3.510290920909089,0.30010459245033805,1.0331844833456545,9.118816246016422,8.829656882013806,0.0,4.609162207257629,2.3996459621764084
MDA,2012,0.554,0.676,-0.614259123802185,-0.55792099237442,0.0464904792606831,-0.115930549800396,-0.03442607447505,47.1960053345854,0.398016404310023,4.647,0.0,1.0,0.0,0.8754687373538999,0.058268908123975775,2.3890331542093413,2.0360119837525,3.8241094033740404,0.29266961396282,1.068153081183401,9.462083197370829,8.88953747614907,0.0,4.61015772749913,2.4239777510660168
MDA,2013,0.527,0.723,-0.753976941108704,-0.407670170068741,0.000808572047390044,-0.0857678055763245,-0.0727094113826752,46.8447078475303,0.397250031907022,6.874,0.0,1.0,1.0,0.8754687373538999,0.058268908123975775,2.3496318970187535,1.9416152247724325,3.806106779836597,0.36464311358790924,1.0116009116784799,9.46511730995684,9.015969367858927,0.0,4.611152257665639,2.3890331542093413
MDA,2014,0.518,0.723,-0.854309618473053,-0.419933348894119,-0.158987760543823,0.014869668520987,0.00949638709425926,47.0421301579819,0.39612880635998,6.145,0.0,1.0,0.0,0.8754687373538999,0.058268908123975775,2.4339753329591063,1.9600947840472698,3.761851066569759,0.173953307123438,1.0402767116551463,9.439383049182108,9.0646281579454,0.0,4.613138355637268,2.3496318970187535
MDA,2015,0.474,0.8,-0.947364449501038,-0.721139073371887,-0.326045989990234,-0.0809350684285164,0.0198426637798548,46.7449908164528,0.393627658923589,4.47,0.0,1.0,1.0,0.8754687373538999,0.058268908123975775,2.4198837666557838,1.9544450515051506,3.6534854099148335,0.15700374880966475,1.0438040521731147,9.345059359131078,9.126808575894685,0.0,4.6141299273595635,2.4339753329591063
MDA,2016,0.43,0.797,-0.990662038326263,-0.693787217140198,-0.305498778820038,-0.133195176720619,-0.0195145960897207,47.7413741250325,0.389568437351924,4.103,0.0,1.0,1.0,0.8754687373538999,0.058268908123975775,2.4666266724705945,1.9242486522741338,3.6546243916848287,0.29266961396282,1.0331844833456545,9.361367320889276,9.242501657596135,0.0,4.6141299273595635,2.4198837666557838
MDA,2017,0.397,0.775,-0.834933340549469,-0.577288508415222,-0.31498920917511,-0.0523422658443451,-0.0256148222833872,48.1376667737058,0.391792597186171,6.25,0.0,1.0,0.0,0.8754687373538999,0.058268908123975775,2.4648125903795624,1.958685340544036,3.6685236738568623,0.33647223662121295,1.068153081183401,9.389397188634216,9.328400129033072,0.0,4.61512051684126,2.4666266724705945
MDA,2018,0.393,0.787,-0.758018732070923,-0.505967557430267,-0.402167946100235,-0.0323153994977474,-0.117281161248684,48.7089565518689,0.390688226400002,5.948,0.0,1.0,0.0,0.8754687373538999,0.058268908123975775,2.5347880890546315,1.9933388426264242,3.7317473543411124,0.173953307123438,1.1019400787607843,9.466726030913966,9.381701713303912,0.0,4.61512051684126,2.4648125903795624
MDA,2019,0.441,0.69,-0.650996446609497,-0.441430509090424,-0.387288391590118,-0.0475217662751675,-0.105710230767727,49.1397433614838,0.394678583383249,6.503,0.0,1.0,0.0,0.8754687373538999,0.058268908123975775,2.6059429323251906,1.9919755158985601,3.742917727596808,0.0,1.1085626195212777,9.49132149311836,9.504070862824443,0.0,4.61512051684126,2.5347880890546315
MDA,2020,0.526,0.545,-0.586998105049133,-0.533600270748138,-0.340111285448074,-0.0109160682186484,-0.0562920235097408,49.3251677753735,0.393951500176275,5.825,0.0,1.0,1.0,0.8754687373538999,0.058268908123975775,2.5811620165950493,1.9947003132247452,3.7079219886912522,0.0,1.1216775615991057,9.469519337993454,9.512549512244483,0.0,4.61512051684126,2.6059429323251906
MDA,2021,0.624,0.413,-0.469503223896027,-0.437800526618958,-0.205297246575356,0.00338109792210162,0.0420428887009621,49.9589129163967,0.393730588254568,6.607,0.0,1.0,0.0,0.8754687373538999,0.058268908123975775,2.646818210671804,2.05668455455722,3.7954667170095853,0.4700036292457356,1.1817271953786161,9.57405618074985,9.660337086500146,0.0,4.61512051684126,2.5811620165950493
MDA,2022,0.652,0.218,-0.342236280441284,-0.307596892118454,-0.659070193767548,0.101790711283684,0.0965940952301025,50.4270147068775,0.394755136484515,9.568,0.0,1.0,0.0,0.8754687373538999,0.058268908123975775,2.557817017181853,1.969905654611529,3.6448230679170166,1.5173226235262947,1.1085626195212777,9.414328748751434,9.708321585501842,0.0,4.61512051684126,2.646818210671804
MDG,2003,0.261,0.766,-0.208431333303452,-0.416089504957199,0.622443974018097,-0.334958344697952,0.0445495285093784,36.0022657307091,0.568433729097204,63.542,0.0,1.0,0.0,0.0,0.10436001532424277,4.063378033521159,0.6729444732424258,2.2126603854660587,0.1310282624064041,0.04879016416943201,6.112353864383436,7.10647140052603,0.0,3.0587070727153796,4.042792465786645
MDG,2004,0.264,0.766,-0.323700606822968,-0.5878586769104,0.245569571852684,-0.384915322065353,0.00536269648000598,35.1919811420345,0.57956001193534,60.952,0.0,1.0,0.0,0.0,0.10436001532424277,4.075085635275022,0.7178397931503169,2.294754513878857,0.15700374880966475,0.058268908123975775,6.174812660146062,7.155041914819941,0.0,2.791165107812717,4.063378033521159
MDG,2005,0.265,0.766,-0.0555555932223797,-0.38015428185463,-0.0185725726187229,-0.292555779218674,-0.123797461390495,35.8889900443519,0.579120899606813,61.321,0.0,0.0,0.0,0.0,0.10436001532424277,4.119479639630899,0.7227059828014898,2.2603037007374396,0.18232155679395462,0.058268908123975775,6.107254486756322,7.203047792947867,0.0,2.833213344056216,4.075085635275022
MDG,2006,0.262,0.766,-0.182527557015419,-0.655422568321228,0.185515359044075,-0.250743836164474,-0.110259488224983,34.3470360689142,0.576745312650426,59.813,0.0,0.0,0.0,0.0,0.10436001532424277,4.124238437411243,0.7275486072772778,2.2484456468933973,0.2151113796169455,0.04879016416943201,6.064819557285542,7.256582773720816,0.0,2.8791984572980396,4.119479639630899
MDG,2007,0.268,0.766,-0.18603253364563,-0.499808996915817,0.0896256566047668,-0.287419378757477,-0.139065206050873,35.217558823406,0.566921428942467,64.286,0.0,0.0,0.0,0.0,0.10436001532424277,4.134509895109787,0.7514160886839212,2.299680879846656,0.2151113796169455,0.058268908123975775,6.092533115522972,7.30946363937505,0.0,2.917770732084279,4.124238437411243
MDG,2008,0.271,0.774,-0.266752243041992,-0.684332251548767,-0.469336181879044,-0.373598515987396,-0.326152890920639,35.5818757270147,0.564512806119042,59.322,0.0,1.0,0.0,0.0,0.11332868530700317,4.144418126047525,0.7793248768009976,2.3637742613064683,0.2468600779315258,0.058268908123975775,6.133974883099993,7.364127920296155,0.0,2.9601050959108397,4.134509895109787
MDG,2009,0.103,0.935,-0.328544199466705,-0.841211676597595,-0.733878493309021,-0.54454094171524,-0.83152848482132,35.1257849315651,0.564872802819463,62.185,0.0,0.0,0.0,0.0,0.11332868530700317,4.154335380568045,0.7839015438284094,2.2287232443955904,0.2468600779315258,0.058268908123975775,5.9548861399874164,7.300357885489175,0.0,2.91235066461494,4.144418126047525
MDG,2010,0.081,0.938,-0.417824774980545,-0.995213866233826,-0.978338837623596,-0.605530261993408,-0.845434308052063,34.3122705570843,0.556561456916853,54.615,0.0,0.0,1.0,0.0,0.12221763272424921,4.164471261200476,0.832909122935104,2.291321900715335,0.32208349916911333,0.058268908123975775,5.995586042067153,7.28952619561865,0.0,2.5877640352277083,4.154335380568045
MDG,2011,0.102,0.954,-0.484609842300415,-1.06907939910889,-0.705585896968842,-0.55234831571579,-0.879346013069153,33.4737784754162,0.566092482791766,47.619,0.0,1.0,0.0,0.11332868530700317,0.12221763272424921,4.165316009997882,0.9042181506398859,2.412604738032595,0.32208349916911333,0.058268908123975775,6.10097792767302,7.297206548472254,0.0,2.72785282839839,4.164471261200476
MDG,2012,0.102,0.954,-0.670311391353607,-1.11727750301361,-0.536136984825134,-0.576099574565887,-0.883270680904388,33.391887375995,0.559734295644905,49.359,0.0,0.0,0.0,0.11332868530700317,0.14842000511827327,4.185649811533125,0.9400072584914712,2.5768779283268106,0.32208349916911333,0.06765864847381481,6.252100395647953,7.289349442502355,0.0,2.9806186357439426,4.165316009997882
MDG,2013,0.126,0.917,-0.764158010482788,-1.14748251438141,-0.659993410110474,-0.659140110015869,-0.763428390026093,32.9538314158096,0.563183238766677,50.303,0.0,1.0,0.0,0.11332868530700317,0.14842000511827327,4.173550013533759,0.9745596399981308,2.617687761021819,0.32208349916911333,0.06765864847381481,6.268978852569071,7.296009106279092,0.0,2.631888840136646,4.185649811533125
MDG,2014,0.223,0.812,-0.843135118484497,-1.32273769378662,-0.557235836982727,-0.716764986515045,-0.500259637832642,32.9085617528992,0.562039788957694,52.907,0.0,1.0,0.0,0.11332868530700317,0.14842000511827327,4.196372388478385,1.000631880307906,2.6934778719189527,0.3293037471426004,0.06765864847381481,6.323593436466193,7.313113560772701,0.0,3.1780538303479458,4.173550013533759
MDG,2015,0.249,0.812,-0.88030207157135,-1.33208250999451,-0.427762925624847,-0.809338331222534,-0.380922138690948,32.6137150427413,0.562992176635886,54.19,0.0,1.0,1.0,0.11332868530700317,0.14842000511827327,4.201753266554459,1.0260415958332743,2.7843937676895436,0.3293037471426004,0.06765864847381481,6.3942945196273895,7.311626934304069,0.0,3.2108436531709366,4.196372388478385
MDG,2016,0.251,0.812,-0.934988260269165,-1.22864735126495,-0.294186472892761,-0.735103726387024,-0.316786468029022,32.5934330306613,0.560560809572194,48.421,0.0,1.0,0.0,0.11332868530700317,0.14842000511827327,4.201220571788357,1.0647107369924282,2.8388445180168467,0.3293037471426004,0.06765864847381481,6.4260158538888295,7.354054940729181,0.0,3.173878458937465,4.201753266554459
MDG,2017,0.253,0.808,-1.07430374622345,-1.19451534748077,-0.302837282419205,-0.736412763595581,-0.3454709649086,32.3084528758564,0.557930609748016,41.919,0.0,1.0,0.0,0.11332868530700317,0.14842000511827327,4.207194722756022,1.091923300517313,2.7608323865411797,0.37156355643248307,0.06765864847381481,6.3170690143007855,7.344641543980572,0.0,3.2228678461377385,4.201220571788357
MDG,2018,0.275,0.714,-1.02106416225433,-1.21214354038239,-0.578798413276672,-0.785894691944122,-0.321546018123627,32.8805305358388,0.556433304605233,43.277,0.0,1.0,0.0,0.11332868530700317,0.14842000511827327,4.185530475335409,1.2178757094949273,2.6193646962695225,0.4054651081081644,0.08617769624105233,6.139673323022386,7.344457802647885,0.0,3.624340932976365,4.207194722756022
MDG,2019,0.258,0.809,-1.05258440971375,-1.19339692592621,-0.313957303762436,-0.788889169692993,-0.235004052519798,32.5248128739107,0.559621079679443,38.462,0.0,1.0,0.0,0.11332868530700317,0.14842000511827327,4.2134632328567685,1.244154593958768,2.8066881709992098,0.4054651081081644,0.08617769624105233,6.31391211043248,7.386035640854556,0.0,3.4657359027997265,4.185530475335409
MDG,2020,0.26,0.827,-1.01050651073456,-1.05303573608398,-0.509334743022919,-0.811572015285492,-0.263206869363785,32.6762338320177,0.559782235908273,40.741,0.0,0.0,0.0,0.11332868530700317,0.14842000511827327,4.207847310761855,1.1505720275988207,2.553343811341229,0.4054651081081644,0.07696104113612832,6.016795979999452,7.307419010519031,0.0,3.4965075614664802,4.2134632328567685
MDG,2021,0.254,0.827,-0.953181684017181,-1.02791666984558,-0.542262673377991,-0.836634576320648,-0.279159992933273,32.8785392442889,0.560725603409186,33.202,0.0,1.0,0.0,0.11332868530700317,0.14842000511827327,4.23322588975277,1.2612978709452054,2.8128305484949707,0.4054651081081644,0.08617769624105233,6.269694589534113,7.364187519984325,0.0,3.586292865338835,4.207847310761855
MDG,2022,0.254,0.827,-0.969914019107819,-0.972033023834229,-0.480796605348587,-0.815499842166901,-0.293677031993866,32.9479691628294,0.559544225647666,35.227,0.0,1.0,1.0,0.11332868530700317,0.173953307123438,4.245633894794724,1.2919836816486494,2.86607906532712,0.4054651081081644,0.08617769624105233,6.301414954498846,7.448903790907278,0.0,3.6136169696133895,4.23322588975277
MDV,2003,0.057,0.781,-0.0765046402812004,0.576729536056519,1.03226470947266,0.926884114742279,-0.999485611915588,38.1270638064965,0.601601782123699,0.0,0.0,0.0,0.0,0.0,0.0,0.5026068545189601,0.1988508587451652,1.251047211711865,0.1310282624064041,0.5538851132264376,9.037653333795722,9.216966948163696,0.0,4.500920164614292,0.5574174002070929
MDV,2004,0.062,0.785,-0.283400595188141,0.374004453420639,0.501932442188263,-0.0154205877333879,-1.19482707977295,38.2582836446885,0.594006671859203,0.0,0.0,0.0,0.0,0.0,0.0,0.6000621843988759,0.2151113796169455,1.4499731377830734,0.1310282624064041,0.5877866649021191,9.289736870901814,9.284591664334073,0.0,4.51085950651685,0.5026068545189601
MDV,2005,0.115,0.732,-0.428582310676575,0.239869892597198,0.811711966991425,0.516670823097229,-0.979869902133942,38.5903242773665,0.582676441239962,0.0,0.0,0.0,0.0,0.0,0.0,0.570636675109963,0.23901690047049992,1.3747277247484253,0.1310282624064041,0.6312717768418579,9.173819530886075,9.180442176634978,0.0,4.520701029361641,0.6000621843988759
MDV,2006,0.125,0.699,-0.602049052715302,0.170649603009224,0.758358776569366,0.406536966562271,-1.0059722661972,39.923913173205,0.578795116219949,0.0,0.0,1.0,0.0,0.0,0.0,0.6576807781806189,0.27002713721306015,1.5568806616954243,0.1310282624064041,0.688134638736401,9.386662551776187,9.39898734565214,0.0,4.529368472571809,0.570636675109963
MDV,2007,0.126,0.699,-0.85982471704483,0.123870968818665,0.0831864848732948,0.0564000532031059,-0.927418410778046,39.5684611716579,0.569332446353953,0.0,0.0,1.0,0.0,0.0,0.0,0.6819464164659944,0.30010459245033805,1.5841201044498106,0.1310282624064041,0.7323678937132266,9.387893745698277,9.461316367584073,0.0,4.539030383483547,0.6576807781806189
MDV,2008,0.243,0.632,-0.819709837436676,-0.214934408664703,-0.164438739418983,-0.373797565698624,-0.301234483718872,39.7462942131979,0.57118840095861,0.0,0.0,0.0,0.0,0.0,0.0,0.7246811634729329,0.3435897043900769,1.6511555057859688,0.1310282624064041,0.7975071958841881,9.436154194939604,9.530960464326473,0.0,4.549657476057833,0.6819464164659944
MDV,2009,0.4,0.609,-0.667673528194427,-0.436706125736237,-0.229707628488541,-0.381042540073395,-0.0484580174088478,40.3720293548852,0.567741251297884,0.0,0.0,1.0,1.0,0.0,0.0,0.7404014266963074,0.3293037471426004,1.7003749074262025,0.1310282624064041,0.7514160886839212,9.461391576727927,9.414651138133603,0.0,4.6141299273595635,0.7246811634729329
MDV,2010,0.393,0.611,-0.539183974266052,-0.191209465265274,-0.166243851184845,-0.384038269519806,-0.0626933947205544,40.4051694701182,0.565839746653439,0.0,0.0,1.0,1.0,0.0,0.0,0.7764619173527382,0.30010459245033805,1.7092832474038167,0.1310282624064041,0.6780335427498971,9.436835341010909,9.4570698106163,0.0,4.605170185988092,0.7404014266963074
MDV,2011,0.393,0.611,-0.552542269229889,-0.293437421321869,-0.242630183696747,-0.384749859571457,-0.156640365719795,40.3791780280935,0.563916022136413,0.0,0.0,0.0,0.0,0.0,0.0,0.8196532231741908,0.32208349916911333,1.7732559976634952,0.1310282624064041,0.7030975114131134,9.479419197088005,9.527143739036072,0.0,4.6061696863211745,0.7764619173527382
MDV,2012,0.33,0.661,-0.697819232940674,-0.186561584472656,-0.36517146229744,-0.401814728975296,-0.468655318021774,40.2783753721641,0.555617001501252,0.0,0.0,0.0,0.0,0.0,0.0,0.9480609623821835,0.33647223662121295,1.977962372729982,0.1310282624064041,0.708035793053696,9.686683737558067,9.54606928858515,0.0,4.607168188650764,0.8196532231741908
MDV,2013,0.237,0.714,-0.711625933647156,-0.236842095851898,0.125037372112274,-0.457175403833389,-0.446088761091232,39.5870900339641,0.555611164023578,0.0,0.0,0.0,0.0,0.0,0.0,1.0175050947433557,0.35065687161316933,2.0240609583270306,0.1310282624064041,0.7178397931503169,9.706232057521227,9.633323847303837,0.0,4.609162207257629,0.9480609623821835
MDV,2014,0.208,0.72,-0.316432625055313,-0.230356603860855,0.679096162319183,-0.374468445777893,-0.354872792959213,41.2225566163562,0.553405919616598,1.852,0.0,0.0,0.0,0.0,0.0,1.2105402746360332,0.43178241642553783,2.282688461279589,0.1310282624064041,0.8372475245337022,9.96569144429611,9.724571621168199,0.0,4.61512051684126,1.0175050947433557
MDV,2015,0.187,0.733,-0.4236199259758,-0.23004537820816,0.411403715610504,-0.43260794878006,-0.50041788816452,41.1851171768075,0.550916393953225,1.613,0.0,1.0,1.0,0.0,0.0,1.0083606015900686,0.4824261492442927,2.0259088997187984,0.1310282624064041,0.8960880245566356,9.640588885300911,9.791219844941034,0.0,4.613138355637268,1.2105402746360332
MDV,2016,0.182,0.713,-0.586512804031372,-0.17816124856472,0.408033192157745,-0.495872646570206,-0.710969507694244,41.1068057312435,0.552399135491825,1.493,0.0,1.0,0.0,0.0,0.0,1.0625457929877278,0.5128236264286637,2.0766877534832147,0.1906203596086497,0.9202827531436926,9.664104920694063,9.840042090365905,0.0,4.61512051684126,1.0083606015900686
MDV,2017,0.175,0.705,-0.739739716053009,-0.39471846818924,0.224531978368759,-0.440038591623306,-0.719831883907318,40.9535772468338,0.548109710191135,2.74,0.0,1.0,0.0,0.0,0.0,1.0183879146371175,0.5481214085096876,2.1082719233477127,0.1906203596086497,0.9516578757114464,9.666803490879989,9.891864736607197,0.0,4.613138355637268,1.0625457929877278
MDV,2018,0.192,0.703,-0.83108526468277,-0.475938469171524,0.0830787196755409,-0.531163573265076,-0.654160141944885,41.4937416731475,0.541505374920441,3.797,0.0,1.0,0.0,0.0,0.0,0.9344319149589382,0.5822156198526637,1.901510333187174,0.4252677354043441,0.9820784724121581,9.396113299266306,9.994261518324073,0.0,4.61512051684126,1.0183879146371175
MDV,2019,0.408,0.499,-0.223864495754242,-0.17583654820919,0.0276582892984152,-0.55177366733551,-0.452074974775314,43.7217530935089,0.549424747598157,3.704,0.0,1.0,0.0,0.0,0.0,0.9878552833078013,0.5933268452777344,1.9785156230898755,0.4252677354043441,0.9783261227936076,9.455487890564715,10.0466442143111,0.0,4.61512051684126,0.9344319149589382
MDV,2020,0.425,0.478,-0.285472601652145,-0.091672420501709,0.363029807806015,-0.588554084300995,-0.302701383829117,42.588424367379,0.54901933631487,4.878,0.0,1.0,1.0,0.0,0.0,0.8669083343546276,0.598836501088704,1.8050046959780757,0.4252677354043441,0.9669838461896731,9.22210213051008,9.504975772361949,0.0,4.61512051684126,0.9878552833078013
MDV,2021,0.423,0.47,-0.31484991312027,0.438512802124023,0.534759700298309,-0.613875865936279,-0.2118049710989,41.7480105400962,0.56299722912185,5.952,0.0,1.0,0.0,0.0,0.0,1.0541294694127916,0.6097655716208943,2.0110288589936642,0.4252677354043441,0.9669838461896731,9.436453429938116,9.855012519455311,0.0,4.61512051684126,0.8669083343546276
MDV,2022,0.431,0.47,-0.332713663578033,-0.107565149664879,0.645002782344818,-0.657294631004333,-0.205017864704132,43.2268726958584,0.550466934399729,7.059,0.0,1.0,0.0,0.0,0.0,1.0951350351646398,0.6151856390902335,2.1297781285686765,0.4252677354043441,0.9631743177730056,9.557073711523671,10.038084540999147,0.0,4.61512051684126,1.0541294694127916
MEX,2003,0.502,0.608,-0.2415871322155,0.131819322705269,-0.11687808483839,0.335378050804138,0.346937119960785,47.5573068171377,0.399244681554684,11.93,0.0,0.0,1.0,1.7404661748405044,2.3664984187376987,5.95435034115347,5.416233726649654,7.4633435387319444,2.761274962339508,1.1568811967920856,9.736063317557603,9.398243002506868,0.0,4.589040804058207,5.880860538082025
MEX,2004,0.511,0.608,-0.389334857463837,0.0758338123559952,-0.214082449674606,0.410247594118118,0.319827616214752,47.1735240842614,0.398210765891782,13.794,0.0,0.0,1.0,1.7404661748405044,2.448415541205585,5.986710924398724,5.460096022110662,7.520178728358002,2.7434173449395014,1.1755733298042381,9.779275117516084,9.446109137548493,0.0,4.601162164590552,5.95435034115347
MEX,2005,0.511,0.608,-0.344179540872574,0.0314169824123383,-0.445820868015289,0.160981357097626,0.198065519332886,48.3127703280905,0.395691600985669,14.469,0.0,0.0,1.0,1.7404661748405044,2.451005098112319,6.047871150376776,5.510602174527371,7.61142836729334,2.700018029404946,1.2029723039923526,9.857082082721565,9.49260068461482,0.0,4.604169685654508,5.986710924398724
MEX,2006,0.479,0.607,-0.325125187635422,0.0504711605608463,-0.636888444423676,0.346685439348221,0.150474414229393,52.313301693145,0.394684907215138,14.829,0.0,0.0,0.0,1.7404661748405044,2.468099531471619,6.104552889556494,5.547011698706252,7.6258072447442045,2.767576180416237,1.2178757094949273,9.857930458857332,9.584842477644846,0.0,4.6061696863211745,6.047871150376776
MEX,2007,0.452,0.607,-0.341457366943359,0.136410132050514,-0.729851603507996,0.368228048086166,0.121899016201496,52.5211588516673,0.393447393727968,13.618,0.0,0.0,1.0,1.7404661748405044,2.5321082512722946,6.134877668860905,5.572496178962071,7.6351000007418754,2.8027541365715076,1.2267122912954256,9.853148802426198,9.61799388107372,0.0,4.594109238628667,6.104552889556494
MEX,2008,0.455,0.607,-0.309849888086319,0.16068996489048,-0.804012358188629,0.312569350004196,0.134927570819855,52.8817243782989,0.39177634733897,17.598,0.0,1.0,1.0,1.7404661748405044,2.5201129055226197,6.155543121422599,5.595417449978076,7.675371973474555,2.821973947420524,1.2325602611778486,9.878837214052194,9.660241811153908,0.0,4.604169685654508,6.134877668860905
MEX,2009,0.46,0.607,-0.365960121154785,0.141515776515007,-0.686627805233002,0.177682906389236,0.200032845139503,52.9349421746505,0.38975107901478,13.034,0.0,1.0,1.0,1.7404661748405044,2.523325759691945,6.1330613105780865,5.590464455958976,7.658342722547712,2.837322536806349,1.2178757094949273,9.847182245285486,9.628631155032554,0.0,4.598145571051127,6.155543121422599
MEX,2010,0.47,0.632,-0.439748138189316,0.0962913855910301,-0.726463437080383,0.156337782740593,0.178501576185226,54.0524093186053,0.38752274180135,16.863,0.0,0.0,1.0,1.8531680973566984,2.533696813957432,6.172797792438346,5.619023105446999,7.662211082670392,2.8622008809294686,1.2296405510745139,9.836655362951063,9.674694342000887,0.0,4.607168188650764,6.1330613105780865
MEX,2011,0.469,0.632,-0.474737763404846,0.25232720375061,-0.667768597602844,0.184377461671829,0.12169187515974,54.0847782382154,0.38641295329293,15.721,0.0,1.0,1.0,1.8531680973566984,2.531313022602156,6.193978011351914,5.678293711889035,7.70656208046347,2.871868286331605,1.2612978709452054,9.866871803515716,9.756599522163055,0.0,4.605170185988092,6.172797792438346
MEX,2012,0.461,0.661,-0.484527587890625,0.296199023723602,-0.662454187870026,0.418743193149567,0.112745344638824,54.3064875782819,0.385167231682347,14.528,0.0,1.0,1.0,1.8531680973566984,2.5360749363624,6.2231673986641685,5.698602414614659,7.7155209377085505,2.8820035082256483,1.2669476034873244,9.862263237512497,9.798448849577385,0.0,4.6061696863211745,6.193978011351914
MEX,2013,0.425,0.759,-0.591898560523987,0.302350997924805,-0.714223802089691,0.418155193328857,0.108349166810513,54.1450096961865,0.384020785303454,13.503,0.0,1.0,1.0,1.8531680973566984,2.5360749363624,6.203986653050186,5.69739545433135,7.715951539121836,2.883682769745368,1.2556160374777745,9.849721941332518,9.807596767658453,0.0,4.6061696863211745,6.2231673986641685
MEX,2014,0.424,0.759,-0.84301882982254,0.133970901370049,-0.853918790817261,0.359438210725784,0.000275321624940261,46.4527938489044,0.383183733373154,17.684,1.0,1.0,1.0,1.8531680973566984,2.599722324216582,6.177818710466572,5.716369590161673,7.710462445070019,2.9025198918318122,1.2612978709452054,9.832130746298667,9.842771004205808,0.12595240897761434,4.607168188650764,6.203986653050186
MEX,2015,0.433,0.726,-0.888967394828796,0.117517560720444,-0.801780104637146,0.276325017213821,-0.0753404349088669,46.2974287551154,0.382413818226495,15.543,1.0,1.0,1.0,1.8531680973566984,2.5817308344235403,6.193945692525428,5.7387956304932075,7.699127024760241,2.89977188240808,1.269760544863939,9.8100959011786,9.8562040225055,0.12595240897761434,4.605170185988092,6.177818710466572
MEX,2016,0.433,0.726,-0.850662291049957,0.0276105776429176,-0.633718132972717,0.199013441801071,-0.0674507692456245,46.276425129009,0.383589815721885,15.29,1.0,1.0,1.0,1.8531680973566984,2.60859812213055,6.229204870552025,5.773339631348749,7.7306926751830085,2.960623096440423,1.2864740258376797,9.831983387532432,9.908752865353065,0.12595240897761434,4.61015772749913,6.193945692525428
MEX,2017,0.439,0.686,-0.952429533004761,-0.0653025507926941,-0.806419789791107,0.182068794965744,-0.0890548452734947,46.0763722041278,0.384372944100668,15.43,1.0,1.0,1.0,1.8531680973566984,2.612273245708441,6.198529554159869,5.800425099694305,7.7539265049550625,2.9831534913471307,1.3001916620664788,9.845874170507965,9.927678335818749,0.12595240897761434,4.61512051684126,6.229204870552025
MEX,2018,0.455,0.655,-0.949163556098938,-0.292850613594055,-0.673847019672394,0.0843754634261131,-0.00868499930948019,46.1086361257065,0.384261778402569,15.815,1.0,1.0,1.0,1.8531680973566984,2.612273245708441,6.174461775027428,5.8623235027847524,7.734269213614422,3.267284964075888,1.3376291891386096,9.816743885163627,9.94857933983582,0.12595240897761434,4.61015772749913,6.198529554159869
MEX,2019,0.434,0.611,-0.917449772357941,-0.306684851646423,-0.841869175434113,0.0125951962545514,0.00857096444815397,46.0962400989853,0.385954282410839,16.687,1.0,1.0,1.0,1.8531680973566984,2.644755350729896,6.1968359387282,5.847565307911304,7.723636330673768,3.295836866004329,1.3217558399823195,9.79660593614649,9.95062289513412,0.12595240897761434,4.611152257665639,6.174461775027428
MEX,2020,0.406,0.598,-0.921630203723907,-0.27033868432045,-0.791455745697021,-0.0129100447520614,-0.0273882187902927,46.1175351857922,0.383681839903552,21.297,1.0,1.0,1.0,1.8531680973566984,2.6602595372658615,6.084923626749748,5.80133256822205,7.636058191071976,3.295836866004329,1.2809338454620645,9.70078821187516,9.870712514586101,0.12595240897761434,4.609162207257629,6.1968359387282
MEX,2021,0.37,0.51,-1.02063989639282,-0.3435437977314,-0.687615871429443,-0.251374453306198,-0.0774139538407326,45.7798165985587,0.384418019178988,24.983,1.0,1.0,1.0,1.8531680973566984,2.6602595372658615,6.121062104791469,5.794932497844912,7.69600579977476,3.3028492586443794,1.2725655957915476,9.75408684869002,9.941918903347727,0.3407774334167333,4.61512051684126,6.084923626749748
MEX,2022,0.334,0.549,-1.01208603382111,-0.281723529100418,-0.689268112182617,-0.148309499025345,-0.119756743311882,45.7460225460063,0.387241881249785,24.439,0.0,1.0,1.0,1.8531680973566984,2.6275629501895237,6.129800787615504,5.8413681376087645,7.739734839573222,3.713572066704308,1.3001916620664788,9.790301889001023,10.05998793864145,0.0,4.61512051684126,6.121062104791469
MKD,2003,0.465,0.542,-0.651164174079895,-0.409025520086288,-0.988194704055786,-0.173230603337288,-0.021864851936698,46.866140069093,0.371531711179828,20.357,0.0,0.0,0.0,0.598836501088704,0.36464311358790924,2.4184409934809223,2.1610215286722587,3.4957800241481034,0.18232155679395462,1.545432582458188,9.639744768346779,8.796345480206996,0.0,4.605170185988092,2.3477367996509506
MKD,2004,0.467,0.542,-0.554222404956818,-0.181954219937325,-0.851008296012878,0.0205738488584757,-0.161177352070808,47.2595045235046,0.372028809504829,22.222,0.0,1.0,0.0,0.598836501088704,0.43178241642553783,2.4329533694819467,2.179286876649552,3.483606517902873,0.18232155679395462,1.5602476682433286,9.62472590783204,8.886187249499786,0.0,4.609162207257629,2.4184409934809223
MKD,2005,0.457,0.542,-0.488400876522064,-0.332176029682159,-1.15597522258759,-0.232430562376976,-0.101468585431576,47.2463300889299,0.371326547006799,21.47,0.0,1.0,0.0,0.598836501088704,0.43178241642553783,2.472643639476234,2.255493485460195,3.5140497630782774,0.18232155679395462,1.6272778305624314,9.654570127717095,8.983855089586113,0.0,4.6061696863211745,2.4329533694819467
MKD,2006,0.45,0.55,-0.403454512357712,-0.130026549100876,-0.736575305461884,-0.0936343297362328,0.173717871308327,47.4855947454933,0.370495169218303,23.538,0.0,0.0,0.0,0.598836501088704,0.4382549309311553,2.4472519919069713,2.2823823856765264,3.531757698341724,0.18232155679395462,1.6505798557652755,9.673092900417416,9.092833025296667,0.0,4.605170185988092,2.472643639476234
MKD,2007,0.44,0.585,-0.394356846809387,-0.236620664596558,-0.426525264978409,0.0424478650093079,0.276678591966629,48.6621149077395,0.368710183181084,15.538,0.0,0.0,0.0,0.598836501088704,0.4382549309311553,2.511021005164254,2.301584592660462,3.52276583616419,0.18232155679395462,1.6714733033535532,9.667308595791198,9.17367695685737,0.0,4.6061696863211745,2.4472519919069713
MKD,2008,0.413,0.62,-0.211421355605125,-0.0898382440209389,-0.29572057723999,0.119425922632217,0.195739969611168,49.0151583962946,0.370517172992377,13.312,0.0,1.0,0.0,0.598836501088704,0.4382549309311553,2.4983109486131836,2.306577114263583,3.4903065567339313,0.18232155679395462,1.6808279085207734,9.639215644673442,9.298839012311289,0.0,4.607168188650764,2.511021005164254
MKD,2009,0.384,0.616,-0.146806985139847,-0.130520239472389,-0.298555880784988,0.194719597697258,0.168129861354828,49.7834167500706,0.369558874511462,18.622,0.0,0.0,0.0,0.598836501088704,0.4382549309311553,2.4656289567429353,2.225704048658088,3.4700702459485306,0.18232155679395462,1.6114359150967734,9.623295029922328,9.352458187691301,0.0,4.607168188650764,2.4983109486131836
MKD,2010,0.374,0.636,-0.0929768234491348,-0.181226417422295,-0.518517076969147,0.237565532326698,0.114981435239315,50.4760494257396,0.364606732153453,33.471,0.0,0.0,0.0,0.598836501088704,0.44468582126144574,2.4677017128762766,2.2700619012884857,3.552458175502739,0.18232155679395462,1.6544112780768316,9.712613809828692,9.392206117780773,0.0,4.61015772749913,2.4656289567429353
MKD,2011,0.343,0.658,-0.106993712484837,-0.221158087253571,-0.617963790893555,0.215584024786949,-0.0394918583333492,50.7352524284072,0.364186034309867,21.154,0.0,0.0,0.0,0.598836501088704,0.44468582126144574,2.552593472166251,2.3456445824544927,3.5493587326426757,0.18232155679395462,1.728109442151599,9.714834916688636,9.427210822216269,0.0,4.612145799724517,2.4677017128762766
MKD,2012,0.319,0.709,-0.0511750727891922,-0.210188359022141,-0.492649525403976,0.264106422662735,-0.0284961052238941,51.809065771918,0.365244289048668,16.613,0.0,0.0,0.0,0.598836501088704,0.4700036292457356,2.49098198517351,2.295560478057081,3.4767376609075025,0.18232155679395462,1.6882490928583902,9.646478030809767,9.45147517231722,0.0,4.611152257665639,2.552593472166251
MKD,2013,0.288,0.72,-0.0565227419137955,-0.168528482317924,-0.416076391935349,0.247319892048836,-0.057581290602684,52.347613381423,0.363540655161693,26.108,0.0,0.0,0.0,0.598836501088704,0.4824261492442927,2.4008476403650394,2.253394848803274,3.4378506993101907,0.18232155679395462,1.6544112780768316,9.613253894222765,9.522506053424998,0.0,4.612145799724517,2.49098198517351
MKD,2014,0.275,0.72,-0.0327540375292301,0.0154965808615088,0.256382942199707,0.421686172485352,-0.141559079289436,53.3962939952816,0.365525395159592,23.978,0.0,1.0,1.0,0.598836501088704,0.48858001481867097,2.3479515289620854,2.234306252240751,3.3660191533125428,0.18232155679395462,1.6448050562713916,9.546632449512579,9.580946522716292,0.0,4.613138355637268,2.4008476403650394
MKD,2015,0.268,0.72,-0.26603227853775,-0.0302746333181858,-0.292592734098434,0.359894543886185,-0.181847542524338,53.0805069120073,0.366102359413344,35.929,0.0,1.0,1.0,0.598836501088704,0.5068176023684519,2.2667424920263657,2.214846178686039,3.4169723007775175,0.18232155679395462,1.6331544390514163,9.60813466782008,9.618414470660802,0.0,4.6141299273595635,2.3479515289620854
MKD,2016,0.278,0.723,-0.297931522130966,-0.0337916128337383,-0.355312615633011,0.383369863033295,-0.234802842140198,52.7941099272197,0.367591218268145,36.767,0.0,0.0,0.0,0.598836501088704,0.5068176023684519,2.1917034613869895,2.1587147225743437,3.452903923984348,0.18232155679395462,1.5912739418064292,9.654970999406785,9.708578762175264,0.0,4.61512051684126,2.2667424920263657
MKD,2017,0.383,0.542,-0.32858607172966,-0.0176615100353956,-0.258880764245987,0.443450540304184,-0.138867184519768,52.5745003748829,0.36930758109731,23.036,0.0,0.0,0.0,0.598836501088704,0.5247285289349821,2.1974733300335902,2.149433913499871,3.4155275459703103,0.18232155679395462,1.5912739418064292,9.62680173241776,9.750446473945585,0.0,4.61512051684126,2.1917034613869895
MKD,2018,0.39,0.62,-0.392622709274292,0.055729191750288,-0.211905926465988,0.515392661094666,-0.0260068122297525,51.9814257102568,0.373478758269516,34.938,0.0,1.0,0.0,0.598836501088704,0.5247285289349821,2.0969608400423527,2.143589361503588,3.44763557576794,0.18232155679395462,1.5933085305042167,9.670943201848665,9.823422143454353,0.0,4.613138355637268,2.1974733300335902
MKD,2019,0.414,0.644,-0.456911981105804,-0.124041438102722,0.00814169179648161,0.441836088895798,-0.0192464832216501,51.9082885199826,0.370800404566671,22.828,0.0,1.0,0.0,0.598836501088704,0.5306282510621704,2.1789706716528583,2.1633230256605382,3.467546762203689,0.18232155679395462,1.6213664832993742,9.703044203451054,9.914585600888957,0.0,4.61512051684126,2.0969608400423527
MKD,2020,0.404,0.668,-0.494269162416458,0.0282578598707914,0.112060539424419,0.435726046562195,0.0554443672299385,51.6614638343975,0.371385804723928,27.715,0.0,1.0,0.0,0.598836501088704,0.5364933705145685,2.281212261217538,2.1598687907924505,3.3571758295678253,0.18232155679395462,1.62924053973028,9.602525219831772,9.901644285095124,0.0,4.61512051684126,2.1789706716528583
MKD,2021,0.389,0.724,-0.375454425811768,-0.121813729405403,0.0624840781092644,0.405005574226379,0.135456100106239,51.9755216194788,0.374199336804587,29.837,0.0,1.0,1.0,0.598836501088704,0.5364933705145685,2.28893455565265,2.1983350716202463,3.401130712773168,0.18232155679395462,1.6733512381777533,9.659255953126294,10.005378133400304,0.0,4.61512051684126,2.281212261217538
MKD,2022,0.375,0.722,-0.323990255594254,-0.0813848301768303,0.180839285254478,0.452958881855011,0.162095278501511,52.5847051050075,0.371483230477939,27.104,0.0,1.0,0.0,0.598836501088704,0.5364933705145685,2.3471646605811576,2.122261538862764,3.457388661311898,0.18232155679395462,1.6074359097634274,9.723296504595574,10.088658960373332,0.0,4.61512051684126,2.28893455565265
MLI,2003,0.421,0.851,-0.744711637496948,-0.724401772022247,0.257701814174652,-0.577274203300476,0.336165219545364,32.8739069125163,0.60472676929864,25.225,0.0,0.0,0.0,0.0,0.22314355131420976,-5.488619311506287,0.5306282510621704,1.5709049627173166,0.1906203596086497,0.058268908123975775,5.708630702981022,7.4476915691030126,0.0,2.7536607123542622,-5.49225656144817
MLI,2004,0.421,0.851,-0.677577555179596,-0.79287451505661,0.452396661043167,-0.527328252792358,0.248863771557808,33.2976142032902,0.602579006112848,23.81,0.0,0.0,0.0,0.0,0.22314355131420976,-5.485286134224648,0.6418538861723948,1.6126328033306196,0.1906203596086497,0.06765864847381481,5.728384026190072,7.456507847592308,0.0,2.856470206220483,-5.488619311506287
MLI,2005,0.421,0.851,-0.500253260135651,-0.719699025154114,0.173916295170784,-0.559557259082794,0.247933819890022,33.7057185527971,0.603322132064684,33.557,0.0,0.0,0.0,0.0,0.22314355131420976,-5.4815609526351645,0.7371640659767197,1.6637366858414793,0.1906203596086497,0.07696104113612832,5.759059490146041,7.479682373315716,0.0,2.9549102790337356,-5.485286134224648
MLI,2006,0.421,0.851,-0.47920623421669,-0.760136187076569,0.414196908473969,-0.458761304616928,0.297409027814865,31.7812667431109,0.608563731778062,33.758,0.0,0.0,1.0,0.0,0.22314355131420976,-5.480574988590117,0.7929925155296614,1.8071405712663573,0.1906203596086497,0.08617769624105233,5.899965844387627,7.513463306764363,0.0,2.8678989020441064,-5.4815609526351645
MLI,2007,0.412,0.854,-0.42621174454689,-0.760422825813293,0.230479195713997,-0.390169739723206,0.22539059817791,32.6599532664127,0.603020411744247,32.911,0.0,0.0,1.0,0.0,0.22314355131420976,-5.474769564553721,0.8415671856782186,1.9669724867847147,0.1988508587451652,0.08617769624105233,6.055122211655273,7.5247570115189575,0.0,3.122364924487357,-5.480574988590117
MLI,2008,0.408,0.854,-0.537264764308929,-0.785017490386963,0.209998890757561,-0.424137949943542,0.202510952949524,32.7420116460837,0.601130237139916,34.254,0.0,0.0,0.0,0.0,0.22314355131420976,-5.452229777525443,0.9082585601768908,2.1152911945735333,0.173953307123438,0.09531017980432487,6.192493360256521,7.546707667924013,0.0,3.1945831322991562,-5.474769564553721
MLI,2009,0.408,0.854,-0.680893421173096,-0.797493636608124,-0.07557762414217,-0.408670276403427,0.0696147605776787,32.2923128221765,0.600829560610282,46.154,0.0,0.0,0.0,0.0,0.22314355131420976,-5.245617941404656,0.8372475245337022,2.331658340479753,0.1906203596086497,0.08617769624105233,6.40220737021151,7.5733762056537515,0.0,3.2188758248682006,-5.452229777525443
MLI,2010,0.405,0.865,-0.676808714866638,-0.847448468208313,-0.182899221777916,-0.483745783567429,0.158107548952103,32.8291169075937,0.601746313537067,49.153,0.0,0.0,0.0,0.0,0.22314355131420976,-5.39663433848026,1.085189268335969,2.358681832345916,0.20701416938432615,0.11332868530700317,6.399670894584031,7.6072219226688755,0.0,3.332204510175204,-5.245617941404656
MLI,2011,0.405,0.865,-0.648009061813354,-0.796498656272888,-0.708379745483398,-0.404689967632294,0.167899787425995,32.9753359128415,0.607523226047,56.481,0.0,0.0,0.0,0.0,0.22314355131420976,-5.5069855720360295,1.2296405510745139,2.49213049487732,0.2546422183735807,0.13976194237515868,6.513572782164133,7.624240824159243,0.0,3.3945083935113587,-5.39663433848026
MLI,2012,0.233,0.846,-0.831212103366852,-0.983055293560028,-2.03432869911194,-0.427046447992325,-0.495530128479004,32.2382456986815,0.607629348326916,57.143,0.0,0.0,0.0,0.0,0.22314355131420976,-5.369117398312701,1.0508216248317612,2.4930401496847225,0.2546422183735807,0.10436001532424277,6.485369317276421,7.596466662128758,0.0,3.280911215787653,-5.5069855720360295
MLI,2013,0.195,0.802,-0.79230660200119,-0.899786651134491,-1.72216212749481,-0.519340336322784,-0.284561961889267,32.4341556019226,0.608337117400552,54.091,0.0,0.0,0.0,0.0,0.2776317365982795,-5.441914113259495,1.1314021114911006,2.5713901096761376,0.2851789422336624,0.11332868530700317,6.54117140333328,7.630599153450314,0.0,3.5085558999826545,-5.369117398312701
MLI,2014,0.326,0.802,-0.751215159893036,-1.08551561832428,-1.71398878097534,-0.633841454982758,-0.161193147301674,32.8802249818472,0.607885796791565,58.167,0.0,1.0,0.0,0.0,0.2776317365982795,-4.834553977873722,1.1817271953786161,2.637484665054937,0.30010459245033805,0.12221763272424921,6.580938676329884,7.689772218294451,0.0,3.5610460826040513,-5.441914113259495
MLI,2015,0.35,0.794,-0.704493343830109,-0.960362553596497,-1.6827712059021,-0.633086144924164,-0.197768017649651,33.0832829078944,0.60764909601053,48.207,0.0,0.0,1.0,0.0,0.2776317365982795,-4.818874390446222,1.2919836816486494,2.8086795423841346,0.3074846997479606,0.1310282624064041,6.732693307517442,7.754156854744931,0.0,3.653252276470785,-4.834553977873722
MLI,2016,0.35,0.794,-0.677658140659332,-1.02762377262115,-1.61284875869751,-0.63912957906723,-0.182400822639465,34.189183031532,0.602758778752269,51.987,0.0,1.0,0.0,0.0,0.2776317365982795,-4.791199211818005,1.3001916620664788,3.0167106799391825,0.35065687161316933,0.1310282624064041,6.920783047879386,7.837082651235854,0.0,3.6838669122903918,-4.818874390446222
MLI,2017,0.326,0.82,-0.665663719177246,-0.964268267154694,-1.90349173545837,-0.616693496704102,-0.212172240018845,34.5053947831332,0.600515731250375,45.64,0.0,1.0,0.0,0.0,0.2776317365982795,-4.768373092302103,1.4327007339340463,3.1108896429414394,0.3784364357202451,0.14842000511827327,6.987653668550009,7.866222382337768,0.0,3.5779478934066544,-4.791199211818005
MLI,2018,0.305,0.822,-0.711823046207428,-1.02613079547882,-2.0845730304718,-0.600795805454254,-0.327881008386612,34.4668750202697,0.598208739198538,40.166,0.0,1.0,0.0,0.0,0.2776317365982795,-4.753175289439019,1.4996230464268938,3.1461330742215163,0.3784364357202451,0.15700374880966475,6.993252927529403,7.895589149877347,0.0,3.949318790171843,-4.768373092302103
MLI,2019,0.318,0.802,-0.704530775547028,-1.09918296337128,-2.2143087387085,-0.623046398162842,-0.44176921248436,34.958229635828,0.587369837716638,38.32,0.0,1.0,0.0,0.0,0.2776317365982795,-4.746558446009331,1.5810384379124023,3.2285885037219932,0.3852624007906449,0.16551443847757338,7.049037803816026,7.944799146231175,0.0,3.8897773964808264,-4.753175289439019
MLI,2020,0.268,0.809,-0.800912976264954,-1.18640530109406,-2.1463520526886,-0.673809766769409,-0.760558068752289,35.340199647462,0.568332658472025,40.863,0.0,1.0,0.0,0.0,0.2776317365982795,-4.73175651332206,1.6272778305624314,3.325970835419685,0.3920420877760237,0.173953307123438,7.120001266960108,7.910113957164732,0.0,3.9435216724875173,-4.746558446009331
MLI,2021,0.157,0.828,-0.887136936187744,-1.2514636516571,-2.33293581008911,-0.634793400764465,-0.801511585712433,34.8184121091833,0.573314401933221,39.086,0.0,1.0,1.0,0.0,0.2776317365982795,-4.7099316117304815,1.62924053973028,3.383712067321136,0.3987761199573678,0.16551443847757338,7.149204651662727,7.936384183608495,0.0,3.996364153861897,-4.73175651332206
MLI,2022,0.149,0.828,-0.844119906425476,-1.1489531993866,-2.56074357032776,-0.634121775627136,-0.920922577381134,34.8673419634622,0.575798941542314,42.857,0.0,0.0,0.0,0.0,0.3784364357202451,-4.714290345985445,1.724550719534605,3.4102562261505014,0.412109650826833,0.18232155679395462,7.1465760972376495,8.011494758868784,0.0,3.9889840465642745,-4.7099316117304815
MLT,2003,0.609,0.175,0.918518543243408,0.879186868667603,1.547776222229,1.14879059791565,1.34463798999786,56.3778987310007,0.328268755027532,0.0,0.0,0.0,0.0,0.0,0.0,1.37152397212168,1.1755733298042381,3.18333154534331,0.173953307123438,1.8702625307159986,10.944684370798669,9.94349693790313,0.0,4.61512051684126,1.2913590116808689
MLT,2004,0.608,0.175,0.831408500671387,0.779151678085327,1.31764233112335,1.12459182739258,1.37272918224335,55.9791176380848,0.326298072328416,0.0,0.0,0.0,0.0,0.0,0.0,1.3657968226735624,1.169381359556317,3.229974011534234,0.173953307123438,1.8562979903656263,10.987033393482074,9.979044775860173,0.0,4.61512051684126,1.37152397212168
MLT,2005,0.608,0.175,0.816374123096466,0.817258954048157,1.38035714626312,1.0603232383728,1.23385429382324,57.2008438004246,0.324618719237279,0.0,0.0,0.0,0.0,0.0,0.0,1.3802866500151971,1.1755733298042381,3.077911159511635,0.173953307123438,1.8594181177018698,10.822076820750501,10.009126702487668,0.2191085761020307,4.61512051684126,1.3657968226735624
MLT,2006,0.608,0.175,1.00268542766571,1.0186265707016,1.23125755786896,1.1148647069931,1.20378243923187,61.2773009452165,0.322582149259572,0.0,0.0,0.0,0.0,0.0,0.0,1.3948770368803853,1.1817271953786161,3.0986498075606774,0.173953307123438,1.8625285401162623,10.838635837813802,10.052985368192608,0.2191085761020307,4.61512051684126,1.3802866500151971
MLT,2007,0.606,0.193,1.01598310470581,1.19997453689575,1.26963186264038,1.14441573619843,1.2426346540451,61.5722670762748,0.32508991118819,0.0,0.0,0.0,0.0,0.0,0.0,1.4141334256356357,1.1939224684724346,3.180550710546533,0.173953307123438,1.873339456220478,10.920047022944727,10.127174291526856,0.2191085761020307,4.61512051684126,1.3948770368803853
MLT,2008,0.625,0.193,0.987337589263916,1.27120995521545,1.27317667007446,1.20197856426239,1.24973607063293,61.8143831197927,0.326800408083769,0.0,0.0,0.0,0.0,0.0,0.0,1.4223562681646154,1.1969481893889715,3.2141446504922992,0.173953307123438,1.873339456220478,10.95084533553808,10.190728144315694,0.2191085761020307,4.61512051684126,1.4141334256356357
MLT,2009,0.638,0.172,0.76673024892807,1.16994321346283,1.24936008453369,1.36444461345673,1.15272116661072,60.9566878466873,0.325661369301795,0.0,0.0,1.0,1.0,0.0,0.0,1.364237788438267,1.1537315878891892,3.2751805410786683,0.173953307123438,1.8180767775454285,11.009992693863722,10.194998944167553,0.2191085761020307,4.61512051684126,1.4223562681646154
MLT,2010,0.64,0.172,0.78482449054718,1.18747317790985,1.25345623493195,1.42860507965088,1.16721260547638,62.4576292121341,0.328189093905566,0.0,0.0,1.0,1.0,0.0,0.0,1.377068249861875,1.1346227261911428,3.4460751404402408,0.173953307123438,1.790091412127358,11.182649314897107,10.272059301203795,0.2191085761020307,4.61512051684126,1.364237788438267
MLT,2011,0.64,0.172,0.758895993232727,1.18965113162994,1.06393671035767,1.33432626724243,1.1433470249176,62.3437942027139,0.327312496423035,0.0,0.0,1.0,0.0,0.0,0.0,1.370997710497598,1.1537315878891892,3.397022010251675,0.173953307123438,1.809926773183504,11.127261837098763,10.289668966973595,0.2191085761020307,4.61512051684126,1.377068249861875
MLT,2012,0.638,0.172,0.935569167137146,1.24083888530731,1.06507515907288,1.32131969928741,1.16538798809052,57.8145684422777,0.325823922871526,1.304,0.0,1.0,0.0,0.0,0.0,1.4154680527297376,1.1939224684724346,3.3501496711515037,0.173953307123438,1.8547342683894434,11.074098993741028,10.332577832328814,0.2324956568844901,4.61512051684126,1.370997710497598
MLT,2013,0.608,0.226,0.97623074054718,1.25139141082764,1.04275786876678,1.29071772098541,1.15649199485779,58.1192193614702,0.328949078103243,1.77,0.0,1.0,0.0,0.0,0.0,1.3306395944328182,1.1817271953786161,3.2992015694061014,0.173953307123438,1.8373699804801074,11.016943428053807,10.408471132887136,0.2324956568844901,4.61512051684126,1.4154680527297376
MLT,2014,0.592,0.226,0.846630215644836,1.02343165874481,1.12549698352814,1.07836270332336,1.18419134616852,57.816794508327,0.326774749287953,3.556,0.0,1.0,0.0,0.0,0.0,1.33206486459633,1.1786549963416462,3.3191192706265484,0.173953307123438,1.8213182714695995,11.023599165550465,10.468994248421858,0.2324956568844901,4.61512051684126,1.3306395944328182
MLT,2015,0.59,0.226,0.8642418384552,0.81887686252594,1.05367743968964,1.1539055109024,1.20284688472748,58.2577091933465,0.326316113004094,7.692,0.0,1.0,0.0,0.0,0.0,1.1350294615602672,1.208960345836975,3.4050565919878757,0.173953307123438,1.8373699804801074,11.088782654500505,10.555292048090514,0.2324956568844901,4.61512051684126,1.33206486459633
MLT,2016,0.581,0.272,0.683730661869049,0.920882403850555,1.06645977497101,1.14384472370148,1.19653582572937,56.3248734293453,0.328527094638096,16.279,0.0,1.0,0.0,0.0,0.0,1.039766741657001,1.220829921392359,3.506457892319648,0.173953307123438,1.8325814637483102,11.170624293065492,10.621329280033313,0.2324956568844901,4.61512051684126,1.1350294615602672
MLT,2017,0.569,0.272,0.703656733036041,0.968723773956299,1.23830890655518,1.27156889438629,1.17123138904572,56.490744114192,0.332432346221006,10.303,0.0,1.0,0.0,0.0,0.0,1.1049024257035622,1.2556160374777745,3.6322032769203796,0.173953307123438,1.8500283773520307,11.272656621846464,10.731256450928027,0.2324956568844901,4.61512051684126,1.039766741657001
MLT,2018,0.563,0.272,0.547124087810516,0.930900931358337,1.27164912223816,1.32744300365448,1.10109639167786,55.9835097937511,0.333565672288326,10.152,0.0,1.0,0.0,0.0,0.0,1.103027386824811,1.2781522025001875,3.6721401301096384,0.173953307123438,1.8484548129046003,11.278672380687617,10.782665146038978,0.2324956568844901,4.61512051684126,1.1049024257035622
MLT,2019,0.583,0.283,0.209994375705719,0.824169158935547,1.01364505290985,0.938031852245331,1.08007621765137,54.8983222998575,0.331423846310407,10.145,0.0,1.0,0.0,0.0,0.0,1.1381582201962646,1.3110318766193438,3.7123273899764846,0.173953307123438,1.8531680973566984,11.280528091309476,10.847254324069512,0.2324956568844901,4.61512051684126,1.103027386824811
MLT,2020,0.624,0.194,0.342483103275299,0.99406486749649,0.99847799539566,1.21012890338898,1.11851668357849,55.8677636854967,0.32565709835759,11.628,0.0,1.0,0.0,0.0,0.0,1.1213213650105216,1.2725655957915476,3.6399517804905126,0.173953307123438,1.7850704810772584,11.178485300291603,10.819236915536424,0.2324956568844901,4.61512051684126,1.1381582201962646
MLT,2021,0.63,0.194,0.292902559041977,0.853116869926453,0.887514472007751,0.801096200942993,1.0709707736969,56.1908555699764,0.321663438726936,12.162,0.0,1.0,0.0,0.0,0.0,1.1210916510845828,1.3164082336557241,3.595502404608637,0.173953307123438,1.8261608959453874,11.120974532639421,10.948228790102837,0.2324956568844901,4.61512051684126,1.1213213650105216
MLT,2022,0.631,0.194,0.238765001296997,0.804084479808807,0.911014318466187,0.674093782901764,1.08086717128754,56.4135192993455,0.318458676928923,13.043,0.0,1.0,0.0,0.0,0.0,1.1740955978508096,1.3711807233098425,3.662099038578967,0.173953307123438,1.8825138324965192,11.182149611110038,10.993948946593026,0.0,4.61512051684126,1.1210916510845828
MMR,2003,0.017,0.887,-1.47258913516998,-1.29273951053619,-1.15374350547791,-2.03189849853516,-2.08195519447327,33.746052537822,0.531429847304512,38.376,0.0,0.0,0.0,0.0,0.26236426446749106,4.99975528036734,1.8594181177018698,3.9979254344288493,0.4382549309311553,0.11332868530700317,7.044988810226831,7.23383694746144,0.0,3.8308129500026027,4.960418158393064
MMR,2004,0.017,0.887,-1.64990055561066,-1.5750937461853,-0.984741389751434,-2.34857296943665,-2.12265229225159,33.0626191787601,0.531428731255843,42.959,0.0,0.0,0.0,0.058268908123975775,0.5596157879354227,5.020199422946369,1.888583653863595,4.047549905702249,0.4252677354043441,0.11332868530700317,7.086910996457571,7.378908906779643,0.0,3.85439389259151,4.99975528036734
MMR,2005,0.017,0.887,-1.54068303108215,-1.53674149513245,-0.899246156215668,-2.12752461433411,-2.16620492935181,34.6501324094379,0.528382952346967,49.834,0.0,0.0,0.0,0.11332868530700317,0.5596157879354227,5.054275514996553,1.9487632180377197,4.300057071806631,0.4054651081081644,0.12221763272424921,7.335372539670711,7.529113252437783,0.0,3.877431560658527,5.020199422946369
MMR,2006,0.017,0.887,-1.65977263450623,-1.47461295127869,-0.850372433662415,-2.19364547729492,-2.2332706451416,37.687905697141,0.527554781636954,53.883,0.0,0.0,0.0,0.11332868530700317,0.5709795465857378,5.08117516636997,1.9712993830601329,4.23065126676994,0.3987761199573678,0.12221763272424921,7.257749959564227,7.675020253901615,0.0,3.899950424193877,5.054275514996553
MMR,2007,0.017,0.887,-1.62557423114777,-1.49425947666168,-1.06611335277557,-2.27373504638672,-2.21349167823792,38.2346586365806,0.521651344536747,56.562,0.0,0.0,0.0,0.11332868530700317,0.5933268452777344,5.092921456887354,2.0014800002101243,4.305644925692469,0.3852624007906449,0.12221763272424921,7.326669540414306,7.807858685947495,0.0,3.9219733362813143,5.08117516636997
MMR,2008,0.018,0.887,-1.61574602127075,-1.54291808605194,-1.09180378913879,-2.21325135231018,-2.20797920227051,38.401769450533,0.521788870432622,61.48,0.0,0.0,0.0,0.11332868530700317,0.6678293725756554,5.0831861804219916,2.030776369698555,4.201149034872071,0.4700036292457356,0.1310282624064041,7.215232625761888,7.919021303095639,0.0,3.9435216724875173,5.092921456887354
MMR,2009,0.018,0.887,-1.65966737270355,-1.6242733001709,-1.2944188117981,-2.23434448242188,-2.17256188392639,38.391585688153,0.520115867062162,75.466,0.0,1.0,1.0,0.11332868530700317,0.9783261227936076,5.085721611003872,2.075684492802124,4.0760448050506675,0.3576744442718159,0.1310282624064041,7.082661073521851,8.019875859590684,0.0,3.966511190712216,5.0831861804219916
MMR,2010,0.032,0.862,-1.67280876636505,-1.62764239311218,-1.28592801094055,-2.24458050727844,-2.06740403175354,39.6700108184743,0.51744743655342,71.81,0.0,0.0,1.0,0.11332868530700317,1.2584609896100059,5.09522330854579,2.263844264677615,4.114751581999741,0.30010459245033805,0.16551443847757338,7.114537714201102,8.116455559653005,0.0,3.9080149840306073,5.085721611003872
MMR,2011,0.109,0.751,-1.59468901157379,-1.60698401927948,-1.11109840869904,-2.10201287269592,-1.84963369369507,40.1303136284882,0.515544320044431,72.1,0.0,0.0,0.0,0.11332868530700317,1.308332819650179,5.079838743105955,2.4362414778067194,4.131544003211207,0.32208349916911333,0.1906203596086497,7.123559160699628,8.183231153925117,0.0,4.009149716158869,5.09522330854579
MMR,2012,0.133,0.72,-1.06979167461395,-1.47650003433228,-0.943674981594086,-1.8346574306488,-1.62011933326721,42.4691831990134,0.511163679726638,71.326,0.0,1.0,0.0,0.11332868530700317,1.3402504226184837,5.089272836867966,2.498151876538021,4.339732202482475,0.37156355643248307,0.1988508587451652,7.326247168930339,8.254828665748256,0.0,4.030694535145645,5.079838743105955
MMR,2013,0.16,0.605,-1.00620079040527,-1.5093686580658,-1.14037239551544,-1.50004291534424,-1.4617201089859,32.9838892574562,0.511879317668427,72.552,0.0,1.0,0.0,0.11332868530700317,1.3887912413184778,5.10860456377206,2.599722324216582,4.487073351101879,0.3920420877760237,0.22314355131420976,7.466822344968632,8.329568830130578,0.0,4.051784947803305,5.089272836867966
MMR,2014,0.165,0.605,-0.884396433830261,-1.29918825626373,-1.08758068084717,-1.39787828922272,-1.34409058094025,34.3146948540763,0.512932144089253,62.96,0.0,1.0,0.0,0.11332868530700317,1.4327007339340463,5.1401372333379625,2.733717947850788,4.667355941542065,0.35065687161316933,0.2468600779315258,7.640583643585446,8.384207554482893,0.0,3.970291913552122,5.10860456377206
MMR,2015,0.183,0.569,-0.853926837444305,-1.29010629653931,-1.16666913032532,-1.24763536453247,-1.21916234493256,35.6294266846057,0.499034539629541,59.506,0.0,1.0,0.0,0.11332868530700317,1.4327007339340463,5.159962461190376,2.8449093838194073,4.58304726890032,0.27002713721306015,0.2776317365982795,7.5474837501647265,8.402834657949168,0.0,4.119037174812473,5.1401372333379625
MMR,2016,0.233,0.433,-0.641822934150696,-1.0119286775589,-0.808124959468842,-0.872649312019348,-0.79665869474411,37.1899742864477,0.501738491263495,55.188,0.0,1.0,0.0,0.11332868530700317,1.449269160281279,5.189892332117507,2.8178010650613294,4.739491266726863,0.2851789422336624,0.27002713721306015,7.69742372386922,8.403025072280757,0.0,4.036008985209137,5.159962461190376
MMR,2017,0.234,0.432,-0.590482652187347,-1.08614337444305,-1.08409464359283,-0.839830458164215,-0.864974677562714,38.2625087232846,0.491211791239889,53.327,0.0,1.0,0.0,0.14842000511827327,1.449269160281279,5.27500075415049,3.027715319407042,5.009588079291522,0.2851789422336624,0.32208349916911333,7.9617745829868305,8.456897919376106,0.0,4.259859000699674,5.189892332117507
MMR,2018,0.239,0.348,-0.612662672996521,-1.09144246578217,-1.26697564125061,-0.750430941581726,-0.900570631027222,38.0639551363012,0.498560861060093,58.179,0.0,1.0,0.0,0.173953307123438,1.4516138272405332,5.1456369416616505,3.0544727685765913,5.051815624406572,0.31481073984003355,0.3293037471426004,7.9970220338704525,8.627352028519608,0.0,4.206184043977636,5.27500075415049
MMR,2019,0.255,0.384,-0.644901871681213,-1.18584144115448,-1.33050167560577,-0.753546059131622,-0.857247412204742,37.9310570284395,0.500722761257205,56.263,0.0,1.0,0.0,0.173953307123438,1.4516138272405332,5.144877775822761,2.94706710157271,5.028835330740207,0.4510756193602167,0.29266961396282,7.966876284562889,8.716432902033482,0.0,4.238444906195857,5.1456369416616505
MMR,2020,0.261,0.383,-0.679686844348907,-1.01606965065002,-1.5117404460907,-0.621483266353607,-0.939642190933228,38.329493490541,0.505302760934705,48.669,0.0,1.0,0.0,0.173953307123438,1.4516138272405332,5.152942841011507,2.919930560137709,5.039170919349022,0.6981347220709844,0.2851789422336624,7.970169242477435,8.655561198965927,0.0,4.268297869345539,5.144877775822761
MMR,2021,0.02,0.64,-1.04822087287903,-1.41513621807098,-2.08407926559448,-1.11852133274078,-1.65846216678619,36.6584527298274,0.515348157477337,49.349,0.0,1.0,1.0,0.173953307123438,1.4516138272405332,5.142756389462785,2.9785861147190205,5.002320824492171,0.4700036292457356,0.30010459245033805,7.926122339470817,8.552453607969888,0.0,4.297285406218791,5.152942841011507
MMR,2022,0.016,0.772,-1.15152585506439,-1.68502449989319,-2.19571399688721,-1.23508405685425,-1.81123757362366,36.300745375087,0.515496947663429,40.86,0.0,0.0,0.0,0.173953307123438,1.4516138272405332,5.1415761968380265,3.1801349965517702,4.903747687101833,0.3852624007906449,0.3576744442718159,7.819986180887797,8.653983397113516,0.0,4.312140507209715,5.142756389462785
MNG,2003,0.549,0.623,-0.221844956278801,-0.214628025889397,0.963294148445129,-0.560890138149261,0.32553905248642,47.1174714457765,0.424305078213076,0.0,0.0,1.0,0.0,0.5306282510621704,0.019802627296179712,-1.6707338511498313,1.4516138272405332,2.9355575505179208,0.07696104113612832,0.832909122935104,8.863922359691427,8.389442857197329,0.0,4.3476939555933765,-1.4228224663482014
MNG,2004,0.553,0.637,-0.2694111764431,-0.375969409942627,0.775293171405792,-0.495305836200714,0.272552013397217,46.9325733634887,0.421918750834796,0.0,0.0,0.0,0.0,0.5306282510621704,0.019802627296179712,-1.7713778756570921,1.4906543764441333,3.0301820082832167,0.06765864847381481,0.8544153281560676,8.95531056449965,8.505692640254646,0.0,4.328098292648326,-1.6707338511498313
MNG,2005,0.554,0.661,-0.604816973209381,-0.373126298189163,0.878712356090546,-0.491697430610657,0.0695406645536423,46.7369746026437,0.404709806534258,0.0,0.0,0.0,1.0,0.5306282510621704,0.019802627296179712,-0.6028206420296992,1.5173226235262947,3.0612390757561108,0.058268908123975775,0.8712933659434192,8.979804942924709,8.595476213868915,0.0,4.468204330914934,-1.7713778756570921
MNG,2006,0.565,0.66,-0.587645471096039,-0.489525705575943,0.646906971931458,-0.321416348218918,0.253958493471146,45.8751887156106,0.40581541246131,0.0,0.0,0.0,0.0,0.5306282510621704,0.019802627296179712,1.217975426670342,1.55814461804655,3.112581540050283,0.039220713153281295,0.8960880245566356,9.025329201411719,8.695874277614259,0.0,4.356708826689592,-0.6028206420296992
MNG,2007,0.565,0.66,-0.613750696182251,-0.537642061710358,0.668377757072449,-0.283821403980255,0.314249187707901,45.9330557089734,0.40203032864472,0.0,0.0,1.0,1.0,0.5306282510621704,0.019802627296179712,1.7946099687918715,1.5912739418064292,3.211851209931236,0.039220713153281295,0.9162907318741551,9.120030469920199,8.806731751065211,0.0,4.370712874773608,1.217975426670342
MNG,2008,0.536,0.663,-0.664763152599335,-0.523842573165894,0.539784848690033,-0.351098924875259,0.268697589635849,45.7640316309408,0.402868488527008,0.25,0.0,0.0,0.0,0.5306282510621704,0.019802627296179712,1.9302776634055068,1.6448050562713916,3.2628161523305663,0.04879016416943201,0.9516578757114464,9.162968431651718,8.895298166280117,0.0,4.384523514872469,1.7946099687918715
MNG,2009,0.544,0.66,-0.761497497558594,-0.663388073444366,0.609987437725067,-0.306162863969803,0.125629633665085,45.6664260979308,0.400713037092502,0.743,0.0,0.0,0.0,0.5306282510621704,0.019802627296179712,2.3229230008188027,1.6448050562713916,3.3190107106742084,0.04879016416943201,0.9439058989071285,9.209659240058496,8.870718373957207,0.0,4.398146016553765,1.9302776634055068
MNG,2010,0.563,0.658,-0.733134984970093,-0.561575889587402,0.597042262554169,-0.258041173219681,0.0884936228394508,45.6023096995868,0.397756134097514,1.157,0.0,1.0,0.0,0.5306282510621704,0.0295588022415444,2.579450552322859,1.715598108262491,3.5287400442536305,0.04879016416943201,0.9895411936137477,9.412888404138528,8.926998941881292,0.0,4.375757021660286,2.3229230008188027
MNG,2011,0.566,0.652,-0.696974515914917,-0.575659573078156,0.606538891792297,-0.238061502575874,0.0520602315664291,45.637209039314,0.398728682766065,1.322,0.0,1.0,1.0,0.5306282510621704,0.0295588022415444,2.9282332356322196,1.7561322915849038,3.58806414887512,0.04879016416943201,1.0116009116784799,9.458003564824573,9.089620337034676,0.0,4.291828366755733,2.579450552322859
MNG,2012,0.569,0.66,-0.535095810890198,-0.626131415367126,0.471134811639786,-0.216407060623169,0.0654749944806099,46.8972321573272,0.391149283313261,1.247,0.0,1.0,0.0,0.5306282510621704,0.0295588022415444,2.988240442020675,1.8164520818184267,3.7567717201568547,0.019802627296179712,1.0438040521731147,9.612955155098176,9.225497106139494,0.0,4.439115601658009,2.9282332356322196
MNG,2013,0.56,0.636,-0.478146493434906,-0.539035797119141,0.491320788860321,-0.332616418600082,0.108922056853771,48.0960205826074,0.389189323289862,2.39,0.0,0.0,0.0,0.5306282510621704,0.0295588022415444,3.101977020301692,1.9740810260220096,3.8813369680957814,0.019802627296179712,1.1537315878891892,9.720335931334013,9.253724047431454,0.0,4.409155302062135,2.988240442020675
MNG,2014,0.556,0.638,-0.472313284873962,-0.426087707281113,0.791901171207428,-0.277615696191788,0.241448745131493,49.3318160412462,0.386440761874217,3.903,0.0,1.0,1.0,0.5596157879354227,0.0295588022415444,3.2339846223718274,2.0412203288596382,3.911522880386464,0.019802627296179712,1.1939224684724346,9.729923377690904,9.296630953568902,0.0,4.465908118654584,3.101977020301692
MNG,2015,0.551,0.653,-0.517774403095245,-0.448192268610001,0.711831986904144,-0.368251025676727,0.270105838775635,49.0921017763406,0.386213575831421,3.993,0.0,1.0,1.0,0.6312717768418579,0.0295588022415444,3.1459908930764864,2.064327903869788,3.8675066953196193,0.019802627296179712,1.1969481893889715,9.663428741465243,9.2552470742165,0.0,4.48863636973214,3.2339846223718274
MNG,2016,0.55,0.653,-0.509957373142242,-0.0960112661123276,0.787600100040436,-0.0993876680731773,0.332040816545486,49.7919102242921,0.391070259390769,4.409,0.0,1.0,0.0,0.6312717768418579,0.0295588022415444,3.439657034653023,2.089391872533004,3.87801110283644,0.019802627296179712,1.2029723039923526,9.652792932134627,9.260309184724884,0.0,4.519612297626445,3.1459908930764864
MNG,2017,0.54,0.679,-0.475923269987106,-0.278352558612823,0.783372223377228,-0.128521844744682,0.292925477027893,51.4368369273905,0.365912821041466,4.146,0.0,1.0,0.0,0.6312717768418579,0.0295588022415444,3.6471112342848775,2.149433913499871,3.970838933720626,0.0,1.235471471385307,9.726805145805763,9.314433465231602,0.0,4.549657476057833,3.439657034653023
MNG,2018,0.536,0.694,-0.449105560779572,-0.246418356895447,0.83126026391983,0.00820671487599611,0.243952363729477,51.7048431326069,0.361012806076537,6.697,0.0,1.0,0.0,0.6312717768418579,0.0295588022415444,3.729303623024236,2.2202898502672155,4.05897641838431,0.0,1.2781522025001875,9.796355412923369,9.418856049936121,0.0,4.596129441335942,3.6471112342848775
MNG,2019,0.543,0.711,-0.455754339694977,-0.234439387917519,0.636750936508179,-0.00252702389843762,0.321980535984039,52.5226106911939,0.350603232502162,9.942,0.0,1.0,0.0,0.6471032420585385,0.0295588022415444,3.8463131342783745,2.265921108622454,4.151118642956283,0.0,1.3001916620664788,9.869909362366583,9.51826460329202,0.0,4.604169685654508,3.729303623024236
MNG,2020,0.519,0.692,-0.494853645563126,-0.419692069292068,0.717836558818817,-0.10893253237009,0.374683976173401,52.1193337984179,0.351227568538759,10.241,0.0,1.0,1.0,0.6471032420585385,0.0295588022415444,3.7039737904697865,2.2278615467981093,4.151039905898646,0.0,1.2584609896100059,9.851854674180679,9.524726189939702,0.0,4.61015772749913,3.8463131342783745
MNG,2021,0.492,0.719,-0.553672432899475,-0.515481352806091,0.705918788909912,-0.253772854804993,0.3111512362957,52.3470265273086,0.35193869374302,11.156,0.0,0.0,0.0,0.6678293725756554,0.0295588022415444,3.731823428567389,2.3263016196113617,4.12458274528271,0.009950330853168083,1.3270750014599193,9.810217485286286,9.60192633605727,0.0,4.61512051684126,3.7039737904697865
MNG,2022,0.458,0.736,-0.561183452606201,-0.424924910068512,0.529954373836517,-0.27089050412178,0.264592379331589,51.7092182451995,0.364897175053049,9.806,0.0,0.0,0.0,0.6678293725756554,0.0295588022415444,3.818497478267243,2.382320061012899,3.977548539308344,0.009950330853168083,1.3609765531356006,9.646806865897153,9.705218882270696,0.0,4.61512051684126,3.731823428567389
MOZ,2003,0.291,0.52,-0.642179369926453,-0.538822293281555,0.246098503470421,-0.618506610393524,-0.0311716701835394,36.7546882075781,0.508008176248244,99.722,0.0,0.0,0.0,0.0,1.1568811967920856,2.944368854142949,2.252343876557299,2.900707053144881,0.2468600779315258,0.36464311358790924,6.7881312998286445,6.431310970107682,0.0,2.2082744135228043,2.0655204203043094
MOZ,2004,0.292,0.52,-0.613359034061432,-0.591962873935699,0.00325646600686014,-0.493495106697083,-0.0339414738118649,37.0882662363197,0.503657815790071,99.569,0.0,0.0,0.0,0.0,1.1568811967920856,3.3864075938583693,2.4397349311412793,2.9367781307103202,0.29266961396282,0.4252677354043441,6.803458641649467,6.513742913040025,0.0,2.4595888418037104,2.944368854142949
MOZ,2005,0.311,0.52,-0.534635305404663,-0.543785512447357,0.125595733523369,-0.741414427757263,0.00833530258387327,36.9530281510588,0.500765763923089,99.848,0.0,0.0,0.0,0.0,1.1568811967920856,3.686565757176211,2.4630018143999504,2.9843173707386925,0.07696104113612832,0.4252677354043441,6.8304043618542405,6.582595283730315,0.0,2.5494451709255714,3.3864075938583693
MOZ,2006,0.308,0.52,-0.618245720863342,-0.673949062824249,0.520101010799408,-0.626963675022125,-0.0863831415772438,36.3100206329722,0.499498561284894,99.863,0.0,0.0,0.0,0.0,1.1568811967920856,3.751407132297834,2.533696813957432,3.0595048764510575,0.06765864847381481,0.44468582126144574,6.885927783022397,6.683846019141139,0.0,2.639057329615259,3.686565757176211
MOZ,2007,0.31,0.52,-0.512877285480499,-0.548251628875732,0.35761559009552,-0.636888325214386,-0.0817873626947403,36.5574869069717,0.501218147930014,99.937,0.0,0.0,0.0,0.0,1.1568811967920856,3.831927309449446,2.574899688314705,3.19055865148642,0.0,0.4510756193602167,6.999066564766034,6.76040041837849,0.0,2.5952547069568657,3.751407132297834
MOZ,2008,0.307,0.52,-0.487182706594467,-0.55720442533493,0.383096486330032,-0.512790739536285,-0.0727424472570419,36.7482320859711,0.499101325188395,99.933,0.0,0.0,0.0,0.0,1.1568811967920856,3.888182184533344,2.561867690924129,3.1399191938664885,0.0,0.4382549309311553,6.921634515231968,6.821277414450105,0.0,2.681021528714291,3.831927309449446
MOZ,2009,0.303,0.52,-0.428717106580734,-0.600310385227203,0.625379621982574,-0.437218874692917,-0.114246524870396,36.7063301396984,0.500210207454076,99.94,0.0,0.0,1.0,0.0,1.1568811967920856,3.9390911398484323,2.5974910105351463,3.187756605809331,0.0,0.44468582126144574,6.945656853223366,6.8590748352452495,0.0,2.772588722239781,3.888182184533344
MOZ,2010,0.295,0.52,-0.436986297369003,-0.616408288478851,0.394421875476837,-0.453413218259811,-0.120654635131359,37.0140283454428,0.498301630599308,99.88,0.0,0.0,0.0,0.0,1.1568811967920856,4.005445161519347,2.648300196696436,3.2076935354656313,0.0,0.4510756193602167,6.939685054651224,6.908995658058649,0.0,2.990719731730447,3.9390911398484323
MOZ,2011,0.295,0.52,-0.496196299791336,-0.650063931941986,0.332048267126083,-0.473082095384598,-0.199520617723465,36.939105596107,0.499005122418093,99.337,0.0,0.0,1.0,0.0,1.1600209167967532,4.112809974132738,2.6851226964585053,3.4483989831464497,0.0,0.4574248470388754,7.161296891911685,6.970406488670258,0.0,3.054001181677967,4.005445161519347
MOZ,2012,0.295,0.52,-0.569021642208099,-0.653231084346771,0.39049369096756,-0.465775460004807,-0.197661280632019,36.2053458734054,0.498403175727957,99.265,0.0,0.0,0.0,0.0,1.1600209167967532,4.180246821636756,2.6905648867611904,3.6885293928496408,0.0,0.4510756193602167,7.379539197571963,6.981821263904188,0.0,3.100092288878234,4.112809974132738
MOZ,2013,0.298,0.504,-0.602838695049286,-0.635945856571198,-0.226966470479965,-0.417519450187683,-0.256401658058167,36.253336229776,0.496612364902262,98.588,0.0,0.0,1.0,0.0,1.1600209167967532,4.106441430782379,2.7226103524335397,3.8131745733855427,0.0,0.4510756193602167,7.478226221674568,7.0163877109128645,0.0,3.152736022363656,4.180246821636756
MOZ,2014,0.3,0.504,-0.669842422008514,-0.744966745376587,-0.336002737283707,-0.435868889093399,-0.24679134786129,37.015635973152,0.495289694956668,98.659,0.0,1.0,0.0,0.0,1.1600209167967532,4.028651343228115,2.7343675094195836,3.914699420631554,0.058268908123975775,0.44468582126144574,7.552900584591048,7.062044462995862,0.0,3.250374491927572,4.106441430782379
MOZ,2015,0.296,0.499,-0.779485106468201,-0.828703820705414,-0.516435563564301,-0.56189900636673,-0.270830363035202,36.8649336488479,0.494313719790159,92.982,0.0,0.0,1.0,0.0,1.1600209167967532,4.0540435142200515,2.77757626375082,3.9862766812522867,0.10436001532424277,0.4510756193602167,7.596851264521813,7.184544129821864,0.0,3.2188758248682006,4.028651343228115
MOZ,2016,0.285,0.498,-0.902741551399231,-0.946212470531464,-1.09681463241577,-0.74905401468277,-0.417111307382584,36.7558747325238,0.494692762150824,82.715,0.0,1.0,0.0,0.0,1.1600209167967532,4.12272416212037,2.8051769118329326,4.08452988883371,1.1878434223960523,0.4510756193602167,7.667538622839225,7.229916601417804,0.0,3.3032169733019514,4.0540435142200515
MOZ,2017,0.269,0.521,-0.857399106025696,-0.95696634054184,-0.918098509311676,-0.770824313163757,-0.420955717563629,36.4868900812113,0.494970818553045,80.499,0.0,1.0,0.0,0.0,1.1600209167967532,4.162100548577199,2.8284963541780774,4.140114296466289,1.5432981099295553,0.4510756193602167,7.6941491481757724,7.157540496329791,0.0,3.2308043957334744,4.12272416212037
MOZ,2018,0.261,0.55,-0.809045612812042,-0.960869610309601,-0.833229660987854,-0.796630501747131,-0.484720945358276,37.1796201071121,0.492964879829689,81.797,0.0,1.0,0.0,0.0,1.1600209167967532,4.208165730483734,2.8172035149987327,3.8747364206421295,0.9001613499442714,0.43178241642553783,7.394191894065425,7.190364724154171,0.0,3.4688560301359703,4.162100548577199
MOZ,2019,0.249,0.545,-0.872100949287415,-0.909160733222961,-0.765720069408417,-0.780855536460876,-0.544878602027893,36.9942002408639,0.493696258130162,79.358,0.0,1.0,0.0,0.0,1.1600209167967532,4.172771799520332,2.8622008809294686,3.9182038645032273,0.5538851132264376,0.4382549309311553,7.409155825924906,7.236913022908844,0.0,3.4242626545931514,4.208165730483734
MOZ,2020,0.229,0.548,-0.787528455257416,-0.810174465179443,-1.28312349319458,-0.772882997989655,-0.595090806484222,37.2371818002997,0.494780371136377,83.491,0.0,1.0,0.0,0.0,1.1600209167967532,4.137536972619337,2.8100049236252036,3.838613251002147,0.5538851132264376,0.412109650826833,7.298308420990524,7.253201699953567,0.0,3.4531571205928664,4.172771799520332
MOZ,2021,0.236,0.572,-0.832316100597382,-0.802774250507355,-1.25703620910645,-0.796027064323425,-0.608652472496033,37.0352984010833,0.495192645635199,82.98,0.0,1.0,0.0,0.0,1.1600209167967532,4.187502692035118,2.827313621929028,3.978653087725909,0.6418538861723948,0.4054651081081644,7.411553266658563,7.284982359966834,0.0,3.481240089335692,4.137536972619337
MOZ,2022,0.235,0.599,-0.835754334926605,-0.73704868555069,-1.26560831069946,-0.726218461990356,-0.586264908313751,37.226111052127,0.491543032423197,83.691,0.0,1.0,0.0,0.0,1.1600209167967532,4.254259148371658,2.854744580253014,4.046553898385752,0.5068176023684519,0.4054651081081644,7.451213229298264,7.367041806212357,0.0,3.5322256440685598,4.187502692035118
MRT,2003,0.14,0.854,-0.0743419826030731,-0.19557811319828,0.059730738401413,-0.160814732313156,-0.764577209949493,37.6265529552067,0.584919122906463,8.0,0.0,0.0,0.0,0.0,2.1972245773362196,2.359498588361686,0.4574248470388754,1.923080086555413,0.2151113796169455,0.1906203596086497,7.64302712521772,7.80290334262357,0.0,3.1780538303479458,2.33449521501185
MRT,2004,0.144,0.854,-0.365095525979996,-0.591200113296509,-0.16634014248848,-0.149925395846367,-1.13142073154449,37.0361368917611,0.575395266180026,7.407,0.0,0.0,0.0,0.0,2.1294214739848565,2.357324610635621,0.4762341789963716,1.9856801618653614,0.2151113796169455,0.1906203596086497,7.692407226119052,7.852164572223429,0.0,3.2308043957334744,2.359498588361686
MRT,2005,0.119,0.868,-0.535383820533752,-0.321755260229111,-0.224495947360992,-0.376651972532272,-0.912761688232422,36.3113524944639,0.576125123904548,9.434,0.0,0.0,0.0,0.0,2.344686269012681,2.378338683265707,0.5068176023684519,2.0219448353313108,0.2151113796169455,0.20701416938432615,7.71001243717384,7.940952246754099,0.0,2.9549102790337356,2.357324610635621
MRT,2006,0.12,0.81,-0.746408820152283,-0.90061366558075,0.240350216627121,-0.466557532548904,-0.851902544498444,35.0684976777892,0.554561206927357,8.065,0.0,0.0,0.0,0.0,2.203869120054888,2.4357174413995635,0.5596157879354227,1.9982314862542927,0.2151113796169455,0.22314355131420976,7.657660320949393,8.114536291662464,0.0,3.332204510175204,2.378338683265707
MRT,2007,0.235,0.826,-0.576470911502838,-0.924703121185303,-0.279368013143539,-0.494043827056885,-0.666273534297943,36.0090129837351,0.553277885635933,7.813,0.0,0.0,0.0,0.0,2.175887439948088,2.4135553791861257,0.5423242908253616,2.1051092884284137,0.2151113796169455,0.20701416938432615,7.754203635786182,8.095378132524186,0.0,3.5263605246161616,2.4357174413995635
MRT,2008,0.205,0.838,-0.785068154335022,-1.00329864025116,-0.643881678581238,-0.678380012512207,-0.94266402721405,35.4607148302377,0.551403805499023,8.333,0.0,1.0,0.0,0.0,2.2332350148592526,2.3935983147820536,0.598836501088704,2.2905125117597764,0.2151113796169455,0.23111172096338664,7.93404487273522,8.08240158096042,0.0,3.4339872044851463,2.4135553791861257
MRT,2009,0.189,0.841,-0.60821795463562,-0.925685346126556,-0.882854044437408,-0.711697697639465,-0.924538612365723,35.7855456476051,0.565179754578166,14.286,0.0,0.0,0.0,0.0,2.727199019940971,2.4403623734023236,0.6312717768418579,2.2749055238873033,0.2151113796169455,0.23901690047049992,7.885308170578711,8.05824633585579,0.0,3.4688560301359703,2.3935983147820536
MRT,2010,0.224,0.841,-0.712734580039978,-0.985421478748322,-1.07616984844208,-0.843002915382385,-0.909265220165253,35.3282382310073,0.553328188081541,14.118,0.0,1.0,0.0,0.0,2.716018370751387,2.4619256716698503,0.6780335427498971,2.267683040984781,0.2151113796169455,0.2546422183735807,7.845360044421977,8.064273002685521,0.0,3.5610460826040513,2.4403623734023236
MRT,2011,0.225,0.841,-0.641656637191772,-0.961429834365845,-1.17367887496948,-0.801002621650696,-0.9275963306427,35.141544103842,0.561993837453369,14.943,0.0,0.0,0.0,0.0,2.768831673362069,2.4950105561570863,0.6931471805599453,2.3332112865358066,0.2151113796169455,0.2546422183735807,7.885777972287027,8.093114677713551,0.0,3.591817741270805,2.4619256716698503
MRT,2012,0.226,0.841,-0.793573498725891,-0.914369821548462,-1.13399171829224,-0.652322828769684,-0.910916328430176,35.6361697103793,0.55330751606312,14.583,0.0,0.0,0.0,0.0,2.7459880404426023,2.5382330910824757,0.7419373447293773,2.426924367249653,0.2151113796169455,0.26236426446749106,7.956384992841734,8.150749722126035,0.0,3.6216707044204863,2.4950105561570863
MRT,2013,0.175,0.856,-0.846973955631256,-0.994336724281311,-1.01476144790649,-0.671195030212402,-0.959503531455994,35.4787078091859,0.556375283447143,21.429,0.0,0.0,0.0,0.0,2.9096295745005794,2.5426899473107536,0.7654678421395714,2.326008607937634,0.2151113796169455,0.27002713721306015,7.813806970330497,8.251154432888741,0.0,3.653252276470785,2.5382330910824757
MRT,2014,0.176,0.856,-0.932971298694611,-0.991944909095764,-0.589508354663849,-0.832643926143646,-0.895771265029907,35.5178268216222,0.55916029198934,21.359,0.0,1.0,0.0,0.0,2.916689066213538,2.5979230561133932,0.7929925155296614,2.494031557565001,0.2151113796169455,0.27002713721306015,7.968245743830193,8.260012541335607,0.0,3.6838669122903918,2.5426899473107536
MRT,2015,0.18,0.856,-0.939602792263031,-1.06793129444122,-0.635684847831726,-0.912680149078369,-0.888364434242249,35.4790075005613,0.562964790827046,27.586,0.0,1.0,1.0,0.0,2.8553201198372458,2.6250794194420024,0.8501509293696101,2.4938663911594725,0.2151113796169455,0.29266961396282,7.938024128093864,8.288688221538278,0.0,3.7013019741124933,2.5979230561133932
MRT,2016,0.18,0.856,-0.762259602546692,-0.85434877872467,-0.748691558837891,-0.788824498653412,-0.774308800697327,37.6061630102898,0.558962150532615,25.0,0.0,1.0,0.0,0.0,2.502255288122613,2.617356008199775,0.8671004876833832,2.432735777459091,0.2151113796169455,0.29266961396282,7.8412550817122595,8.451844229298812,0.0,3.742420221041966,2.6250794194420024
MRT,2017,0.158,0.868,-0.7732053399086,-0.803241431713104,-0.629497766494751,-0.819411277770996,-0.801470816135406,37.566233453912,0.561639620698017,24.444,0.0,1.0,0.0,0.0,2.6093342281630525,2.7078305665685116,0.9321640810304452,2.818039985143699,0.2151113796169455,0.31481073984003355,8.226906931008598,8.585611567691839,0.0,3.7819143200811256,2.617356008199775
MRT,2018,0.169,0.883,-0.812440693378448,-0.825453996658325,-0.632382810115814,-0.865196943283081,-0.868751645088196,38.0585980229087,0.55712734035573,30.137,0.0,1.0,0.0,0.0,2.6397713603489157,2.7595200714860284,0.9783261227936076,2.9088118015232896,0.2151113796169455,0.32208349916911333,8.293416189514561,8.599737180079353,0.0,3.7977338590260183,2.7078305665685116
MRT,2019,0.186,0.786,-0.866159081459045,-0.60952889919281,-0.562921166419983,-0.82778126001358,-0.800471007823944,37.7606980667323,0.557229847303515,29.936,0.0,1.0,0.0,0.0,2.620311286794203,2.7876645491448278,1.0188473201992472,2.9458590230582637,0.2151113796169455,0.33647223662121295,8.302977418623744,8.632507826123032,0.0,3.8264651170664994,2.7595200714860284
MRT,2020,0.207,0.841,-0.815433323383331,-0.839177846908569,-0.700949966907501,-0.894477546215057,-0.827085018157959,37.7396070708973,0.558666433289015,28.834,0.0,1.0,0.0,0.0,2.6304489550786583,2.8089815354706134,1.0473189942805592,2.9713371167192695,0.2151113796169455,0.33647223662121295,8.300641366856421,8.655517509060736,0.0,3.8372994592322094,2.7876645491448278
MRT,2021,0.195,0.862,-0.842485129833221,-0.776139318943024,-0.555513858795166,-1.07720506191254,-0.77223539352417,37.292568318917,0.566240435346283,28.481,0.0,1.0,1.0,0.0,2.659559991941776,2.801801779753396,1.0188473201992472,2.921870424955536,0.2151113796169455,0.31481073984003355,8.219589259705968,8.672069175270178,0.0,3.885679030088544,2.8089815354706134
MRT,2022,0.192,0.833,-0.790683805942535,-0.725075662136078,-0.516949355602264,-1.06221723556519,-0.730507910251617,36.9345949932325,0.578473639215463,27.439,0.0,0.0,0.0,0.0,2.624668592163159,2.846535791265914,1.1052568313867783,3.0577206708880595,0.2151113796169455,0.3435897043900769,8.333343187141319,8.77737475572998,0.0,3.912023005428146,2.801801779753396
MUS,2003,0.641,0.466,0.192945927381516,0.741625964641571,1.00941443443298,0.431313216686249,0.851995170116425,47.8910735742392,0.443377123479088,27.273,0.0,0.0,0.0,0.06765864847381481,0.058268908123975775,1.387373928733493,1.128171090909654,2.8499547739406497,0.2776317365982795,0.9858167945227653,9.481407045020473,9.262511220239102,0.0,4.6061696863211745,1.3698567202247096
MUS,2004,0.641,0.466,0.152764663100243,0.693027317523956,0.974532723426819,0.39161029458046,0.840148866176605,47.8938927508586,0.441968644162139,27.315,0.0,0.0,0.0,0.06765864847381481,0.058268908123975775,1.4002037469531636,1.1505720275988207,2.87852407264845,0.2776317365982795,1.0043016091968684,9.505521158662093,9.325159042991876,0.0,4.605170185988092,1.387373928733493
MUS,2005,0.639,0.466,0.219137653708458,0.617250144481659,1.02774882316589,0.412572383880615,0.832839369773865,46.9734796742201,0.439631688324301,24.779,0.0,0.0,0.0,0.09531017980432487,0.058268908123975775,1.4552631170921853,1.1817271953786161,2.9459641313198697,0.2776317365982795,1.0296194171811583,9.570893675346705,9.367726656536648,0.0,4.605170185988092,1.4002037469531636
MUS,2006,0.643,0.466,0.273244053125381,0.702901244163513,0.780889987945557,0.466889590024948,0.909173727035522,48.5343293727338,0.440155022088321,22.458,0.0,0.0,0.0,0.09531017980432487,0.058268908123975775,1.6196276500137652,1.2119409739751128,2.9911216609963076,0.3074846997479606,1.0543120297715298,9.613282232704815,9.440937825382294,0.0,4.605170185988092,1.4552631170921853
MUS,2007,0.643,0.466,0.350999236106873,0.750295639038086,0.879288077354431,0.467717230319977,0.886209964752197,48.8630992945794,0.44263495888648,22.358,0.0,0.0,0.0,0.173953307123438,0.058268908123975775,1.6455582561788376,1.2412685890696329,3.026261478588814,0.3074846997479606,1.0784095813505903,9.645717747357857,9.518798957560502,0.0,4.605170185988092,1.6196276500137652
MUS,2008,0.641,0.466,0.440310746431351,0.825089991092682,0.890551447868347,0.742279767990112,0.863871872425079,49.720338327207,0.446188977107838,23.438,0.0,0.0,0.0,0.173953307123438,0.058268908123975775,1.6686476713785374,1.269760544863939,3.047707835144333,0.3074846997479606,1.1019400787607843,9.664252601294287,9.586730408452683,0.0,4.605170185988092,1.6455582561788376
MUS,2009,0.641,0.466,0.465923249721527,0.79990166425705,0.707766652107239,0.756105363368988,0.822893023490906,50.1769643429184,0.445844821901668,23.735,0.0,0.0,1.0,0.173953307123438,0.058268908123975775,1.6872361229634194,1.2725655957915476,3.0119008547155746,0.3074846997479606,1.1019400787607843,9.623231505445366,9.622834594863885,0.0,4.605170185988092,1.6686476713785374
MUS,2010,0.655,0.422,0.482350140810013,0.905523717403412,0.6402587890625,0.801979422569275,0.789677262306213,50.9884931736384,0.448441481488588,24.164,0.0,0.0,0.0,0.173953307123438,0.058268908123975775,1.7241282296344822,1.3056264580524357,3.0853901454845265,0.3293037471426004,1.1314021114911006,9.697454650551434,9.675373058800224,0.0,4.609162207257629,1.6872361229634194
MUS,2011,0.655,0.422,0.463920891284943,0.882513642311096,0.946499407291412,0.767549991607666,0.795731782913208,51.2886498936781,0.44425514571248,19.78,0.0,1.0,0.0,0.173953307123438,0.058268908123975775,1.7259987574047493,1.3164082336557241,3.112937364454696,0.3293037471426004,1.1378330018213911,9.723506873748114,9.734155218598683,0.0,4.611152257665639,1.7241282296344822
MUS,2012,0.655,0.422,0.252168297767639,1.0400071144104,0.971312403678894,0.931618332862854,0.880852997303009,50.971250576776,0.439253168600273,20.43,0.0,0.0,0.0,0.173953307123438,0.058268908123975775,1.7462686032152728,1.332366019094335,3.1194532005437496,0.37156355643248307,1.1505720275988207,9.728070325905215,9.75617024369066,0.0,4.609162207257629,1.7259987574047493
MUS,2013,0.639,0.439,0.251939684152603,0.916566729545593,0.94480174779892,0.892884910106659,0.928622841835022,51.3478101688393,0.44074067666562,20.28,0.0,0.0,0.0,0.173953307123438,0.058268908123975775,1.77108027740101,1.3506671834767394,3.130962222814095,0.37156355643248307,1.169381359556317,9.738690854421305,9.822071574926618,0.0,4.609162207257629,1.7462686032152728
MUS,2014,0.619,0.439,0.317739754915237,1.15004467964172,0.667965948581696,1.19694662094116,0.939608097076416,52.3090828526186,0.437997251163699,20.408,0.0,0.0,0.0,0.173953307123438,0.058268908123975775,1.8081139306855571,1.3711807233098425,3.1587435818134457,0.36464311358790924,1.1878434223960523,9.766964202754071,9.867625543330261,0.0,4.61015772749913,1.77108027740101
MUS,2015,0.626,0.457,0.223563492298126,1.12657856941223,0.988632321357727,1.13669097423553,0.826196253299713,51.7273309694957,0.443353233563543,22.742,0.0,1.0,1.0,0.173953307123438,0.058268908123975775,1.5632006741746194,1.3837912309017721,3.1919978260599544,0.36464311358790924,1.1969481893889715,9.80145460548701,9.916923065928573,0.0,4.611152257665639,1.8081139306855571
MUS,2016,0.624,0.457,0.106664188206196,1.01903390884399,0.999218165874481,1.09485113620758,0.817911267280579,51.0380275216662,0.43723837238164,21.967,0.0,1.0,0.0,0.173953307123438,0.058268908123975775,1.6229499623950234,1.3987168811184478,3.2300135692786567,0.3784364357202451,1.2119409739751128,9.841420853926595,9.99665137343707,0.0,4.612145799724517,1.5632006741746194
MUS,2017,0.618,0.49,0.156347960233688,0.959638118743896,0.962365567684174,1.05010139942169,0.788255393505096,51.2227062030511,0.43747742174497,19.936,0.0,1.0,0.0,0.173953307123438,0.058268908123975775,1.7059910338251216,1.4134230285081433,3.3203849333698616,0.4252677354043441,1.2267122912954256,9.936221599610132,10.038847214391671,0.0,4.611152257665639,1.6229499623950234
MUS,2018,0.629,0.498,0.186285600066185,0.894885838031769,0.859585344791412,1.04394924640656,0.737608253955841,52.619928503049,0.437449615364854,20.513,0.0,1.0,0.0,0.173953307123438,0.058268908123975775,1.7063952673772642,1.415853163361435,3.26312234898776,0.3784364357202451,1.2296405510745139,9.878176154787703,10.061197195686988,0.0,4.613138355637268,1.7059910338251216
MUS,2019,0.594,0.489,0.210403770208359,0.862357020378113,0.802008211612701,1.01627027988434,0.755454897880554,52.9322446199517,0.435798420445558,21.672,0.0,1.0,0.0,0.173953307123438,0.058268908123975775,1.7248637830784683,1.4422019930581866,3.2929066511891163,0.3784364357202451,1.2556160374777745,9.911125508940753,10.101345370373465,0.0,4.61512051684126,1.7063952673772642
MUS,2020,0.451,0.49,0.441047370433807,0.853226721286774,0.87304550409317,1.1811306476593,0.705348968505859,55.4142823945108,0.409486296445023,24.138,0.0,1.0,0.0,0.173953307123438,0.058268908123975775,1.6610358546265678,1.3609765531356006,3.1300883260530696,0.3784364357202451,1.1817271953786161,9.7438190860177,9.981494209904458,0.0,4.61015772749913,1.7248637830784683
MUS,2021,0.425,0.49,0.442368149757385,0.813867688179016,0.832595586776733,1.15921568870544,0.670713603496552,55.4925964858692,0.409651226142841,21.405,0.0,1.0,1.0,0.173953307123438,0.058268908123975775,1.7164515996193268,1.3837912309017721,3.117374519536095,0.3784364357202451,1.205970806988609,9.733352161885433,10.043736392995891,0.0,4.611152257665639,1.6610358546265678
MUS,2022,0.373,0.489,0.420371741056442,0.766172587871552,0.830023586750031,1.16610610485077,0.613581001758575,55.3826211348902,0.411210259447303,19.551,0.0,0.0,0.0,0.173953307123438,0.058268908123975775,1.7411087864223944,1.415853163361435,3.113693071187556,0.3784364357202451,1.2383742310432684,9.732195546008715,10.198969997552476,0.0,4.61512051684126,1.7164515996193268
MWI,2003,0.387,0.636,-0.758814632892609,-0.77983832359314,0.0415767580270767,-0.493568599224091,-0.428266704082489,32.9969912599408,0.597924011393041,92.366,0.0,0.0,0.0,0.0,0.27002713721306015,2.167590587219645,0.832909122935104,1.7568228993471586,0.019802627296179712,0.10436001532424277,5.977814305016986,6.887592344273716,0.0,1.9740810260220096,2.1444563238704486
MWI,2004,0.379,0.636,-0.801194429397583,-0.860001802444458,0.123799182474613,-0.621729493141174,-0.542294263839722,33.093418681223,0.594734550533172,90.476,0.0,1.0,0.0,0.0,0.27002713721306015,2.1731257429428483,0.9001613499442714,1.8005540169095502,0.0295588022415444,0.11332868530700317,6.004380772374528,6.940998681915109,0.0,2.066862759472976,2.167590587219645
MWI,2005,0.371,0.627,-0.715679585933685,-0.827298045158386,0.106631450355053,-0.509587168693542,-0.52810263633728,33.376627621174,0.58987579435837,89.542,0.0,1.0,0.0,0.0,0.27002713721306015,2.239654972235119,0.924258901523332,1.7444931434269653,0.0295588022415444,0.11332868530700317,5.91041716825466,6.9772215540014875,0.0,2.028148247292285,2.1731257429428483
MWI,2006,0.37,0.623,-0.549526333808899,-0.893325328826904,0.120091959834099,-0.583651542663574,-0.252313852310181,33.5883064979702,0.585409792950578,89.172,0.0,0.0,0.0,0.0,0.27002713721306015,2.2860908646211886,0.9400072584914712,1.7793494491513735,0.0295588022415444,0.11332868530700317,5.924883942336186,7.025927811328525,0.0,1.547562508716013,2.239654972235119
MWI,2007,0.369,0.623,-0.516006529331207,-0.571937680244446,0.0823792815208435,-0.508220851421356,-0.261939287185669,33.7956284815227,0.580438620031308,90.506,0.0,0.0,0.0,0.0,0.27002713721306015,2.347227895801262,0.9400072584914712,1.7690024821054389,0.0295588022415444,0.11332868530700317,5.884191091836185,7.116040067140692,0.0,2.128231705849268,2.2860908646211886
MWI,2008,0.369,0.623,-0.445902675390244,-0.586309432983398,-0.0610706247389317,-0.542513906955719,-0.246654763817787,34.0029153187632,0.578111021687031,92.941,0.0,0.0,0.0,0.0,0.27002713721306015,2.3988394485514,0.9858167945227653,1.8899443011367858,0.019802627296179712,0.11332868530700317,5.999028369146665,7.179650896917098,0.0,2.174751721484161,2.347227895801262
MWI,2009,0.399,0.624,-0.40589764714241,-0.537756443023682,0.0536668114364147,-0.489193111658096,-0.148771479725838,34.2410295846552,0.574222356156361,92.814,0.0,0.0,0.0,0.0,0.27002713721306015,2.412903055396187,0.9745596399981308,1.8135209610095675,0.0295588022415444,0.11332868530700317,5.879045847638249,7.2361880826596625,0.0,2.2300144001592104,2.3988394485514
MWI,2010,0.407,0.654,-0.48874643445015,-0.469919919967651,0.0438957661390305,-0.637416422367096,-0.190968170762062,33.193657133216,0.574284682369751,93.75,0.0,0.0,0.0,0.0,0.27002713721306015,2.4765255471489183,1.0647107369924282,1.9792067558839908,0.0295588022415444,0.12221763272424921,6.044237246635901,7.285236246810169,0.0,2.272125885509337,2.412903055396187
MWI,2011,0.406,0.654,-0.426366478204727,-0.473825514316559,-0.072912722826004,-0.75433361530304,-0.245419502258301,33.8239650967882,0.570597485813972,93.909,0.0,1.0,0.0,0.0,0.27002713721306015,2.6034562995775543,1.0818051703517284,1.9758849535215357,0.0295588022415444,0.12221763272424921,6.01135785656692,7.324629180728456,0.0,2.151762203259462,2.4765255471489183
MWI,2012,0.42,0.654,-0.477253526449203,-0.509652614593506,-0.00268616923131049,-0.712749183177948,-0.206084370613098,33.8131548111373,0.563938655543755,93.659,0.0,1.0,1.0,0.0,0.27002713721306015,2.62652201533483,1.1085626195212777,1.9732473452734323,0.0295588022415444,0.12221763272424921,5.979576665414893,7.289640036085887,0.0,2.128231705849268,2.6034562995775543
MWI,2013,0.44,0.635,-0.619961082935333,-0.509584069252014,-0.20580980181694,-0.679982602596283,-0.178823113441467,33.124288789678,0.563498920837877,93.659,0.0,1.0,0.0,0.0,0.31481073984003355,2.604715335693514,1.1085626195212777,1.9908835146980444,0.0295588022415444,0.12221763272424921,5.971700519066841,7.351871866114438,0.0,2.302585092994046,2.62652201533483
MWI,2014,0.438,0.631,-0.761593222618103,-0.657211363315582,0.0810932070016861,-0.819636702537537,-0.064276397228241,32.4972958785239,0.558709307506665,94.47,0.0,1.0,0.0,0.0,0.31481073984003355,2.6273360347176866,1.1474024528375417,2.0098234747989663,0.0295588022415444,0.12221763272424921,5.965526033705422,7.3175788113722975,0.0,2.5572273113676265,2.604715335693514
MWI,2015,0.445,0.631,-0.794206321239471,-0.738582670688629,0.0342932753264904,-0.86566561460495,-0.00424028793349862,32.4257199615253,0.558479197617155,94.009,0.0,1.0,1.0,0.0,0.31481073984003355,2.6510258859502303,1.1474024528375417,1.9715778958038912,0.0295588022415444,0.12221763272424921,5.893950941543104,7.247140776572152,0.0,2.468099531471619,2.6273360347176866
MWI,2016,0.44,0.648,-0.784892559051514,-0.795695960521698,-0.116127513349056,-0.881440103054047,-0.0304317232221365,33.4276073093108,0.562367476086165,93.953,0.0,1.0,0.0,0.0,0.31481073984003355,2.680567376953675,1.1410330045520618,2.048982334195127,0.039220713153281295,0.11332868530700317,5.955876228813423,7.252024204447451,0.0,2.4849066497880004,2.6510258859502303
MWI,2017,0.454,0.611,-0.687570571899414,-0.725338280200958,-0.249828174710274,-0.79025799036026,-0.0311444010585546,33.861287754079,0.557586126597229,100.0,0.0,1.0,0.0,0.0,0.31481073984003355,2.740462658232498,1.0612565021243408,2.1119087318173375,0.08617769624105233,0.10436001532424277,6.000572939471973,7.230731594122699,0.0,2.617395832834079,2.680567376953675
MWI,2018,0.443,0.648,-0.765857875347137,-0.801393151283264,-0.431215286254883,-0.723060786724091,-0.0761848464608192,33.6500836797592,0.554563068922545,81.768,0.0,1.0,0.0,0.0,0.31481073984003355,2.811987464392676,1.0260415958332743,2.0582179052282092,0.11332868530700317,0.09531017980432487,5.9128514420654685,7.218759114559528,0.0,2.9444389791664403,2.740462658232498
MWI,2019,0.409,0.681,-0.783550560474396,-0.798645079135895,-0.286819607019424,-0.749148666858673,-0.110017240047455,33.6361011771283,0.556768368153824,96.111,0.0,1.0,0.0,0.0,0.31481073984003355,2.8989843954710395,1.0224509277025458,2.1958903543230828,0.12221763272424921,0.08617769624105233,6.0423097411135505,7.280015200239682,0.0,2.501435951739211,2.811987464392676
MWI,2020,0.463,0.654,-0.39216423034668,-0.818265616893768,-0.118886552751064,-0.785046398639679,0.00262835877947509,35.1962870254002,0.555590446623582,99.429,0.0,1.0,0.0,0.0,0.31481073984003355,2.893101063471795,1.0043016091968684,2.1773619482399678,0.12221763272424921,0.08617769624105233,5.995212514694459,7.322814158035976,0.0,2.5257286443082556,2.8989843954710395
MWI,2021,0.526,0.647,-0.322536081075668,-0.79249095916748,-0.10926304012537,-0.801559805870056,0.0694767460227013,35.725573801942,0.551880779589788,95.628,0.0,1.0,1.0,0.0,0.3293037471426004,2.9504814852562036,1.0331844833456545,2.2317333520220948,0.12221763272424921,0.08617769624105233,6.0302452596290275,7.431651261325955,0.0,2.7212954278522306,2.893101063471795
MWI,2022,0.512,0.696,-0.608851909637451,-0.853226065635681,-0.157983273267746,-0.739736258983612,0.062155295163393,34.7222198344531,0.549897436371894,95.628,0.0,1.0,0.0,0.0,0.3293037471426004,2.948500183413718,1.0331844833456545,2.48673830461697,0.12221763272424921,0.08617769624105233,6.285726176723207,7.483978579277241,0.0,2.70805020110221,2.9504814852562036
NAM,2003,0.531,0.19,0.18930858373642,0.250789880752563,0.478074342012405,0.224924057722092,0.186523661017418,41.9692479692218,0.492739320168792,99.301,0.0,0.0,0.0,0.11332868530700317,0.2151113796169455,-4.558092084255705,1.2296405510745139,2.527646803464159,0.0295588022415444,0.8153648132841945,8.70138815894661,8.647103941485407,0.0,3.6584202466292277,-4.556456668550408
NAM,2004,0.536,0.19,0.115224100649357,0.134862542152405,0.664763033390045,0.230400413274765,0.274595320224762,41.2824414221978,0.501356409650483,99.275,0.0,0.0,0.0,0.11332868530700317,0.2151113796169455,-4.575248380591599,1.366091653802371,2.5821845892524706,0.0295588022415444,0.9162907318741551,8.747707432336664,8.77659363574449,0.0,3.681351187693145,-4.558092084255705
NAM,2005,0.546,0.19,0.150281816720963,0.0727227628231049,0.625976085662842,0.142397329211235,0.331786513328552,40.8610521955956,0.507664505137568,98.225,0.0,0.0,0.0,0.11332868530700317,0.2151113796169455,-4.532781641807827,1.4724720573609429,2.653312384662876,0.0295588022415444,0.9969486348916095,8.811920388594656,8.81990177011416,0.0,3.703768066607687,-4.575248380591599
NAM,2006,0.544,0.19,0.196952044963837,0.160232573747635,0.782249569892883,0.173593416810036,0.481321036815643,41.0275676214171,0.509520042136215,93.789,0.0,0.0,0.0,0.11332868530700317,0.2151113796169455,-4.507948479061801,1.5085119938441398,2.6523965369113753,0.0295588022415444,1.0188473201992472,8.798121609196857,8.905818397229124,0.0,3.725693427236653,-4.532781641807827
NAM,2007,0.541,0.19,0.311637252569199,0.195068001747131,1.01876068115234,0.0460881590843201,0.449754744768143,41.8915027299581,0.502667945390635,98.089,0.0,0.0,0.0,0.11332868530700317,0.2151113796169455,-4.476875717589819,1.5216989981260935,2.6942216931656757,0.0295588022415444,1.0188473201992472,8.82974020307272,8.971566735440138,0.0,3.7999735016195233,-4.507948479061801
NAM,2008,0.544,0.19,0.641149759292603,0.336545199155807,1.20101487636566,0.376434057950974,0.450895994901657,42.9855345101116,0.504906004881715,88.535,0.0,0.0,0.0,0.11332868530700317,0.2151113796169455,-4.562201546178732,1.541159071680806,2.760705900328008,0.0295588022415444,1.0260415958332743,8.886834211303926,9.002801331872018,0.0,3.770459441106359,-4.476875717589819
NAM,2009,0.538,0.19,0.269764304161072,0.209332704544067,0.929570853710175,0.241088286042213,0.375795006752014,41.584818738472,0.502905573955483,94.667,0.0,0.0,0.0,0.11332868530700317,0.2151113796169455,-4.428109095445055,1.5173226235262947,2.795083800067152,0.039220713153281295,0.9969486348916095,8.90883249538305,8.997194665592044,0.0,3.8088822465086327,-4.562201546178732
NAM,2010,0.524,0.19,0.315519511699677,0.155254885554314,0.846940040588379,0.213284954428673,0.349807351827621,41.9111428562574,0.498206341321677,96.183,0.0,0.0,0.0,0.11332868530700317,0.2151113796169455,-4.485357471139084,1.545432582458188,2.847696194726587,0.039220713153281295,1.0116009116784799,8.949235963556674,9.052422600188013,0.0,3.8155121050473024,-4.428109095445055
NAM,2011,0.533,0.19,0.277477234601974,0.134519279003143,0.911657512187958,0.0923139303922653,0.340737253427505,42.2166216571255,0.490432966609929,97.241,0.0,0.0,1.0,0.11332868530700317,0.2151113796169455,-4.447254849042541,1.578978704949392,2.878580288743133,0.058268908123975775,1.0260415958332743,8.964837069208825,9.105338685861398,0.0,3.768152635008444,-4.485357471139084
NAM,2012,0.533,0.19,0.321495771408081,0.239515945315361,0.978104293346405,0.155978977680206,0.378439128398895,42.8351966304812,0.480969763323679,97.006,0.0,1.0,0.0,0.11332868530700317,0.2851789422336624,-4.420843583899227,1.62924053973028,2.906190424892496,0.058268908123975775,1.0543120297715298,8.97181918861765,9.144709662423825,0.0,3.858622228701031,-4.447254849042541
NAM,2013,0.535,0.19,0.303884655237198,0.27147501707077,0.958809971809387,0.164272174239159,0.400195062160492,42.9010492710423,0.48154237899459,95.556,0.0,1.0,0.0,0.11332868530700317,0.2851789422336624,-4.624561186892486,1.6428726885203377,2.95667954629029,0.058268908123975775,1.0473189942805592,8.99911736283889,9.179902646506765,0.0,3.8794998137225862,-4.420843583899227
NAM,2014,0.544,0.19,0.261380642652512,0.223119407892227,0.608740627765656,0.0766165852546692,0.552220225334167,43.4358053545337,0.479831274128853,99.346,0.0,1.0,0.0,0.11332868530700317,0.2851789422336624,-4.5890353022970265,1.6733512381777533,3.004295504214479,0.08617769624105233,1.0543120297715298,9.023144635645478,9.246316313053233,0.0,3.899950424193877,-4.624561186892486
NAM,2015,0.58,0.189,0.270016461610794,0.295513331890106,0.725260257720947,0.0441579781472683,0.578277170658112,43.4543146671724,0.478229315004604,97.468,0.0,1.0,1.0,0.11332868530700317,0.2851789422336624,-4.607500883829739,1.6428726885203377,3.055415275715165,0.08617769624105233,1.0152306797290587,9.050353293460551,9.255972416994942,0.0,3.9627161197436642,-4.5890353022970265
NAM,2016,0.587,0.189,0.280629366636276,0.193662866950035,0.699528992176056,-0.00704942131415009,0.581768572330475,44.2958201061638,0.472744204098145,95.946,0.0,1.0,0.0,0.11332868530700317,0.30010459245033805,-4.6406655738392,1.6956156086751528,3.068936265812407,0.058268908123975775,1.0367368849500223,9.037545888157585,9.230254685287532,0.0,3.9259259105971376,-4.607500883829739
NAM,2017,0.575,0.194,0.261462807655334,0.224054872989655,0.621906340122223,-0.117920652031898,0.549889326095581,44.906141859391,0.45721279263477,96.045,0.0,1.0,0.0,0.11332868530700317,0.30010459245033805,-4.614123632760396,1.7191887763932197,3.0778190445521,0.058268908123975775,1.0402767116551463,9.019506689615852,9.199172174661996,0.0,3.979681653901961,-4.6406655738392
NAM,2018,0.564,0.194,0.306939095258713,0.113764956593513,0.685118496417999,-0.000688285275828093,0.466055452823639,44.4530830849548,0.471991095958088,98.582,0.0,1.0,0.0,0.11332868530700317,0.30010459245033805,-4.680500663943767,1.728109442151599,3.0621752301027048,0.058268908123975775,1.0296194171811583,8.975367124908395,9.195707363463717,0.0,3.975936331171799,-4.614123632760396
NAM,2019,0.513,0.267,0.312310963869095,0.100181855261326,0.528890490531921,-0.000301949679851532,0.509257078170776,44.4445181256039,0.471113637874608,96.377,0.0,1.0,0.0,0.11332868530700317,0.30010459245033805,-4.6628400094053335,1.6900958154515549,3.04252043505275,0.058268908123975775,0.9820784724121581,8.926762001144443,9.170610026882391,0.0,3.9945242269398897,-4.680500663943767
NAM,2020,0.516,0.285,0.268673807382584,0.0523620396852493,0.512431561946869,0.00997759960591793,0.553159713745117,44.8332527938222,0.460257031741851,96.5,0.0,1.0,0.0,0.11332868530700317,0.30010459245033805,-4.580186924641757,1.6467336971777973,2.9569394688348356,0.058268908123975775,0.9321640810304452,8.807632259859494,9.143680281060774,0.0,3.975936331171799,-4.6628400094053335
NAM,2021,0.508,0.295,0.220228925347328,0.0391007177531719,0.518789291381836,-0.0211970582604408,0.566205501556396,44.7264682831889,0.459202894303039,97.351,0.0,1.0,1.0,0.11332868530700317,0.30010459245033805,-4.578869260497581,1.599387576580599,2.9629507840296117,0.058268908123975775,0.8796267475025636,8.784425893478604,9.180921788469707,0.0,4.028916756899646,-4.580186924641757
NAM,2022,0.502,0.332,0.215130418539047,0.0692832469940186,0.559885740280151,-0.0150013873353601,0.567221879959106,44.9586374188898,0.454471623224964,98.485,0.0,1.0,0.0,0.11332868530700317,0.30010459245033805,-4.599517899708478,1.623340817603092,2.9433857931817817,0.058268908123975775,0.8796267475025636,8.736019275869237,9.274600889450433,0.0,4.046553898385752,-4.578869260497581
NER,2003,0.402,0.586,-0.916420161724091,-0.651327192783356,0.0421948879957199,-0.730028569698334,-0.156030610203743,29.7819302353202,0.642366180769726,0.0,0.0,0.0,0.0,0.0,0.0,1.597410277213833,0.3576744442718159,1.5684075628761085,0.1310282624064041,0.0295588022415444,5.696559787066212,6.7309923729354235,0.0,2.33214389523559,1.3403856498293225
NER,2004,0.405,0.586,-0.887320101261139,-0.76519763469696,-0.505270838737488,-0.683769524097443,-0.190244764089584,30.0060344557549,0.640185094455985,0.0,0.0,0.0,0.0,0.0,0.0,1.8046402834726072,0.3987761199573678,1.6424857664803008,0.1310282624064041,0.039220713153281295,5.7531375585934885,6.725183926911368,0.0,2.3702437414678603,1.597410277213833
NER,2005,0.422,0.586,-0.72455096244812,-0.785668969154358,-0.486010700464249,-0.412261575460434,-0.283560395240784,30.4625903147052,0.640370253330974,0.0,0.0,0.0,1.0,0.0,0.0,1.9636555086718719,0.4510756193602167,1.5953389880545987,0.1310282624064041,0.039220713153281295,5.658432884916726,6.790439429539097,0.0,2.0918640616783932,1.8046402834726072
NER,2006,0.427,0.586,-0.848922550678253,-0.825250744819641,-0.227475315332413,-0.553185999393463,-0.324552685022354,28.6753492456959,0.636156563451163,0.0,0.0,0.0,0.0,0.0,0.0,2.0988903953788,0.4510756193602167,1.5914775870571076,0.1310282624064041,0.039220713153281295,5.617145572996478,6.8418027766220275,0.0,2.33214389523559,1.9636555086718719
NER,2007,0.43,0.586,-0.761082708835602,-0.800146639347076,-0.459753155708313,-0.557963252067566,-0.368081420660019,29.8179682259053,0.638504283782757,0.0,0.0,0.0,0.0,0.0,0.0,2.2337669934723343,0.5128236264286637,1.6591800043289144,0.1310282624064041,0.04879016416943201,5.664414283961975,6.862645228994167,0.0,2.501435951739211,2.0988903953788
NER,2008,0.422,0.586,-0.730393648147583,-0.734765291213989,-0.670321345329285,-0.464942008256912,-0.441894054412842,30.1264430626733,0.63788655713211,0.0,0.0,0.0,0.0,0.0,0.0,2.3561668230661077,0.5187937934151676,1.7457155307266483,0.1310282624064041,0.039220713153281295,5.7329852264642955,6.91912227540713,0.0,2.5494451709255714,2.2337669934723343
NER,2009,0.275,0.73,-0.611198544502258,-0.705005824565887,-1.15003776550293,-0.525119125843048,-0.737894237041473,30.9060283895663,0.631067400532924,0.0,0.0,1.0,0.0,0.0,0.0,2.480004997571755,0.5822156198526637,1.882209372150127,0.1310282624064041,0.04879016416943201,5.858601502517717,6.907547758956124,0.0,2.5877640352277083,2.3561668230661077
NER,2010,0.185,0.612,-0.658249199390411,-0.703781366348267,-1.16074454784393,-0.564630508422852,-0.666964292526245,30.1648399363425,0.633753701586389,0.0,0.0,0.0,0.0,0.0,0.0,2.4916791735444783,0.6097655716208943,2.065722869538898,0.1310282624064041,0.04879016416943201,6.034054577730867,6.96461848501674,0.0,2.681021528714291,2.480004997571755
NER,2011,0.388,0.591,-0.652857542037964,-0.652889311313629,-0.878004491329193,-0.567633330821991,-0.246729359030724,30.5540460763229,0.62971346588411,0.0,0.0,0.0,0.0,0.0,0.0,2.5834377250403793,0.6678293725756554,2.0686333429632326,0.15700374880966475,0.058268908123975775,6.000275615386532,6.971123591226917,0.0,2.72785282839839,2.4916791735444783
NER,2012,0.481,0.547,-0.647685706615448,-0.695407688617706,-1.14813089370728,-0.609249889850616,-0.284627556800842,30.5893529646058,0.630239863248394,0.0,0.0,1.0,0.0,0.0,0.0,2.7325827593170184,0.708035793053696,2.3198354464005733,0.18232155679395462,0.058268908123975775,6.244805531647009,7.058576780007753,0.0,2.7343675094195836,2.5834377250403793
NER,2013,0.494,0.528,-0.619116425514221,-0.732346594333649,-1.32179939746857,-0.582843363285065,-0.306367456912994,31.2252505837983,0.629676782847855,0.0,0.0,0.0,0.0,0.0,0.0,2.838160639657253,0.712949807856125,2.426924367249653,0.18232155679395462,0.058268908123975775,6.325182995532574,7.037703169660021,0.0,2.785011242238338,2.7325827593170184
NER,2014,0.492,0.528,-0.695517003536224,-0.713478982448578,-1.17584049701691,-0.743807315826416,-0.194638520479202,31.1501057348173,0.630158065960805,2.222,0.0,1.0,0.0,0.0,0.0,2.9306672425836138,0.7793248768009976,2.3792683177650034,0.18232155679395462,0.058268908123975775,6.236036853835485,7.058177723773966,0.0,2.8154087194227095,2.838160639657253
NER,2015,0.487,0.528,-0.674528837203979,-0.722630620002747,-1.05970323085785,-0.780473530292511,-0.204434901475906,30.7478527060202,0.638779038652814,1.852,0.0,1.0,1.0,0.0,0.0,3.003160688740107,0.8415671856782186,2.4288652589043753,0.18232155679395462,0.06765864847381481,6.253571086059413,7.067483337069889,0.0,2.8678989020441064,2.9306672425836138
NER,2016,0.453,0.528,-0.666049778461456,-0.694123387336731,-1.10075747966766,-0.720742762088776,-0.422360479831696,32.3695747522288,0.630497689644667,1.429,0.0,1.0,0.0,0.0,0.0,3.0846413883774444,0.9082585601768908,2.366404605707,0.18232155679395462,0.06765864847381481,6.148346493628254,7.081336325479278,0.0,2.8903717578961645,3.003160688740107
NER,2017,0.424,0.533,-0.687655806541443,-0.754679381847382,-1.25950562953949,-0.72576904296875,-0.430776298046112,32.6652773819867,0.632401411257326,1.786,0.0,1.0,0.0,0.0,0.0,3.1540504468918127,0.8796267475025636,2.340843805111136,0.2468600779315258,0.06765864847381481,6.0845996358431345,7.097669686616277,0.0,2.9231615807191558,3.0846413883774444
NER,2018,0.403,0.533,-0.592982828617096,-0.827707409858704,-1.35827600955963,-0.682929277420044,-0.599331676959991,33.985745028432,0.634311755800652,1.887,0.0,1.0,0.0,0.0,0.0,3.2305258776676777,0.924258901523332,2.24834007814165,0.2468600779315258,0.06765864847381481,5.9475831900068306,7.1522660677383385,0.0,2.9231615807191558,3.1540504468918127
NER,2019,0.396,0.556,-0.567891418933868,-0.840266227722168,-1.40500640869141,-0.72416877746582,-0.582242906093597,34.530975366042,0.632172292951526,2.985,0.0,1.0,0.0,0.0,0.0,3.3148096964671203,1.0043016091968684,2.477546295381708,0.2546422183735807,0.07696104113612832,6.16650969493116,7.258530489157762,0.0,2.970414465569701,3.2305258776676777
NER,2020,0.404,0.57,-0.662675440311432,-0.660878658294678,-1.66720771789551,-0.79823899269104,-0.494895458221436,34.0211324116678,0.636210209976432,2.985,0.0,1.0,0.0,0.0,0.0,3.37398061300257,1.0224509277025458,2.48673830461697,0.2546422183735807,0.07696104113612832,6.143618949985364,7.311775009855851,0.0,2.9806186357439426,3.3148096964671203
NER,2021,0.398,0.568,-0.580698490142822,-0.643977403640747,-1.53854990005493,-0.760396122932434,-0.392313897609711,34.3211067395901,0.636363994623754,2.817,0.0,1.0,0.0,0.0,0.0,3.4402183282232914,1.0402767116551463,2.478049862324787,0.2546422183735807,0.07696104113612832,6.101692447804616,7.36934814938403,0.0,2.975529566236472,3.37398061300257
NER,2022,0.386,0.58,-0.584792077541351,-0.627598226070404,-1.46439230442047,-0.72080385684967,-0.37544509768486,34.3968616812535,0.636150298318516,2.532,0.0,1.0,0.0,0.0,0.0,3.5073135058483023,1.0818051703517284,2.673458756332591,0.3293037471426004,0.07696104113612832,6.280330293740993,7.518047394975421,0.0,3.0204248861443626,3.4402183282232914
NGA,2003,0.301,0.934,-1.41765379905701,-0.916132032871246,-1.63558828830719,-1.23015999794006,-0.6622274518013,36.643661534082,0.506717380992885,36.931,0.0,0.0,0.0,0.0,1.1249295969854831,6.386832205218245,3.052112606990099,5.591471937527057,0.0,0.13976194237515868,7.574543597028012,8.29800853172651,0.0,3.9740583963475986,6.313848603325826
NGA,2004,0.292,0.934,-1.38337290287018,-0.935620546340942,-1.75441575050354,-1.29281771183014,-0.796761572360992,36.8499135608605,0.50638117513677,33.429,0.0,0.0,0.0,0.0,1.1249295969854831,6.381653816319759,3.229617921400103,5.626231659637642,0.0,0.15700374880966475,7.581723207906915,8.385291744736648,0.0,3.8522730010223722,6.386832205218245
NGA,2005,0.292,0.934,-1.18077552318573,-0.897212326526642,-1.6665004491806,-0.792749345302582,-0.868943333625793,38.8948252186792,0.502593798972538,33.036,0.0,0.0,0.0,0.0,1.1249295969854831,6.379138360597278,3.2007118542405295,5.723101324820373,0.0,0.14842000511827327,7.651205288580734,8.450859274442726,0.0,3.86702563949741,6.381653816319759
NGA,2006,0.292,0.935,-1.12639439105988,-0.96748149394989,-2.03407764434814,-0.947573065757751,-0.623297810554504,42.6410784198304,0.501916906727077,27.119,0.0,0.0,0.0,0.0,1.1249295969854831,6.343735219946566,3.1830413718589847,5.616858366585801,0.0,0.14842000511827327,7.5170479126985725,8.512435851829785,0.0,3.883623530906448,6.379138360597278
NGA,2007,0.295,0.934,-1.06693983078003,-1.03206491470337,-2.01405644416809,-0.894971668720245,-0.760439932346344,43.017232416538,0.501913194096438,27.142,0.0,0.0,1.0,0.0,1.1249295969854831,6.339880857766555,3.177637076851603,5.532950657277217,0.0,0.13976194237515868,7.405167949932877,8.575267796708575,0.0,3.933784497209659,6.343735219946566
NGA,2008,0.301,0.934,-0.900948941707611,-0.987497508525848,-1.86071193218231,-0.815719306468964,-0.735603809356689,44.0984243248699,0.496121018576662,27.131,0.0,0.0,1.0,0.0,1.1249295969854831,6.339981009583139,3.096482176654134,5.740779563542323,0.0,0.12221763272424921,7.585795420695033,8.63195092684233,0.0,3.937690752176724,6.339880857766555
NGA,2009,0.301,0.935,-1.04188585281372,-1.20047557353973,-1.99455380439758,-0.760188281536102,-0.848863244056702,43.6076785849554,0.496339350989485,22.941,0.0,0.0,0.0,0.0,1.1249295969854831,6.296743110957944,3.0344721018699214,5.284943331502584,0.0,0.11332868530700317,7.100542710281448,8.687519950335055,0.0,3.9318256327243257,6.339981009583139
NGA,2010,0.314,0.948,-1.05150854587555,-1.16522252559662,-2.21112322807312,-0.74347710609436,-0.777081429958344,44.8882291379277,0.493774097838235,24.416,0.0,0.0,1.0,0.0,1.1249295969854831,6.355541689469266,3.3006401266708405,5.488297025083813,0.0,0.14842000511827327,7.2767486387353415,8.74865147540669,0.0,3.8918202981106265,6.296743110957944
NGA,2011,0.348,0.952,-1.18936145305634,-1.10223460197449,-1.95645451545715,-0.699536263942719,-0.713411033153534,44.0111091350177,0.501718441995353,21.783,0.0,0.0,1.0,0.0,1.1346227261911428,6.409731318256542,3.333632062166389,5.851317030408596,0.0,0.14842000511827327,7.612804844293752,8.792756416286709,0.0,4.041295341132285,6.355541689469266
NGA,2012,0.355,0.952,-1.17593324184418,-1.00097513198853,-2.04207372665405,-0.723069429397583,-0.700219869613647,44.3464653123276,0.498387895347374,19.798,0.0,0.0,1.0,0.10436001532424277,1.1346227261911428,6.435253561074938,3.392492941032009,5.861270436700044,0.0,0.14842000511827327,7.595054895817935,8.805650702503193,0.0,3.9889840465642745,6.409731318256542
NGA,2013,0.379,0.951,-1.22705030441284,-0.998286724090576,-2.08847832679749,-0.681769371032715,-0.693110644817352,44.4317506646512,0.496801022106315,18.562,0.0,0.0,1.0,0.10436001532424277,1.1346227261911428,6.433632421837191,3.3988613218646075,6.118830409352438,0.0,0.14842000511827327,7.8260104800225925,8.854398187438662,0.0,4.036008985209137,6.435253561074938
NGA,2014,0.386,0.951,-1.28392314910889,-1.18984341621399,-2.1302764415741,-0.837622761726379,-0.587217092514038,33.5597648145925,0.49309484991801,16.698,0.0,0.0,1.0,0.10436001532424277,1.1346227261911428,6.460524953399195,3.5049566159530077,6.204945566151038,0.0,0.15700374880966475,7.885864084931067,8.908847143786847,0.0,4.01096295328305,6.433632421837191
NGA,2015,0.401,0.931,-1.09608614444733,-0.99655681848526,-1.92170512676239,-0.887996912002563,-0.372785717248917,34.4574715190062,0.490498339431778,19.506,0.0,1.0,1.0,0.13976194237515868,1.1346227261911428,6.460958933742253,3.5313480661272005,6.1523858260414865,0.0,0.15700374880966475,7.807861749371773,8.896839563619984,0.0,3.979681653901961,6.460524953399195
NGA,2016,0.399,0.916,-1.04531896114349,-1.12036550045013,-1.87388896942139,-0.94233363866806,-0.3197340965271,35.6301193994909,0.489853259831972,22.469,0.0,1.0,1.0,0.2468600779315258,1.1346227261911428,6.453787640414141,3.6254070311583626,6.165930327936353,0.0,0.173953307123438,7.796722911567382,8.864110252410963,0.0,4.09933210373314,6.460958933742253
NGA,2017,0.387,0.913,-1.09915590286255,-1.04120397567749,-1.99671792984009,-0.917148351669312,-0.340378314256668,35.5308460267153,0.486859524765648,24.194,0.0,1.0,1.0,0.2468600779315258,1.1346227261911428,6.455433772096437,3.5037539699872475,6.1334522714611825,0.0,0.14842000511827327,7.739881921946578,8.85903301725353,0.0,4.014579593753238,6.453787640414141
NGA,2018,0.388,0.931,-1.08386242389679,-1.11820352077484,-2.09752702713013,-0.878198742866516,-0.425071567296982,36.0742687138788,0.480405365268941,21.166,0.0,1.0,1.0,0.2468600779315258,1.1346227261911428,6.479538320526025,3.6299253112702656,6.199632522147201,0.0,0.16551443847757338,7.783061919865781,8.876149481704857,0.0,4.051784947803305,6.455433772096437
NGA,2019,0.364,0.934,-1.11317050457001,-1.21315038204193,-1.93315482139587,-0.940476417541504,-0.434048444032669,36.0556342491345,0.48323744397436,23.341,0.0,1.0,0.0,0.2468600779315258,1.1346227261911428,6.504410653330525,3.6232736970159425,6.2456938895623555,0.0,0.15700374880966475,7.807261129580802,8.929619852079139,0.0,4.032469158504013,6.479538320526025
NGA,2020,0.346,0.935,-1.11856710910797,-1.14378702640533,-1.89201462268829,-1.02443432807922,-0.581086993217468,36.6182114428686,0.482534841638638,20.553,0.0,1.0,1.0,0.2468600779315258,1.1346227261911428,6.299563838803299,3.6635616461296463,6.166264134690537,0.0,0.16551443847757338,7.706410014389117,8.911364760966046,0.0,4.032469158504013,6.504410653330525
NGA,2021,0.329,0.939,-1.10122787952423,-1.02695763111115,-1.78738462924957,-0.944378197193146,-0.636560559272766,36.6086882077872,0.484804107635121,20.663,0.0,1.0,1.0,0.2468600779315258,1.1346227261911428,6.3184921776127085,3.6938669956249752,6.241263661213381,0.0,0.16551443847757338,7.760575292747427,8.934518206103956,0.0,4.102643365036796,6.299563838803299
NGA,2022,0.318,0.929,-1.12968230247498,-1.04151690006256,-1.77890145778656,-1.15594470500946,-0.598563253879547,36.6650475255002,0.481958060353424,24.711,0.0,1.0,1.0,0.2468600779315258,1.1346227261911428,6.330378127220935,3.6635616461296463,6.251300618386639,0.0,0.15700374880966475,7.74970859699822,9.024728380238091,0.0,4.119037174812473,6.3184921776127085
NIC,2003,0.379,0.736,-0.541941702365875,-0.794632852077484,-0.368299216032028,-0.470480889081955,0.1581120043993,41.1556306268332,0.471171006187319,27.407,0.0,1.0,0.0,0.0,0.09531017980432487,3.2326870752010395,1.3056264580524357,2.9303400547869387,0.26236426446749106,0.41871033485818504,8.132769648685768,8.021948447067974,0.0,4.3254562831854875,3.1922748015527915
NIC,2004,0.38,0.756,-0.446660161018372,-0.84265547990799,-0.341314166784286,-0.34608057141304,-0.0153151294216514,41.5274691200942,0.472313761927171,28.114,0.0,1.0,0.0,0.0,0.09531017980432487,3.241040496948814,1.3376291891386096,2.9772627572703296,0.26236426446749106,0.4252677354043441,8.17045867729156,8.088403720506161,0.0,4.333361462692601,3.2326870752010395
NIC,2005,0.38,0.756,-0.616481482982635,-0.825872242450714,-0.339232921600342,-0.44530525803566,-0.24899522960186,40.620141221009,0.471298209210827,35.664,0.0,1.0,0.0,0.0,0.09531017980432487,3.2525177614317817,1.355835153635182,2.9855304110693943,0.26236426446749106,0.43178241642553783,8.166108592340718,8.148154338869395,0.0,4.314817884980432,3.241040496948814
NIC,2006,0.321,0.762,-0.67350447177887,-0.895059883594513,-0.267819613218307,-0.426474213600159,-0.194359108805656,39.3993479471578,0.461875029624355,30.032,0.0,0.0,0.0,0.0,0.09531017980432487,3.278019170823689,1.4279160358107101,3.0003217258877983,0.26236426446749106,0.46373401623214017,8.167448179932224,8.204936281928356,0.0,4.3476939555933765,3.2525177614317817
NIC,2007,0.218,0.852,-0.767759442329407,-0.953955352306366,-0.120370902121067,-0.45082300901413,-0.217171907424927,39.199219421863,0.46385479062054,28.75,0.0,0.0,0.0,0.0,0.10436001532424277,3.290385719995374,1.449269160281279,3.048229842511745,0.26236426446749106,0.46373401623214017,8.203417351882102,8.26680686510146,0.0,4.355425952876702,3.278019170823689
NIC,2008,0.204,0.849,-0.768929600715637,-0.917955815792084,-0.222542554140091,-0.421554148197174,-0.367741048336029,39.1636342362005,0.461196942284104,35.417,0.0,1.0,0.0,0.0,0.10436001532424277,3.2873217454305275,1.47932922708708,3.0128351814536534,0.26236426446749106,0.4762341789963716,8.151908720202488,8.305329809556174,0.0,4.363098624788362,3.290385719995374
NIC,2009,0.198,0.849,-0.727106392383575,-0.961995780467987,-0.305793792009354,-0.435356438159943,-0.439285933971405,39.1928408979624,0.45899284991777,30.725,0.0,1.0,0.0,0.0,0.10436001532424277,3.292059619319557,1.4929040961781488,3.0279090052492124,0.26236426446749106,0.4762341789963716,8.153487014765801,8.263763067690277,0.0,4.368181227851829,3.2873217454305275
NIC,2010,0.193,0.842,-0.755830347537994,-0.949312686920166,-0.499709248542786,-0.302378356456757,-0.477622449398041,38.5175570344503,0.459271655887384,36.712,0.0,1.0,1.0,0.0,0.10436001532424277,3.3084135310218685,1.5303947050936475,3.0388875438679186,0.26236426446749106,0.48858001481867097,8.150820807501885,8.304796859485165,0.0,4.395682961121367,3.292059619319557
NIC,2011,0.187,0.842,-0.737969636917114,-0.893715918064117,-0.269735813140869,-0.353553354740143,-0.576730072498322,38.5109310109035,0.459542647877554,33.858,0.0,0.0,0.0,0.0,0.10436001532424277,3.3461339029158395,1.5644405465033646,3.0950344746278535,0.26236426446749106,0.5007752879124893,8.195586118737998,8.372331584489542,0.0,4.409155302062135,3.3084135310218685
NIC,2012,0.155,0.842,-0.781678140163422,-0.891339302062988,-0.348777562379837,-0.310052245855331,-0.536340475082397,39.3733180833559,0.452815375388235,42.68,0.0,0.0,0.0,0.0,0.10436001532424277,3.36505486692712,1.6193882432872684,3.0786477738812987,0.26236426446749106,0.5247285289349821,8.16440610851322,8.413818043315082,0.0,4.410371107683024,3.3461339029158395
NIC,2013,0.127,0.865,-0.738523960113525,-0.813365757465363,-0.249215871095657,-0.308052003383636,-0.457735419273376,39.8203641694402,0.452950662835275,52.278,0.0,1.0,0.0,0.0,0.11332868530700317,3.3719724191276024,1.6505798557652755,3.1086590924092015,0.26236426446749106,0.5306282510621704,8.181945045290465,8.457776980888534,0.0,4.417635062141249,3.36505486692712
NIC,2014,0.126,0.867,-0.887541770935059,-0.837822556495667,-0.0407801233232021,-0.408892065286636,-0.395806461572647,39.5814596582848,0.451364026740218,53.812,0.0,0.0,0.0,0.0,0.11332868530700317,3.399307451169845,1.691939133945844,3.1546999046496365,0.26236426446749106,0.5481214085096876,8.216370220994222,8.530848805693184,0.0,4.417635062141249,3.3719724191276024
NIC,2015,0.126,0.875,-0.907448709011078,-0.862327516078949,-0.092195525765419,-0.419965863227844,-0.414940387010574,40.0118430882306,0.447618301880381,50.109,0.0,0.0,0.0,0.0,0.1310282624064041,3.441834004393194,1.7227665977411035,3.2649193633695277,0.26236426446749106,0.5596157879354227,8.317621136671745,8.603351118673476,0.0,4.4331949212482815,3.399307451169845
NIC,2016,0.121,0.875,-0.897035598754883,-0.737571179866791,-0.0954835712909698,-0.528951227664948,-0.680512070655823,40.161919529607,0.442697342501268,52.288,0.0,0.0,0.0,0.0,0.1310282624064041,3.450844832412066,1.7544036826842861,3.2662554709149756,0.26236426446749106,0.5709795465857378,8.3055779332384,8.679884402946179,0.0,4.441474093317302,3.441834004393194
NIC,2017,0.103,0.88,-0.89563000202179,-0.668117821216583,-0.0538226664066315,-0.695781588554382,-0.718133747577667,40.2504914085923,0.444254072773178,55.973,0.0,1.0,0.0,0.0,0.1310282624064041,3.453335438925739,1.766441661243765,3.2658739080287833,0.37156355643248307,0.5709795465857378,8.291860245125013,8.736545087602506,0.0,4.449685283147696,3.450844832412066
NIC,2018,0.051,0.898,-1.024010181427,-0.812322795391083,-0.950928032398224,-0.731356859207153,-1.09991705417633,39.6975107646555,0.441915124836217,58.71,0.0,1.0,0.0,0.0,0.1310282624064041,3.437913765120183,1.766441661243765,2.9748150252986028,0.37156355643248307,0.5653138090500605,7.9742062250699455,8.688818907146164,0.0,4.456670177669648,3.453335438925739
NIC,2019,0.047,0.9,-1.03215003013611,-0.777325749397278,-0.992500722408295,-0.714432656764984,-1.09811568260193,39.4270341252145,0.443047130721158,56.987,0.0,0.0,0.0,0.0,0.14842000511827327,3.454044096215782,1.7934247485471162,3.0143086591269266,0.37156355643248307,0.5709795465857378,8.002802219342854,8.696528420956176,0.0,4.462453883786496,3.437913765120183
NIC,2020,0.045,0.938,-1.18035209178925,-0.679674625396729,-0.585719466209412,-0.679826021194458,-1.09781920909882,38.7169793482238,0.443666824280913,69.921,0.0,1.0,1.0,0.0,0.14842000511827327,3.451367089778663,1.7681496035889213,3.020180953956301,0.37156355643248307,0.5538851132264376,7.996445169740284,8.74434383439063,0.0,4.465908118654584,3.454044096215782
NIC,2021,0.035,0.93,-1.25524914264679,-0.884827673435211,-0.471975326538086,-0.852285444736481,-1.28579592704773,38.5544569971182,0.442803772803319,69.121,0.0,1.0,0.0,0.0,0.14842000511827327,3.470780496229947,1.8261608959453874,3.1112906141882632,0.37156355643248307,0.5766133643039938,8.079966481684439,8.870686772887654,0.0,4.469350462845556,3.451367089778663
NIC,2022,0.027,0.934,-1.28762543201447,-1.03687942028046,-0.35851177573204,-0.91473376750946,-1.35001993179321,38.2875368912438,0.445967844566188,64.12,0.0,1.0,0.0,0.0,0.14842000511827327,3.478998084013873,1.8531680973566984,3.1123145886338555,0.37156355643248307,0.5877866649021191,8.068187396490746,8.961583279253048,0.0,4.471638793363569,3.470780496229947
NLD,2003,0.809,0.016,1.99590289592743,1.95480120182037,1.16180562973022,1.71816682815552,1.52679491043091,64.3720494700326,0.341282174578489,4.148,0.0,0.0,0.0,1.6601310267496183,0.039220713153281295,5.44201416658716,4.731450351898421,6.960419832763636,0.058268908123975775,2.063058062429312,11.071979790232652,10.442660226613818,0.0,4.61512051684126,5.43382881621332
NLD,2004,0.809,0.016,1.97551548480988,2.07049989700317,1.01623916625977,1.76566171646118,1.69660830497742,64.3980615310472,0.339249882617384,5.31,0.0,1.0,1.0,1.6601310267496183,0.039220713153281295,5.453020919065277,4.762515756711869,6.993698085253379,0.058268908123975775,2.0881534822818573,11.101711830700639,10.490344529915852,0.0,4.61512051684126,5.44201416658716
NLD,2005,0.809,0.016,1.96084868907928,1.93773639202118,0.98810088634491,1.65410709381104,1.66602003574371,64.8249785454498,0.342100112979137,7.571,0.0,1.0,0.0,1.6601310267496183,0.039220713153281295,5.425921370652217,4.7691580360935415,7.0150317580093615,0.058268908123975775,2.0918640616783932,11.120623343388345,10.539521547421723,0.2191085761020307,4.61512051684126,5.453020919065277
NLD,2006,0.814,0.016,2.0405261516571,1.78492248058319,0.902736186981201,1.68260562419891,1.53982102870941,66.3707956589054,0.341405575946458,8.265,0.0,0.0,0.0,1.6601310267496183,0.039220713153281295,5.4082542979317845,4.787325062224947,6.994461276014721,0.058268908123975775,2.105352923464337,11.09832650999511,10.626627520466988,0.2191085761020307,4.61512051684126,5.425921370652217
NLD,2007,0.822,0.016,2.15947222709656,1.72176647186279,0.778468787670135,1.80043852329254,1.52343332767487,67.2964442435828,0.339400698804063,7.321,0.0,1.0,1.0,1.6601310267496183,0.039220713153281295,5.410430866524676,4.806395273201279,7.0107846797015565,0.058268908123975775,2.1210632163706555,11.112393210310573,10.696616823049528,0.2191085761020307,4.61512051684126,5.4082542979317845
NLD,2008,0.822,0.016,2.1027684211731,1.68715620040894,0.86355197429657,1.77511894702911,1.48308551311493,67.9002860276211,0.339960167378601,8.973,0.0,0.0,0.0,1.6601310267496183,0.039220713153281295,5.391600113484642,4.812672041312344,6.998864830305408,0.058268908123975775,2.122261538862764,11.09648416829676,10.751827985615627,0.2191085761020307,4.61512051684126,5.410430866524676
NLD,2009,0.822,0.016,2.12415862083435,1.73591732978821,0.945019245147705,1.69705557823181,1.46438777446747,67.8435110361007,0.343362929003179,9.64,0.0,1.0,1.0,1.6601310267496183,0.039220713153281295,5.363386255303632,4.772716457199891,6.984985728269074,0.058268908123975775,2.0831845279586703,11.077371323122641,10.713011129891902,0.2191085761020307,4.61512051684126,5.391600113484642
NLD,2010,0.826,0.016,2.09006071090698,1.77032697200775,0.940750122070312,1.72908127307892,1.45056891441345,67.9544509856229,0.339401846541543,9.475,0.0,0.0,1.0,1.6601310267496183,0.039220713153281295,5.4149079962626265,4.803036954117508,7.066169144221257,0.058268908123975775,2.105352923464337,11.153419617803427,10.721223618669901,0.2191085761020307,4.61512051684126,5.363386255303632
NLD,2011,0.828,0.016,2.08139801025391,1.82099711894989,1.11363077163696,1.80483758449554,1.5370477437973,68.3936292333294,0.33682012227623,10.938,0.0,1.0,1.0,1.6601310267496183,0.039220713153281295,5.355981537888644,4.809986820609417,7.017588576819477,0.058268908123975775,2.1065702090680887,11.100048929962878,10.758012174164259,0.2191085761020307,4.61512051684126,5.4149079962626265
NLD,2012,0.825,0.016,2.09058332443237,1.83936905860901,1.18746471405029,1.7455050945282,1.60558545589447,68.1601118332124,0.33778715779496,12.193,0.0,1.0,0.0,1.6601310267496183,0.039220713153281295,5.341313813465358,4.790653406119625,7.00006003793936,0.058268908123975775,2.086913556518537,11.078706838192652,10.771728989197536,0.2324956568844901,4.61512051684126,5.355981537888644
NLD,2013,0.829,0.023,2.01686978340149,1.80873382091522,1.14381539821625,1.76091754436493,1.56690323352814,68.3196633633377,0.339662083441348,12.033,0.0,1.0,1.0,1.6601310267496183,0.039220713153281295,5.32825955299327,4.785823685681349,6.969682581353466,0.058268908123975775,2.0794415416798357,11.045239276383372,10.812210762034702,0.2324956568844901,4.61512051684126,5.341313813465358
NLD,2014,0.832,0.023,1.96052145957947,1.83546948432922,1.04511535167694,1.76312530040741,1.54720866680145,69.1299228417831,0.341038430662212,11.41,0.0,1.0,0.0,1.6601310267496183,0.039220713153281295,5.29274424786808,4.769242907725249,6.924937810155626,0.058268908123975775,2.061786606441115,10.996744577341621,10.814812159320162,0.2324956568844901,4.61512051684126,5.32825955299327
NLD,2015,0.832,0.019,1.83337318897247,1.82862544059753,0.912540197372437,1.78769791126251,1.56130266189575,68.4025184552011,0.342168905672133,12.561,0.0,1.0,1.0,1.7732559976634952,0.039220713153281295,5.3332541282937,4.776936228842529,6.934852802333108,0.058268908123975775,2.064327903869788,11.002138190468894,10.83901895941714,0.2324956568844901,4.61512051684126,5.29274424786808
NLD,2016,0.832,0.019,1.85835075378418,1.82028615474701,0.896933197975159,1.9648460149765,1.54080605506897,67.7764329432808,0.340229990159378,12.969,0.0,1.0,1.0,1.9444805562457188,0.039220713153281295,5.337431336644096,4.786407822219008,6.951813311877701,0.058268908123975775,2.0681277817795625,11.013445386411853,10.881123195646405,0.2324956568844901,4.61512051684126,5.3332541282937
NLD,2017,0.835,0.019,1.74557888507843,1.81402194499969,0.907123684883118,2.04048895835876,1.49619734287262,67.2616654883795,0.341666755484654,15.021,0.0,1.0,1.0,1.7544036826842861,0.039220713153281295,5.314161981096266,4.79206460462718,6.9594953735396246,0.058268908123975775,2.066862759472976,11.014722258917388,10.933795446834052,0.2324956568844901,4.61512051684126,5.337431336644096
NLD,2018,0.831,0.018,1.88914597034454,1.80973696708679,0.838281273841858,2.01364374160767,1.49981355667114,67.3339781720667,0.34569109624607,16.693,0.0,1.0,1.0,1.7544036826842861,0.039220713153281295,5.279394882460652,4.804594650681708,6.934532546437151,0.058268908123975775,2.0731719286662407,10.98363808354044,10.982241647906688,0.2324956568844901,4.61512051684126,5.314161981096266
NLD,2019,0.814,0.018,1.86761248111725,1.76715266704559,0.821324944496155,1.84916996955872,1.48359453678131,67.0741818682251,0.349403851367768,18.992,0.0,1.0,1.0,1.62924053973028,0.039220713153281295,5.25078664705774,4.803283067577055,6.930042073081337,0.058268908123975775,2.065596134857783,10.972494015190426,11.040458866649471,0.2324956568844901,4.61512051684126,5.279394882460652
NLD,2020,0.806,0.021,1.99998319149017,1.8052179813385,0.830933392047882,1.74825215339661,1.52000570297241,67.387191727378,0.349538507617097,26.837,0.0,1.0,1.0,1.62924053973028,0.039220713153281295,5.158919767602949,4.789988622980633,6.8980513477700836,0.058268908123975775,2.048982334195127,10.934830644051079,11.044482700185563,0.2324956568844901,4.61512051684126,5.25078664705774
NLD,2021,0.81,0.021,2.00424218177795,1.72513651847839,0.893059194087982,1.73918282985687,1.48990213871002,67.5216405078684,0.346552502558627,33.402,1.0,1.0,0.0,1.62924053973028,0.039220713153281295,5.177727760448533,4.804430796838969,6.923654218362175,0.058268908123975775,2.057962510002712,10.955152493005949,11.135676970596386,0.345539347176977,4.61512051684126,5.158919767602949
NLD,2022,0.797,0.021,1.91720008850098,1.57889866828918,0.726799547672272,1.71227204799652,1.54713273048401,66.6856512751482,0.356583781278182,40.012,0.0,1.0,0.0,1.62924053973028,0.039220713153281295,5.100261071344272,4.758062932091234,6.861813953016931,0.058268908123975775,2.0082140323914683,10.883492547190249,11.253548642548074,0.0,4.61512051684126,5.177727760448533
NOR,2003,0.857,0.006,2.01096653938293,1.83412086963654,1.20455622673035,1.30756890773773,1.52924609184265,71.4992655559375,0.260707229713438,99.4,1.0,0.0,1.0,0.039220713153281295,3.3669509429335642,3.6898774559250427,4.7496167903531195,6.175721729369692,0.019802627296179712,3.261552099148637,11.563060486318477,10.563225551975163,0.06809761627944011,4.61512051684126,3.564215412922813
NOR,2004,0.857,0.006,1.9128645658493,2.05889225006104,1.19661831855774,1.43924069404602,1.70420897006989,71.243432578217,0.259262574846228,99.355,1.0,1.0,1.0,0.039220713153281295,3.3683297780365384,3.699852964486283,4.808519109974122,6.189288239153747,0.019802627296179712,3.3130945001071823,11.570740996749773,10.661343650689412,0.06809761627944011,4.61512051684126,3.6898774559250427
NOR,2005,0.86,0.006,2.00025272369385,1.85913348197937,1.29527723789215,1.47850239276886,1.6405930519104,72.4655298180305,0.258438181318393,99.468,1.0,0.0,1.0,0.0295588022415444,3.386083743852107,3.5810867407011444,4.837947186270539,6.326930920875871,0.019802627296179712,3.3350575791576103,11.701834716840565,10.77828656590958,0.06809761627944011,4.61512051684126,3.699852964486283
NOR,2006,0.864,0.006,2.12355327606201,1.87561547756195,1.25270569324493,1.22095274925232,1.54217982292175,75.3552905224848,0.257301374691029,99.324,1.0,1.0,0.0,0.0295588022415444,3.3921566370100065,3.7296585330341463,4.812753299184245,6.238709316661197,0.019802627296179712,3.3028492586443794,11.605398815686254,10.903571059097986,0.06809761627944011,4.61512051684126,3.5810867407011444
NOR,2007,0.864,0.006,1.9825838804245,2.01804304122925,1.14555251598358,1.32977032661438,1.54985499382019,75.188582133336,0.256735748758909,99.14,1.0,0.0,1.0,0.0295588022415444,3.3998631586490187,3.7246378938134903,4.8448168094013155,6.3166591438195345,0.019802627296179712,3.323956301318708,11.673136867173524,10.936357120939812,0.13185213110480262,4.61512051684126,3.7296585330341463
NOR,2008,0.864,0.006,1.89187574386597,1.83281362056732,1.28543448448181,1.37290072441101,1.54803907871246,74.9498884823712,0.255192736870546,99.405,1.0,1.0,1.0,0.0295588022415444,3.4147715016892732,3.641839059759025,4.85460507125637,6.329555116379367,0.019802627296179712,3.321793358874887,11.673587181915938,11.03607853744822,0.045909701304077906,4.61512051684126,3.7246378938134903
NOR,2009,0.865,0.006,1.98498344421387,1.83760952949524,1.27653253078461,1.4649510383606,1.54887938499451,75.1159116100588,0.254550352308225,96.572,1.0,1.0,0.0,0.0295588022415444,3.4190372997904865,3.5965219102900248,4.8121030512543195,6.244056214926646,0.058268908123975775,3.26804686887465,11.575315144625774,10.926291543159726,0.2561498477823798,4.61512051684126,3.641839059759025
NOR,2010,0.868,0.006,2.07725214958191,1.87354242801666,1.33231151103973,1.5119845867157,1.59508776664734,76.1317311813398,0.252714493089628,95.793,1.0,1.0,1.0,0.0295588022415444,3.4239368686316447,3.6461410918549406,4.880450675722129,6.212469813920482,0.058268908123975775,3.322514859627687,11.531208556002783,10.97199476939702,0.2561498477823798,4.61512051684126,3.5965219102900248
NOR,2011,0.87,0.006,2.14263248443604,1.83171236515045,1.33797693252563,1.60296952724457,1.62635803222656,76.1777991473141,0.253656861347182,96.808,1.0,1.0,1.0,0.0295588022415444,3.4330189939851112,3.622844189439486,4.819071155935369,6.2246336739691595,0.07696104113612832,3.250374491927572,11.530429648946548,11.042299094912881,0.2561498477823798,4.61512051684126,3.6461410918549406
NOR,2012,0.87,0.006,2.24798226356506,1.8999354839325,1.32746982574463,1.53973925113678,1.72816324234009,76.4976500053383,0.255054566936192,98.228,1.0,1.0,1.0,0.0295588022415444,3.4503049557691834,3.633031467394923,4.862599215268851,6.331398641720936,0.07696104113612832,3.2801590532850993,11.624259626822791,11.094000458606025,0.26905325261828766,4.61512051684126,3.622844189439486
NOR,2013,0.856,0.006,2.28692841529846,1.87676703929901,1.3520919084549,1.65741109848022,1.73790335655212,77.6411469704572,0.255185294527406,97.957,1.0,1.0,1.0,0.0295588022415444,3.466672963621067,3.7380214027269405,4.86081964885856,6.261941964609045,0.07696104113612832,3.2665224783355535,11.542461587342936,11.118087580737944,0.26905325261828766,4.61512051684126,3.633031467394923
NOR,2014,0.856,0.006,2.22268295288086,1.82170379161835,1.11995851993561,1.64058220386505,1.68400382995605,78.3151199668366,0.254184337171469,97.913,1.0,1.0,0.0,0.0295588022415444,3.4732079176384274,3.7839072623806707,4.838660029356445,6.296996974765258,0.07696104113612832,3.234355395716587,11.566372255918672,11.102449746254038,0.26905325261828766,4.61512051684126,3.7380214027269405
NOR,2015,0.862,0.006,2.20029306411743,1.8330682516098,1.14562010765076,1.59465098381042,1.68808364868164,78.2720745601278,0.254827773865645,97.951,1.0,0.0,1.0,0.0295588022415444,3.477232067938153,3.8842506820592555,4.862521908632038,6.310409066860978,0.07696104113612832,3.2476576262936527,11.569663796699151,11.014607652900954,0.26905325261828766,4.61512051684126,3.7839072623806707
NOR,2016,0.862,0.006,2.14950466156006,1.83236646652222,1.18162095546722,1.6863489151001,1.66545379161835,77.4958438540043,0.255837330760311,98.054,1.0,1.0,1.0,0.0295588022415444,3.4910380856619447,3.89979416935958,4.887487895940722,6.325494518110633,0.08617769624105233,3.2634667081960758,11.575914348539474,10.99004748923369,0.26905325261828766,4.61512051684126,3.8842506820592555
NOR,2017,0.86,0.009,2.19124555587769,1.94444799423218,1.15070176124573,1.80552613735199,1.69478344917297,77.6138723504685,0.256034605455785,98.118,1.0,1.0,1.0,0.0295588022415444,3.4937765629552486,3.848255279517376,4.898660358722849,6.330002505798316,0.08617769624105233,3.2669037938787824,11.572662417630829,11.075823485889716,0.26905325261828766,4.61512051684126,3.89979416935958
NOR,2018,0.845,0.009,2.05031037330627,1.84514558315277,1.12084853649139,1.78418827056885,1.70934963226318,76.9236661617026,0.256872362189541,98.02,1.0,1.0,0.0,0.0295588022415444,3.512440560478137,3.8919652531158158,4.918446903101353,6.314686890301619,0.08617769624105233,3.279406324608233,11.550719458920438,11.159884572280362,0.26905325261828766,4.61512051684126,3.848255279517376
NOR,2019,0.853,0.009,2.0337541103363,1.82773196697235,1.14211213588715,1.79789400100708,1.65354299545288,76.2700194875748,0.256705097134546,97.938,1.0,1.0,0.0,0.0295588022415444,3.520460802488973,3.94574558965123,4.904311351528766,6.247936485870635,0.07696104113612832,3.259249719006474,11.477092960549495,11.16959826392744,0.26905325261828766,4.61512051684126,3.8919652531158158
NOR,2020,0.832,0.011,2.06576919555664,1.88777232170105,1.22160577774048,1.69426965713501,1.72022712230682,76.0046582733031,0.256963602052848,98.516,1.0,1.0,1.0,0.0295588022415444,3.5476038667559826,3.7581416629027036,4.904163049585739,6.32324902763516,0.07696104113612832,3.2534704696327,11.546665513604996,11.114112252426137,0.26905325261828766,4.61512051684126,3.94574558965123
NOR,2021,0.836,0.011,2.10831046104431,1.79539930820465,1.08862638473511,1.62860715389252,1.73803555965424,76.6343950685344,0.256395531638302,99.319,1.0,1.0,1.0,0.0295588022415444,3.5573460641520867,3.894570428303992,4.945563297352541,6.345987176478571,0.12221763272424921,3.288401887516811,11.564102730126649,11.396224653576438,0.26905325261828766,4.61512051684126,3.7581416629027036
NOR,2022,0.834,0.011,2.0676383972168,1.94172024726868,0.86123925447464,1.5161395072937,1.78067529201508,76.6347703920986,0.255191471668855,98.645,0.0,1.0,1.0,0.0295588022415444,3.563032744247961,3.9052695030021,4.897093252697127,6.281458944075631,0.11332868530700317,3.233173129569025,11.490489316398994,11.721167927725896,0.0,4.61512051684126,3.894570428303992
NPL,2003,0.144,0.778,-0.588842928409576,-0.800985097885132,-1.89185237884521,-0.414270848035812,-0.920003414154053,37.1092956698757,0.551034714506654,100.0,0.0,0.0,0.0,0.0,0.43178241642553783,2.6997140528623196,1.1631508098056809,2.625537779527746,0.04879016416943201,0.08617769624105233,6.214077957922546,7.282199962260527,0.0,3.703768066607687,2.628362160320763
NPL,2004,0.145,0.778,-0.953119218349457,-0.955853760242462,-2.14913845062256,-0.52077054977417,-1.13482713699341,35.7950521876587,0.551435329057066,99.582,0.0,0.0,0.0,0.0,0.4382549309311553,2.672860634998169,1.2584609896100059,2.6081561982815664,0.04879016416943201,0.09531017980432487,6.182743780520699,7.34177511026199,0.0,3.6428355156125294,2.6997140528623196
NPL,2005,0.148,0.778,-0.742212891578674,-0.861349403858185,-2.09840488433838,-0.530171871185303,-1.14681553840637,37.2773962718644,0.544844156777818,99.203,0.0,0.0,0.0,0.0,0.4382549309311553,2.7195737143489804,1.3029127521808397,2.6409127501147185,0.04879016416943201,0.09531017980432487,6.206807754689458,7.395622865829673,0.0,3.8522730010223722,2.672860634998169
NPL,2006,0.209,0.762,-0.692943096160889,-0.924164414405823,-1.89445018768311,-0.523552715778351,-0.908803641796112,37.3421214330149,0.543547786004346,99.632,0.0,0.0,0.0,0.0,0.4382549309311553,2.6812778428258306,1.3787660946990992,2.597714366080876,0.04879016416943201,0.10436001532424277,6.150636883002964,7.449373575183525,0.0,3.955082494888593,2.7195737143489804
NPL,2007,0.276,0.755,-0.791534423828125,-0.724708914756775,-1.88537847995758,-0.580034494400024,-0.58556193113327,37.7479375012229,0.531206278537535,99.639,0.0,0.0,0.0,0.0,0.44468582126144574,2.748917979349798,1.420695787837223,2.581579537048261,0.04879016416943201,0.11332868530700317,6.124856242475297,7.501260954939375,0.0,3.9815490680767565,2.6812778428258306
NPL,2008,0.407,0.729,-0.81800764799118,-0.815914392471313,-1.83428740501404,-0.646401107311249,-0.496126413345337,37.7737929621481,0.529781505965619,99.642,0.0,0.0,0.0,0.0,0.4510756193602167,2.803057909909825,1.410986973710262,2.712838717834007,0.04879016416943201,0.11332868530700317,6.258424006706616,7.5720671889089,0.0,4.04305126783455,2.748917979349798
NPL,2009,0.465,0.725,-0.704490542411804,-0.965407252311707,-1.62008118629456,-0.722060024738312,-0.441024661064148,38.2948829861804,0.527287435398249,99.675,0.0,0.0,0.0,0.0,0.5128236264286637,2.879814095698207,1.534714366238164,2.8555502429541284,0.04879016416943201,0.12221763272424921,6.40347816683391,7.615770090306467,0.0,4.09933210373314,2.803057909909825
NPL,2010,0.463,0.725,-0.6956827044487,-0.896736919879913,-1.58397114276886,-0.761707723140717,-0.447481632232666,38.7005905969876,0.521146946672907,100.0,0.0,0.0,0.0,0.0,0.5128236264286637,2.9561553305088673,1.5769147207285403,2.9276675426398615,0.04879016416943201,0.1310282624064041,6.473523344936387,7.668667407898636,0.0,4.242764567340374,2.879814095698207
NPL,2011,0.471,0.717,-0.787440359592438,-0.920482873916626,-1.41644358634949,-0.734936654567719,-0.445125788450241,38.3951349141824,0.514616993631517,100.0,0.0,0.0,1.0,0.0,0.5187937934151676,3.0259642108327016,1.6486586255873816,2.9826470340053355,0.04879016416943201,0.13976194237515868,6.526977905403666,7.718239808927115,0.0,4.223909766576744,2.9561553305088673
NPL,2012,0.311,0.727,-0.814642906188965,-0.989905714988708,-1.38123226165771,-0.805144667625427,-0.642363488674164,38.5676867642193,0.513506856315141,99.433,0.0,0.0,1.0,0.0,0.5247285289349821,3.055201820661398,1.6714733033535532,3.0517817394050133,0.04879016416943201,0.14842000511827327,6.59703246218742,7.8106911075925005,0.0,4.333361462692601,3.0259642108327016
NPL,2013,0.191,0.724,-0.688966631889343,-0.933889985084534,-1.12914609909058,-0.858153939247131,-0.528627395629883,39.4622061640251,0.509472657160503,99.714,0.0,0.0,0.0,0.0,0.5423242908253616,3.116098070744895,1.7613002617433464,3.1215275695982987,0.04879016416943201,0.16551443847757338,6.668005860285659,7.8857136532883665,0.0,4.361823927356363,3.055201820661398
NPL,2014,0.497,0.722,-0.588949203491211,-0.863811731338501,-0.724599540233612,-0.847787737846375,-0.430543005466461,40.5292869300056,0.505796390058586,100.0,0.0,0.0,0.0,0.0,0.5538851132264376,3.1497854728819084,1.8196988379172965,3.1974478774545805,0.04879016416943201,0.173953307123438,6.744239382089247,7.973223494829383,0.0,4.45318382899021,3.116098070744895
NPL,2015,0.532,0.646,-0.603533506393433,-1.1360867023468,-0.997430026531219,-0.831647515296936,-0.41568249464035,40.6496328038177,0.504916452701541,100.0,0.0,0.0,1.0,0.0,0.5822156198526637,3.143487075528056,1.8293763327993617,3.0950797470546894,0.04879016416943201,0.173953307123438,6.631921405259421,7.992371948095213,0.0,4.418840607796598,3.1497854728819084
NPL,2016,0.553,0.66,-0.826784908771515,-0.893620848655701,-0.846989989280701,-0.789327502250671,-0.251749128103256,40.9547925319143,0.50022651998929,100.0,0.0,0.0,1.0,0.0,0.5933268452777344,3.3250203735979174,1.9947003132247452,3.5113066043421854,0.04879016416943201,0.20701416938432615,7.059004897654975,7.9987133946686315,0.0,4.51852237926242,3.143487075528056
NPL,2017,0.551,0.652,-0.775453686714172,-0.941260457038879,-0.583756744861603,-0.739431858062744,-0.200914815068245,40.5117221622387,0.505137399429765,100.0,0.0,0.0,1.0,0.0,0.6523251860396903,3.407601411432453,2.0992441689760155,3.646728451853994,0.04879016416943201,0.23111172096338664,7.196191317130335,8.190273496302176,0.0,4.472780997942346,3.3250203735979174
NPL,2018,0.518,0.628,-0.689042508602142,-0.954740226268768,-0.543022751808167,-0.775707900524139,-0.130212813615799,41.4798729731111,0.489990448056183,100.0,0.0,0.0,1.0,0.0,0.712949807856125,3.4845032636941196,2.154085084675602,3.7608279534265203,0.04879016416943201,0.23901690047049992,7.310660446570121,8.283272932156814,0.0,4.552823705615882,3.407601411432453
NPL,2019,0.475,0.658,-0.691426873207092,-1.09231221675873,-0.453659653663635,-0.735730886459351,-0.150687962770462,41.7046275745658,0.477679024590749,100.0,0.0,0.0,1.0,0.0,0.7701082216960736,3.4465229216201783,2.1713368063840917,3.6213765435123495,0.04879016416943201,0.23901690047049992,7.155928556789148,8.357417256914664,0.0,4.509760001183433,3.4845032636941196
NPL,2020,0.478,0.667,-0.598485827445984,-0.985120117664337,-0.178228780627251,-0.735240161418915,-0.0857139304280281,41.5836767267363,0.484707402872627,100.0,0.0,0.0,1.0,0.0,0.8241754429663495,3.5434257983484274,2.2975725511705014,3.8417722002170787,0.04879016416943201,0.27002713721306015,7.362337481939059,8.351510349851155,0.0,4.509760001183433,3.4465229216201783
NPL,2021,0.494,0.646,-0.55670702457428,-0.929678738117218,-0.187709629535675,-0.642471373081207,-0.0858263298869133,41.5230176857769,0.490652207174852,100.0,0.0,0.0,1.0,0.0,1.0885619528146082,3.5702671851746954,2.4578779774000807,3.894856500506236,0.04879016416943201,0.3074846997479606,7.399122816091005,8.42227346938719,0.0,4.509760001183433,3.5434257983484274
NPL,2022,0.497,0.61,-0.532767117023468,-0.918098270893097,-0.239196881651878,-0.650234937667847,-0.0446578562259674,41.6873178971724,0.490979684097643,100.0,0.0,0.0,0.0,0.0,1.1631508098056809,3.490602490558681,2.5006159434931803,4.037368484699052,0.04879016416943201,0.32208349916911333,7.536184722346273,8.537778318622525,0.0,4.525044141508807,3.5702671851746954
NZL,2003,0.828,0.009,2.28462529182434,1.76194429397583,1.18837487697601,1.65078556537628,1.61011552810669,69.3289671060799,0.312356198228773,66.089,0.0,0.0,0.0,0.6931471805599453,1.8500283773520307,4.109909830622828,3.72255598047332,5.434031999168756,0.9969486348916095,2.401525040848949,10.945504886238577,10.085324362463153,0.0,4.61512051684126,4.097893695557748
NZL,2004,0.828,0.009,2.35213804244995,1.9400452375412,1.50002658367157,1.75323987007141,1.65317785739899,69.7306461273639,0.311660362936374,72.392,0.0,1.0,1.0,0.6931471805599453,1.851599469584072,4.113105573986122,3.7674595542367935,5.46247495271432,0.9593502213346021,2.4292177439274116,10.958940794988182,10.1305309247679,0.0,4.61512051684126,4.109909830622828
NZL,2005,0.828,0.009,2.19131422042847,1.74136209487915,1.25225210189819,1.63162207603455,1.62860155105591,70.1431315332828,0.309837055733074,64.407,0.0,0.0,0.0,0.6931471805599453,1.851599469584072,4.156633586372469,3.7723010622530087,5.4370309334827,0.8919980393051105,2.422144328051685,10.92095361237514,10.15340619361623,0.0,4.61512051684126,4.113105573986122
NZL,2006,0.827,0.009,2.32255101203918,1.58340215682983,1.25449228286743,1.69531941413879,1.49936544895172,73.2002624284775,0.309769068775712,64.777,0.0,1.0,0.0,0.6931471805599453,1.851599469584072,4.196074920882884,3.785098311854479,5.443559915100571,0.9282193027394289,2.423917378161571,10.916225889828043,10.230813147296457,0.0,4.61512051684126,4.156633586372469
NZL,2007,0.827,0.009,2.31768393516541,1.65778410434723,1.24336647987366,1.71598720550537,1.47794735431671,73.7434835047474,0.308135027030243,65.491,0.0,1.0,1.0,0.6931471805599453,1.851599469584072,4.208162530131412,3.792788917504448,5.440033919166517,0.8796267475025636,2.422144328051685,10.902847723829499,10.287201156886116,0.0,4.61512051684126,4.196074920882884
NZL,2008,0.829,0.009,2.29752516746521,1.66906487941742,1.16264343261719,1.79991269111633,1.47838854789734,74.0514528861462,0.304804921001529,64.231,0.0,1.0,1.0,0.6931471805599453,1.8547342683894434,4.067217387929997,3.793014218845944,5.442872152701848,0.9783261227936076,2.414126467726953,10.89661322500348,10.305501551287529,0.006688988150796609,4.61512051684126,4.208162530131412
NZL,2009,0.843,0.009,2.3803186416626,1.84807932376862,1.07115530967712,1.82373833656311,1.47848224639893,74.510983536758,0.306502996670472,71.688,0.0,1.0,0.0,0.6931471805599453,1.8468787684491346,4.047623347118711,3.783052624131186,5.440350640538963,0.8458682675776092,2.3960754360813845,10.884161706020544,10.33388017122813,0.006688988150796609,4.61512051684126,4.067217387929997
NZL,2010,0.845,0.009,2.32940340042114,1.81132459640503,1.23648881912231,1.81236732006073,1.50750553607941,74.6991713439473,0.304509030403551,73.121,0.0,0.0,0.0,0.6931471805599453,1.8453002361560848,4.038796207813438,3.813527758679047,5.464395205607726,0.9042181506398859,2.4150205223238337,10.898264920493684,10.351180155211704,0.33118503372529384,4.61512051684126,4.047623347118711
NZL,2011,0.842,0.009,2.29086756706238,1.87170588970184,1.37673103809357,1.96411323547363,1.57907593250275,74.6051972976444,0.303260934893808,75.992,0.0,1.0,1.0,0.6931471805599453,1.8578592709325787,4.027340765030994,3.8035465290920625,5.468431380234247,0.832909122935104,2.3988039507345884,10.894314721902479,10.396352497979434,0.33118503372529384,4.61512051684126,4.038796207813438
NZL,2012,0.841,0.009,2.30788779258728,1.79215371608734,1.36136555671692,1.84479916095734,1.61772203445435,74.8234783637268,0.304325577292489,71.726,0.0,1.0,0.0,0.5596157879354227,1.8594181177018698,4.127146702962564,3.801091444720864,5.475839926555278,0.8837675401685949,2.3905959703167587,10.89516096948645,10.405955155406108,0.33118503372529384,4.61512051684126,4.027340765030994
NZL,2013,0.834,0.009,2.33418917655945,1.7499874830246,1.45392656326294,1.81913685798645,1.60602045059204,74.9971926392299,0.305087376121083,74.192,0.0,1.0,0.0,0.5596157879354227,1.8625285401162623,4.108294764119988,3.7773481021015445,5.4830235777921335,0.9162907318741551,2.359910159613315,10.892860497796171,10.49857265030497,0.33838794601935185,4.61512051684126,4.127146702962564
NZL,2014,0.833,0.009,2.24941229820251,1.92498862743378,1.46792757511139,1.94383800029755,1.52432608604431,75.5682161327705,0.303632159404232,79.101,0.0,0.0,0.0,0.5596157879354227,1.860974538249528,4.133567197148952,3.7823697972012753,5.528138572615487,0.9042181506398859,2.3504224224082058,10.922759962877173,10.527614599806578,0.33838794601935185,4.61512051684126,4.108294764119988
NZL,2015,0.835,0.009,2.23321151733398,1.85281825065613,1.51113760471344,1.91034615039825,1.55502474308014,75.5295205296769,0.302907976298061,80.078,0.0,0.0,1.0,0.5596157879354227,1.860974538249528,4.114147564040677,3.7970609869584644,5.534246828616508,0.9122827104766162,2.3456445824544927,10.908961770661639,10.53420139752013,0.33838794601935185,4.61512051684126,4.133567197148952
NZL,2016,0.835,0.009,2.23673152923584,1.8059014081955,1.50114333629608,2.02746391296387,1.53386211395264,74.761619794423,0.306129278939065,84.334,0.0,1.0,0.0,0.5596157879354227,1.860974538249528,4.1156664225838275,3.787592927049969,5.547845756366938,0.8796267475025636,2.3174737054877963,10.901017992316188,10.596382828509457,0.33838794601935185,4.61512051684126,4.114147564040677
NZL,2017,0.829,0.009,2.19591546058655,1.72795903682709,1.56194603443146,2.08179926872253,1.5597071647644,74.7009888642289,0.303917581081074,81.219,0.0,1.0,1.0,0.5596157879354227,1.860974538249528,4.158953880091259,3.799078246412012,5.563888023502142,0.9042181506398859,2.309560706730471,10.896550863344082,10.651229646726604,0.33838794601935185,4.61512051684126,4.1156664225838275
NZL,2018,0.835,0.009,2.13542580604553,1.62871909141541,1.51216292381287,2.00085973739624,1.6052497625351,74.3227656314669,0.303696156852219,83.398,0.0,1.0,0.0,0.5596157879354227,1.860974538249528,4.1605728737174985,3.8006444174447567,5.558544734092108,0.8837675401685949,2.2945529212967815,10.873052437600977,10.65792450800984,0.33838794601935185,4.61512051684126,4.158953880091259
NZL,2019,0.835,0.009,2.13093376159668,1.63243579864502,1.41695356369019,1.8710173368454,1.5376101732254,70.2627010648377,0.304369305282135,82.423,0.0,1.0,1.0,0.5596157879354227,1.8625285401162623,4.192383263524542,3.801091444720864,5.578086967799453,0.9360933591703348,2.2793164660546914,10.874755289596374,10.720608758801053,0.33838794601935185,4.61512051684126,4.1605728737174985
NZL,2020,0.829,0.009,2.11690759658813,1.53874325752258,1.46835374832153,1.87444794178009,1.59747445583344,70.1810085341009,0.304090232119636,80.923,0.0,1.0,1.0,0.5596157879354227,1.8625285401162623,4.150566049453325,3.7921127087555884,5.481900627059001,0.8960880245566356,2.256541154492639,10.762186586127951,10.725782113208753,0.33838794601935185,4.61512051684126,4.192383263524542
NZL,2021,0.817,0.008,2.16975808143616,1.30568933486938,1.39449656009674,1.80264282226562,1.59413957595825,70.4555322122407,0.303710150251254,81.722,0.0,1.0,1.0,0.5596157879354227,1.8625285401162623,4.151603202496001,3.7966121539168185,5.467427029369761,0.9669838461896731,2.254444717666111,10.740225098568049,10.784145255413002,0.33838794601935185,4.61512051684126,4.150566049453325
NZL,2022,0.823,0.008,2.16323399543762,1.34026157855988,1.32116913795471,1.86519300937653,1.65168607234955,70.369686545781,0.303377602356491,85.884,0.0,1.0,1.0,0.5596157879354227,1.8991179875485544,4.117775958676683,3.8017616111706087,5.454081030530934,0.8837675401685949,2.254444717666111,10.722125829620369,10.89714775085618,0.0,4.61512051684126,4.151603202496001
OMN,2003,0.124,0.274,0.560884475708008,0.442997604608536,1.06150567531586,0.673514068126678,-0.822545170783997,46.8625851134536,0.426211462658911,0.0,0.0,0.0,0.0,0.0,0.0,4.166628915606267,2.4604431776096263,4.920922088634849,0.058268908123975775,1.7101878155342436,10.96110165060681,10.619757717289051,0.0,4.61512051684126,4.086939570289112
OMN,2004,0.126,0.274,0.657538533210754,0.465463012456894,1.11596786975861,0.646622002124786,-0.656644761562347,47.2048754789147,0.428209562130224,0.0,0.0,0.0,0.0,0.0,0.0,4.14007572520872,2.5257286443082556,4.958998080926297,0.058268908123975775,1.7544036826842861,10.982252818922616,10.648815260068611,0.0,4.61512051684126,4.166628915606267
OMN,2005,0.126,0.274,0.38773900270462,0.305876433849335,0.946494877338409,0.547744989395142,-0.91963791847229,46.7255651253435,0.426219717064508,0.0,0.0,0.0,0.0,0.0,0.0,4.14611491212212,2.613739521630969,5.057028938110228,0.058268908123975775,1.814824742159051,11.058331124465496,10.684497255053563,0.0,4.6141299273595635,4.14007572520872
OMN,2006,0.128,0.274,0.345938503742218,0.283817261457443,0.841323614120483,0.603963792324066,-1.15948677062988,48.3635923944295,0.424596398793632,0.0,0.0,0.0,0.0,0.0,0.0,4.247789298433161,2.659559991941776,5.145090426608355,0.058268908123975775,1.8389610707123492,11.124824351344127,10.738398631853084,0.0,4.6141299273595635,4.14611491212212
OMN,2007,0.129,0.274,0.345133304595947,0.314470052719116,0.939814209938049,0.612982988357544,-1.06266069412231,48.6844159965269,0.423917909600024,0.0,0.0,0.0,0.0,0.0,0.0,4.272152201955979,2.719319793360441,5.153609463047363,0.058268908123975775,1.873339456220478,11.111608113016247,10.791953172523652,0.0,4.61512051684126,4.247789298433161
OMN,2008,0.129,0.274,0.506844520568848,0.393369615077972,0.92218691110611,0.696053743362427,-1.07074284553528,49.4144518251562,0.42300688300717,0.0,0.0,0.0,0.0,0.0,0.0,4.264145224819391,2.8361502037295256,5.308292449570115,0.058268908123975775,1.9615022438151495,11.245434532569066,10.875065183825052,0.0,4.61512051684126,4.272152201955979
OMN,2009,0.129,0.274,0.327373415231705,0.366105973720551,0.826832592487335,0.526367485523224,-1.07403683662415,49.2093809655221,0.421660994629966,0.0,0.0,0.0,0.0,0.0,0.0,4.292668364043257,2.9678470700644555,5.3004251436244,0.058268908123975775,2.063058062429312,11.215635935010829,10.917421518202328,0.0,4.61512051684126,4.264145224819391
OMN,2010,0.13,0.274,0.319510161876678,0.358714640140533,0.590241730213165,0.442818641662598,-1.04480218887329,50.1196293245839,0.421266977316988,0.0,0.0,0.0,0.0,0.0,0.0,4.349250294373212,3.035433640405543,5.472619352371789,0.058268908123975775,2.1016921506146558,11.361870176140044,10.92716917546183,0.0,4.61512051684126,4.292668364043257
OMN,2011,0.138,0.257,0.132201880216599,0.233887895941734,0.432440459728241,0.319843679666519,-1.06049060821533,49.6542075229741,0.42034215969298,0.0,0.0,1.0,0.0,0.0,0.0,4.460364159348204,3.12982600803469,5.5639991987201505,0.058268908123975775,2.093097868127322,11.344048317719663,10.866553344993553,0.0,4.61512051684126,4.349250294373212
OMN,2012,0.141,0.257,0.175082936882973,0.242914155125618,0.462077081203461,0.466739267110825,-1.02166974544525,50.2842679433998,0.419217425855702,0.0,0.0,0.0,0.0,0.0,0.0,4.557702964889752,3.2588654730843594,5.650557491196657,0.058268908123975775,2.085672091430472,11.288673687299976,10.819587116326817,0.0,4.61512051684126,4.460364159348204
OMN,2013,0.144,0.257,0.152467921376228,0.194238632917404,0.459530204534531,0.471201926469803,-1.03871428966522,50.7342761743988,0.418300163643185,0.0,0.0,1.0,0.0,0.0,0.0,4.604406820017854,3.3046864812813115,5.763999170144749,0.058268908123975775,2.0592388343623163,11.32473619476757,10.758210771447239,0.0,4.61512051684126,4.557702964889752
OMN,2014,0.143,0.257,0.304507285356522,0.247935682535172,0.734907329082489,0.688467621803284,-1.09078919887543,52.2278068158375,0.41845215614645,0.0,0.0,0.0,0.0,0.0,0.0,4.650602713285729,3.40552135314221,5.758800822409613,0.058268908123975775,2.1138429683971682,11.27650520441043,10.697313061142319,0.0,4.61512051684126,4.604406820017854
OMN,2015,0.143,0.257,0.236111432313919,0.0351864174008369,0.7780522108078,0.557434797286987,-1.06142914295197,52.106781685114,0.417571641381122,0.0,0.0,0.0,1.0,0.0,0.0,4.702590729604415,3.518980417318539,5.824299547203038,0.058268908123975775,2.178155014615869,11.297626935841906,10.492916385244504,0.0,4.61512051684126,4.650602713285729
OMN,2016,0.144,0.257,0.30525740981102,0.138545840978622,0.749765634536743,0.597641348838806,-1.05420088768005,51.8449524139973,0.418133122343355,0.0,0.0,1.0,0.0,0.0,0.0,4.7237923382403615,3.561897992353146,5.827898010237646,0.058268908123975775,2.174751721484161,11.253188945953555,10.41435908292956,0.0,4.61512051684126,4.702590729604415
OMN,2017,0.142,0.257,0.214597567915916,0.134335204958916,0.749312877655029,0.406968593597412,-1.06159889698029,51.6731594105069,0.419152903592648,0.055,0.0,0.0,0.0,0.0,0.0,4.727258867092509,3.6149637711637683,5.866230068276299,0.058268908123975775,2.1938856760707046,11.258806606519949,10.422891246182092,0.0,4.61512051684126,4.7237923382403615
OMN,2018,0.142,0.257,0.215160369873047,0.126805379986763,0.642200529575348,0.160653665661812,-1.03951370716095,51.9166491653853,0.420923627376825,0.132,0.0,0.0,0.0,0.0,0.0,4.757796885393445,3.6573887870225654,5.932263754914891,0.1310282624064041,2.2202898502672155,11.311781121799154,10.539570366288105,0.0,4.61512051684126,4.727258867092509
OMN,2019,0.144,0.252,0.421262174844742,0.206361129879951,0.589256703853607,0.275505721569061,-1.15351963043213,52.8019992692755,0.423051959972855,0.154,0.0,1.0,0.0,0.0,0.0,4.768166419044922,3.686125665917315,5.925348782776056,0.1310282624064041,2.248128907197987,11.306290112925552,10.52545047331098,0.0,4.61512051684126,4.757796885393445
OMN,2020,0.138,0.252,0.203327089548111,0.104503601789474,0.419779539108276,0.444364666938782,-1.14353907108307,52.0309197000142,0.423851556555285,0.802,0.0,1.0,0.0,0.0,0.0,4.738686388273641,3.6798387094617873,5.8931706705040945,0.1310282624064041,2.255493485460195,11.289111964290049,10.467787443715071,0.0,4.61512051684126,4.768166419044922
OMN,2021,0.139,0.252,0.0622414164245129,-0.155151039361954,0.431985288858414,0.315641969442368,-1.19163250923157,51.4777691425353,0.423313604056039,1.913,0.0,1.0,0.0,0.0,0.0,4.792051294303343,3.757005283161537,5.989820696725986,0.1310282624064041,2.331172549845958,11.390907537303598,10.564123389672721,0.0,4.61512051684126,4.738686388273641
OMN,2022,0.137,0.256,0.0526379346847534,0.0215067788958549,0.532249212265015,0.432644993066788,-1.14781379699707,51.545820355501,0.421309559062002,3.785,0.0,1.0,0.0,0.0,0.0,4.856657786471392,3.8093256071898036,6.053408298490314,0.1310282624064041,2.3350522831315472,11.404848329306125,10.660016371918598,0.0,4.61512051684126,4.792051294303343
PAK,2003,0.191,0.867,-0.804457187652588,-0.586459815502167,-1.54904592037201,-0.82736998796463,-1.17076420783997,38.2808249600172,0.543298869416633,34.284,0.0,0.0,0.0,0.13976194237515868,1.8991179875485544,5.768806203782523,4.420646205638937,6.319384243368709,1.3762440252663892,0.3987761199573678,8.106984550524484,7.945460266173632,0.0,4.343805421853684,5.733881213810459
PAK,2004,0.198,0.867,-1.17881202697754,-0.543261051177979,-1.58287799358368,-1.04911208152771,-1.14213120937347,37.2181731013513,0.536182010155985,31.259,0.0,0.0,0.0,0.13976194237515868,2.0215475632609334,5.829442071749426,4.466712392840524,6.429566240492412,1.3762440252663892,0.4054651081081644,8.192648774671873,8.022686057621112,0.0,4.356708826689592,5.768806203782523
PAK,2005,0.195,0.867,-1.06204557418823,-0.457726120948792,-1.75138831138611,-0.641119778156281,-0.976286172866821,38.7747157646421,0.534469830518449,33.693,0.0,0.0,0.0,0.13976194237515868,2.0215475632609334,5.85350866547231,4.561322786207815,6.465116201710456,1.3762440252663892,0.43178241642553783,8.20421409708892,8.099737148344516,0.0,4.370712874773608,5.829442071749426
PAK,2006,0.19,0.867,-0.818344295024872,-0.383815377950668,-2.02467846870422,-0.479762464761734,-0.886475443840027,43.4178165463914,0.532289250890769,33.166,0.0,0.0,1.0,0.13976194237515868,2.020222182019865,5.914687101881072,4.612145799724517,6.523014432158574,1.3762440252663892,0.44468582126144574,8.238371218767973,8.165026257517523,0.0,4.383275854074314,5.85350866547231
PAK,2007,0.189,0.867,-0.818873345851898,-0.489426851272583,-2.43270516395569,-0.537263751029968,-0.94987416267395,43.7588219952792,0.531623641205052,31.16,0.0,0.0,0.0,0.13976194237515868,2.0215475632609334,5.973481879036652,4.578312731818208,6.576546167785775,1.3762440252663892,0.41871033485818504,8.265552681405033,8.208814486853136,0.0,4.396915247167632,5.914687101881072
PAK,2008,0.228,0.929,-0.899149179458618,-0.73821085691452,-2.5730094909668,-0.599021852016449,-0.838403463363647,43.3730905644588,0.536352205415584,31.244,0.0,0.0,1.0,0.13976194237515868,2.0347056478384444,5.977448371986943,4.545844719903276,6.5788025002429205,1.3762440252663892,0.3987761199573678,8.241047254470775,8.222105883931492,0.0,4.411585436915426,5.973481879036652
PAK,2009,0.26,0.929,-1.07562577724457,-0.812300384044647,-2.644526720047,-0.584045112133026,-0.855763971805573,42.9662070082408,0.532530723442618,30.278,0.0,0.0,1.0,0.13976194237515868,2.0360119837525,6.004097362385159,4.578415448679272,6.615210737197466,1.4678743481123135,0.4054651081081644,8.252088715997633,8.236974130961112,0.0,4.42484663185681,5.977448371986943
PAK,2010,0.289,0.926,-1.08961069583893,-0.775662660598755,-2.67593312263489,-0.61335825920105,-0.798651278018951,44.1603407874438,0.531160185987791,34.715,0.0,1.0,1.0,0.13976194237515868,2.0451088625993306,5.987547466570955,4.562367063662782,6.620699676923461,1.5496879080283263,0.3920420877760237,8.232881698839309,8.239250506199218,0.0,4.478472532942134,6.004097362385159
PAK,2011,0.288,0.926,-1.08339202404022,-0.833723247051239,-2.81003546714783,-0.647816777229309,-0.829199433326721,44.2257719398692,0.530950937604175,31.298,0.0,0.0,1.0,0.13976194237515868,2.046401687601636,6.008650481568364,4.565389315976247,6.625827286679717,1.589235205116581,0.3852624007906449,8.215652328022419,8.263744485014788,0.0,4.486386649998124,5.987547466570955
PAK,2012,0.284,0.924,-1.06879222393036,-0.783729493618011,-2.67700362205505,-0.722233474254608,-0.843582153320312,44.901657683168,0.521180028445282,31.713,0.0,1.0,1.0,0.13976194237515868,2.0515563381903004,6.018802281294531,4.599956618935204,6.555063818997046,1.62924053973028,0.3852624007906449,8.125755241112415,8.305879018217604,0.0,4.4953553199808844,6.008650481568364
PAK,2013,0.287,0.904,-0.962785661220551,-0.798744976520538,-2.60330200195312,-0.705004990100861,-0.799566090106964,45.545924444276,0.520281226890853,32.189,0.0,1.0,1.0,0.13976194237515868,2.0906287310704004,6.053405686370614,4.666265285347902,6.6546408030156075,1.62924053973028,0.4054651081081644,8.209170987238648,8.336854927161811,0.0,4.5031374604229395,6.018802281294531
PAK,2014,0.286,0.891,-0.83929455280304,-0.762600779533386,-2.40127921104431,-0.688540935516357,-0.716101288795471,37.2068866316225,0.520406444703435,32.833,0.0,1.0,1.0,0.13976194237515868,2.1065702090680887,6.090686759541173,4.694553747122777,6.668619531449605,1.62924053973028,0.412109650826833,8.20816408368398,8.369618671269393,0.0,4.511957804265912,6.053405686370614
PAK,2015,0.267,0.884,-0.834522724151611,-0.709552943706512,-2.47188353538513,-0.645115256309509,-0.722120881080627,37.3594465989896,0.515724272983339,33.647,0.0,1.0,1.0,0.13976194237515868,2.1065702090680887,6.115588146335701,4.738389029774314,6.721801533771038,1.62924053973028,0.41871033485818504,8.247376969958886,8.407660235358385,0.0,4.5217885770490405,6.090686759541173
PAK,2016,0.259,0.884,-0.90090936422348,-0.700057625770569,-2.47387385368347,-0.662416398525238,-0.699556410312653,37.0061690072422,0.517577893687058,29.17,0.0,1.0,0.0,0.1988508587451652,2.1102132003465894,6.180679892649569,4.823502180305079,6.80399015667395,1.62924053973028,0.44468582126144574,8.31662171325411,8.440686052727683,0.0,4.530446639792155,6.115588146335701
PAK,2017,0.257,0.899,-0.8026123046875,-0.634695649147034,-2.39691209793091,-0.612370550632477,-0.693545937538147,37.2960249515437,0.518007728910123,25.038,0.0,1.0,0.0,1.247032293786383,2.1294214739848565,6.227506619307258,4.882195678251343,6.859607558401622,1.62924053973028,0.46373401623214017,8.358147517295315,8.474397681122396,0.0,4.540098189244376,6.180679892649569
PAK,2018,0.254,0.899,-0.801856637001038,-0.666645467281342,-2.25401329994202,-0.667998254299164,-0.81427401304245,37.2740361799068,0.51763029206339,25.678,0.0,1.0,0.0,1.420695787837223,2.3896797998449797,6.219760328922757,4.8714498521794365,6.875727832143377,1.62924053973028,0.4510756193602167,8.358048093554297,8.513260166436417,0.0,4.547541073151455,6.227506619307258
PAK,2019,0.236,0.904,-0.879992425441742,-0.718214333057404,-2.25174307823181,-0.687235057353973,-0.862777709960938,37.6960049792933,0.506951247587565,29.335,0.0,1.0,0.0,1.8115620965242347,2.3905959703167587,6.225312302450289,4.9037921984782065,6.882063041933674,1.62924053973028,0.4574248470388754,8.34747381255546,8.524870448833413,0.0,4.552823705615882,6.219760328922757
PAK,2020,0.255,0.903,-0.857438266277313,-0.571128666400909,-1.7926949262619,-0.764765918254852,-0.877737641334534,38.6863486114132,0.508462553338375,28.105,0.0,1.0,0.0,1.8115620965242347,2.401525040848949,6.292594943716081,4.983332611568247,6.867630957697968,1.62924053973028,0.4824261492442927,8.314996465495009,8.52694970275421,0.0,4.5591262474866845,6.225312302450289
PAK,2021,0.248,0.897,-0.810481548309326,-0.438822388648987,-1.71373546123505,-0.761585533618927,-0.841518759727478,38.7586705688308,0.511647290668511,27.295,0.0,1.0,1.0,1.8164520818184267,2.401525040848949,6.321202930588477,5.093934232951563,6.972616560526964,1.62924053973028,0.5187937934151676,8.401198331021076,8.588261654838726,0.0,4.563305981889393,6.292594943716081
PAK,2022,0.234,0.899,-0.80435037612915,-0.624728679656982,-1.83982634544373,-0.886412620544434,-0.862116992473602,38.6388806116208,0.51413236664585,28.039,0.0,1.0,0.0,1.965712776351493,2.454447442303292,6.340264653244268,5.169062530690774,6.887655627578664,1.5871923034867808,0.5423242908253616,8.298698567075704,8.686306959197418,0.0,4.564348191467836,6.321202930588477
PAN,2003,0.553,0.577,-0.395565360784531,-0.112611755728722,0.073229543864727,0.33775407075882,0.484826952219009,43.8383230211998,0.41985397115998,50.987,0.0,0.0,0.0,0.0,0.6043159668533296,-2.2847995723892236,1.8547342683894434,4.150141864985311,0.5538851132264376,0.9895411936137477,9.882099091470005,9.08268501090737,0.0,4.486386649998124,-2.122569305019219
PAN,2004,0.561,0.577,-0.300811678171158,-0.0872103795409203,0.0841383635997772,0.25936558842659,0.51607221364975,44.3310692302482,0.420004973126934,65.972,0.0,1.0,0.0,0.0,0.6043159668533296,-2.675099151374809,1.891604804197771,4.142721942795407,0.5709795465857378,1.0043016091968684,9.855505087090243,9.16874754785014,0.0,4.4355674016019115,-2.2847995723892236
PAN,2005,0.555,0.577,-0.390578359365463,0.0693711191415787,-0.157522633671761,0.159857556223869,0.44353836774826,43.9577430894347,0.418952051064355,64.261,0.0,0.0,0.0,0.0,0.6043159668533296,-1.6249485306171736,1.9125010869241836,4.14397564256367,0.5306282510621704,1.007957920399979,9.837928831171233,9.260274835866708,0.0,4.443827035579329,-2.675099151374809
PAN,2006,0.555,0.577,-0.36358454823494,0.0662024170160294,-0.0679050013422966,0.313156545162201,0.601521611213684,44.4269395717767,0.41645327710843,60.201,0.0,0.0,0.0,0.0,0.6151856390902335,-2.4233862869599045,1.9358598132018119,4.237463183482529,0.5247285289349821,1.0152306797290587,9.914308989015112,9.366108744612271,0.0,4.4520190064939165,-1.6249485306171736
PAN,2007,0.555,0.577,-0.339885622262955,0.130122646689415,-0.0613481253385544,0.396069228649139,0.621265113353729,44.82274711497,0.415102947768499,57.74,0.0,1.0,1.0,0.0,0.6205764877251099,-2.2657180032731667,1.9933388426264242,4.173309766520395,0.5128236264286637,1.0438040521731147,9.830852395257914,9.49806240064233,0.0,4.460144413937834,-2.4233862869599045
PAN,2008,0.555,0.577,-0.101286359131336,0.118165627121925,-0.0977801457047462,0.705149292945862,0.600690960884094,45.9010146058976,0.414765163195056,62.053,0.0,0.0,0.0,0.0,0.6259384308664953,-2.0243222402125376,2.0149030205422647,4.339510497570803,0.5709795465857378,1.0508216248317612,9.981238929422812,9.596036109576849,0.0,4.469350462845556,-2.2657180032731667
PAN,2009,0.559,0.577,-0.327103823423386,0.103056825697422,0.0622795186936855,0.396906673908234,0.591262817382812,45.2739653816841,0.413678694247517,56.729,0.0,1.0,0.0,0.0,0.6312717768418579,-2.4372043226682933,2.064327903869788,4.308460823216793,0.6471032420585385,1.0750024230289759,9.931730829659648,9.600132499330229,0.0,4.477336814478207,-2.0243222402125376
PAN,2010,0.562,0.577,-0.358153432607651,0.131257295608521,-0.116048209369183,0.472236633300781,0.537198603153229,45.6918213736988,0.413670632373399,57.046,0.0,1.0,0.0,0.0,0.6575200029167942,-2.297277547466212,2.1294214739848565,4.438028824789167,0.7178397931503169,1.1118575154181303,10.045104599227708,9.653331084180707,0.0,4.476199804691132,-2.4372043226682933
PAN,2011,0.562,0.577,-0.354332804679871,0.130668714642525,-0.028218861669302,0.534382700920105,0.534638524055481,45.983502363246,0.409683985193785,52.685,0.0,1.0,0.0,0.11332868530700317,0.8020015854720274,-2.154256816438487,2.1838015570040787,4.449965617682074,0.636576829071551,1.1410330045520618,10.039440292581522,9.768513125898597,0.0,4.4953553199808844,-2.297277547466212
PAN,2012,0.562,0.577,-0.395119667053223,0.319876164197922,-0.179432675242424,0.468524962663651,0.469416946172714,45.8284907063239,0.408026593549533,62.95,0.0,1.0,0.0,0.11332868530700317,0.9042181506398859,-2.2711745146166438,2.258633205464863,4.540418308758395,0.6043159668533296,1.1878434223960523,10.113270446438454,9.87684843569168,0.0,4.5031374604229395,-2.154256816438487
PAN,2013,0.551,0.572,-0.38122621178627,0.318168878555298,-0.141260921955109,0.447597444057465,0.424230694770813,46.2684001691794,0.40689954387127,57.877,0.0,1.0,0.0,0.11332868530700317,0.9122827104766162,-2.416242916232699,2.2975725511705014,4.527003218014395,0.6043159668533296,1.205970806988609,10.082280683416943,9.995367997715938,0.0,4.500920164614292,-2.2711745146166438
PAN,2014,0.546,0.572,-0.370015203952789,0.27743074297905,0.209008201956749,0.476986914873123,0.505584120750427,47.1198695243022,0.405735183077294,55.806,0.0,0.0,0.0,0.11332868530700317,0.9439058989071285,-2.1693762626057596,2.340843805111136,4.551832698397417,0.708035793053696,1.2267122912954256,10.090079519800598,10.101398660836114,0.0,4.519612297626445,-2.416242916232699
PAN,2015,0.557,0.572,-0.434962153434753,0.277811020612717,0.377415180206299,0.447250634431839,0.558539509773254,46.9647245460382,0.40451737335103,65.34,0.0,1.0,1.0,0.11332868530700317,1.000631880307906,-2.03232301637608,2.414126467726953,4.624541347667348,0.6523251860396903,1.2725655957915476,10.146221944015323,10.212672234446107,0.0,4.528289141652134,-2.1693762626057596
PAN,2016,0.557,0.572,-0.573966324329376,0.153621435165405,0.40072774887085,0.468313783407211,0.523992538452148,45.8755772753579,0.404104590723951,66.636,0.0,1.0,0.0,0.11332868530700317,0.9669838461896731,-2.038780009047644,2.443216222733791,4.678485701373732,0.7514160886839212,1.2837077723447896,10.183405310558845,10.318167039220297,0.0,4.536891345234797,-2.03232301637608
PAN,2017,0.552,0.545,-0.613697469234467,0.0281319748610258,0.380334168672562,0.425295799970627,0.519523441791534,45.5193073679005,0.404233803652863,71.83,0.0,1.0,0.0,0.11332868530700317,0.9745596399981308,-2.4499151572646065,2.462149662665384,4.748802888166934,0.7701082216960736,1.2864740258376797,10.237226270783578,10.420324850572817,0.0,4.550714000192032,-2.038780009047644
PAN,2018,0.539,0.502,-0.610337615013123,0.0126809943467379,0.252161979675293,0.385193198919296,0.557908833026886,45.896491235344,0.405026190469971,77.768,0.0,1.0,0.0,0.3576744442718159,1.0188473201992472,-2.463467764341276,2.4756977107026907,4.724196892409732,0.7514160886839212,1.2837077723447896,10.1956657024667,10.387903706520602,0.0,4.551769409260976,-2.4499151572646065
PAN,2019,0.537,0.499,-0.643827140331268,0.0998710468411446,0.290945798158646,0.380994021892548,0.598749577999115,45.2571223781138,0.405059087388519,52.749,0.0,1.0,0.0,0.3576744442718159,1.0260415958332743,-2.192183489190772,2.5087859235779435,4.836932488927916,0.7371640659767197,1.3001916620664788,10.293445950667643,10.411531307318715,0.0,4.552823705615882,-2.463467764341276
PAN,2020,0.55,0.508,-0.584161520004272,0.164647355675697,0.235503375530243,0.322711378335953,0.573975324630737,45.2802005027357,0.406154625171401,75.686,0.0,1.0,1.0,0.3576744442718159,1.0331844833456545,-2.4216444060946656,2.4414770918606643,4.4559042231484645,0.712949807856125,1.235471471385307,9.894986369660636,10.204258714597744,0.0,4.56746831880408,-2.192183489190772
PAN,2021,0.549,0.473,-0.591640532016754,0.123601131141186,0.307207077741623,0.177574455738068,0.541458606719971,45.4432092330583,0.409354244055769,78.365,0.0,1.0,0.0,0.27002713721306015,1.0331844833456545,-2.4629290413985676,2.5392369943330477,4.540183564468538,0.4824261492442927,1.3056264580524357,9.968136676931934,10.339603513013516,0.0,4.56746831880408,-2.4216444060946656
PAN,2022,0.563,0.473,-0.634862422943115,-0.128100603818893,0.289221227169037,0.127132147550583,0.541374862194061,45.5494911585257,0.407037920259903,77.224,0.0,1.0,0.0,0.27002713721306015,1.0438040521731147,-2.384884757965445,2.559550192783766,4.639301044704237,0.5007752879124893,1.3110318766193438,10.055610434913996,10.500512714096457,0.0,4.564348191467836,-2.4629290413985676
PER,2003,0.654,0.516,-0.154854536056519,-0.585180282592773,-1.16210162639618,0.114225752651691,0.0786488428711891,43.4055316928471,0.450622411669067,81.683,0.0,1.0,1.0,0.1310282624064041,1.3937663759585917,5.0787335984836055,3.175132901920282,5.001742537147944,1.1755733298042381,0.6043159668533296,8.585824824331059,8.640800682826832,0.0,4.32280727501391,5.078518201420305
PER,2004,0.653,0.516,-0.429986923933029,-0.649820864200592,-1.0273996591568,0.204360604286194,-0.134529516100883,42.7526238651112,0.449146173614033,72.866,0.0,0.0,0.0,0.1310282624064041,1.4011829736136412,5.103088521888904,3.228826155721369,5.0650982265362225,1.172482137234565,0.6259384308664953,8.63978597500154,8.705914269367828,0.0,4.33990170837321,5.0787335984836055
PER,2005,0.66,0.516,-0.367371052503586,-0.695960521697998,-0.975715458393097,0.00708298105746508,-0.013819258660078,43.1177545693755,0.445150810784917,72.275,0.0,1.0,0.0,0.1310282624064041,1.43746264769429,5.10821447378461,3.2771447329921766,5.104307769958891,1.1878434223960523,0.6471032420585385,8.67033341805043,8.788828698663847,0.0,4.359269647551265,5.103088521888904
PER,2006,0.653,0.533,-0.221562147140503,-0.757418632507324,-0.841553807258606,0.0748254135251045,0.0919348746538162,44.3988295399528,0.443034251543622,73.282,0.0,1.0,0.0,0.1310282624064041,1.4398351280479205,5.105624654337136,3.344979701663927,5.115553712043289,1.205970806988609,0.6780335427498971,8.673732216874116,8.883861483544491,0.0,4.396915247167632,5.10821447378461
PER,2007,0.65,0.533,-0.272556155920029,-0.627492427825928,-0.774885892868042,0.238475114107132,0.108356989920139,44.4420763690493,0.437200162324403,66.722,0.0,0.0,0.0,0.1310282624064041,1.4422019930581866,5.124524520582598,3.4317265866969784,5.200070378540989,1.208960345836975,0.7178397931503169,8.751468949150885,8.98507583342948,0.0,4.418840607796598,5.105624654337136
PER,2008,0.652,0.533,-0.206874340772629,-0.431019514799118,-0.892661690711975,0.320967674255371,0.152134746313095,45.208791811885,0.433172459794396,60.13,0.0,1.0,1.0,0.1310282624064041,1.4445632692438664,5.154555826604144,3.509453700432007,5.276296681178768,1.252762968495368,0.7561219797213337,8.82151539574294,9.084906280183285,0.0,4.450852825603734,5.124524520582598
PER,2009,0.647,0.533,-0.332539886236191,-0.489155441522598,-1.1800479888916,0.366641789674759,0.0834904238581657,44.5006421186093,0.434021238366732,60.601,0.0,1.0,0.0,0.1310282624064041,1.4539530095937054,5.141280985303811,3.522234376704989,5.295513439215302,1.2781522025001875,0.76080582903376,8.83465646856077,9.095781657332768,0.0,4.470495282661489,5.154555826604144
PER,2010,0.654,0.542,-0.253887414932251,-0.239367961883545,-0.999915421009064,0.39282089471817,0.111124783754349,45.585711352944,0.426204261853152,57.704,0.0,1.0,1.0,0.1310282624064041,1.4861396960896067,5.1313777952270545,3.604954219176175,5.421799685944523,1.11514159061932,0.8020015854720274,8.954999118334369,9.18136034142263,0.0,4.489759334476764,5.141280985303811
PER,2011,0.666,0.505,-0.243967726826668,-0.206647053360939,-0.760749697685242,0.404832929372787,0.131239607930183,46.1123932796579,0.425543403365404,56.768,0.0,1.0,0.0,0.1310282624064041,1.4929040961781488,5.162408382798702,3.6948615257914836,5.519683338904484,1.0647107369924282,0.8501509293696101,9.045814842367012,9.255655652722027,0.0,4.507557357121091,5.1313777952270545
PER,2012,0.694,0.514,-0.404069632291794,-0.18742011487484,-0.907364726066589,0.436642318964005,0.11426293104887,45.9604532269754,0.422211957824745,55.255,0.0,0.0,1.0,0.1310282624064041,1.4996230464268938,5.170666696504023,3.7125959807312525,5.551893124982448,1.0543120297715298,0.8544153281560676,9.069781256943315,9.283419092522548,0.0,4.522874943261261,5.162408382798702
PER,2013,0.684,0.538,-0.460946977138519,-0.151038065552711,-0.805739760398865,0.40630167722702,0.0847504287958145,46.1839854283188,0.420082032012466,53.942,0.0,0.0,1.0,0.1310282624064041,1.5129270120532565,5.272686614462085,3.795713883027763,5.574360721123107,1.2149127443642704,0.9001613499442714,9.083321100814848,9.331810357174351,0.0,4.533674184283021,5.170666696504023
PER,2014,0.686,0.538,-0.599980473518372,-0.326710402965546,-0.550656914710999,0.474248230457306,0.192497372627258,46.1235104513151,0.419638432066655,52.373,0.0,1.0,1.0,0.1310282624064041,1.536867219599265,5.1623463552992215,3.8441723385199715,5.597788425024767,1.1631508098056809,0.924258901523332,9.09689212752227,9.351730307670335,0.0,4.542230386214217,5.272686614462085
PER,2015,0.688,0.523,-0.603917360305786,-0.367453664541245,-0.398910075426102,0.439279824495316,0.227368146181107,46.171858836757,0.418610382819989,52.724,0.0,1.0,1.0,0.1310282624064041,1.6370530794670737,5.126790245706937,3.89630004496291,5.6442766018067045,1.1019400787607843,0.9477893989335261,9.132262175053839,9.358879973329326,0.0,4.552823705615882,5.1623463552992215
PER,2016,0.665,0.525,-0.43034815788269,-0.256282150745392,-0.207934841513634,0.469326198101044,0.268895953893661,46.7853097978864,0.41849476256328,50.397,0.0,1.0,1.0,0.1310282624064041,1.8213182714695995,5.249673137745361,3.962906215742716,5.703575786631036,1.1019400787607843,0.9820784724121581,9.178422885224087,9.398274985081262,0.0,4.55597994179732,5.126790245706937
PER,2017,0.677,0.52,-0.562385022640228,-0.204775094985962,-0.2635098695755,0.351487755775452,0.274388253688812,46.1978617717557,0.419130102748907,58.604,0.0,1.0,0.0,0.1310282624064041,1.809926773183504,5.1023151792363315,3.98397150474073,5.718966609981241,0.7975071958841881,0.9858167945227653,9.179132533821985,9.44088497088033,0.0,4.562262684976815,5.249673137745361
PER,2018,0.699,0.508,-0.597973227500916,-0.323809534311295,-0.276880770921707,0.443382769823074,0.215107664465904,46.1670945237995,0.419396288086282,61.131,0.0,1.0,0.0,0.1310282624064041,1.8293763327993617,5.097265800239545,4.018902367055242,5.766522504477387,0.8064758658669485,0.9969486348916095,9.208710544528696,9.478780934477046,0.0,4.566429357671661,5.1023151792363315
PER,2019,0.696,0.526,-0.509501397609711,-0.125898167490959,-0.163622617721558,0.517202258110046,0.264963299036026,46.6784803923996,0.415062472602087,60.542,0.0,1.0,1.0,0.1310282624064041,1.8547342683894434,5.262987651751431,4.059235385108533,5.791747563384845,0.8109302162163288,1.0116009116784799,9.216866430854726,9.515214114179901,0.0,4.570578741218473,5.097265800239545
PER,2020,0.709,0.529,-0.524636924266815,-0.294280052185059,-0.35772293806076,0.471264183521271,0.246405273675919,46.8401957189322,0.408116465747984,63.484,0.0,1.0,1.0,0.1310282624064041,1.8578592709325787,5.203654191294742,3.9895394478559743,5.666018300235184,1.0402767116551463,0.9631743177730056,9.078815194127747,9.43861504104824,0.0,4.576770711466393,5.262987651751431
PER,2021,0.661,0.517,-0.653799653053284,-0.295280516147614,-0.355252951383591,0.0637786462903023,0.174961343407631,46.2781460194486,0.410462562088861,61.572,0.0,1.0,0.0,0.1310282624064041,1.8718021769015913,5.2745500192305155,4.060960118202517,5.794515528717413,1.0438040521731147,1.000631880307906,9.198102493680297,9.63440157658931,0.0,4.570578741218473,5.203654191294742
PER,2022,0.634,0.618,-0.808002054691315,-0.39837571978569,-0.487095445394516,0.20857498049736,0.0529896952211857,45.8036520328503,0.408896845702446,55.242,0.0,1.0,1.0,0.0,1.8718021769015913,5.295433876609032,4.109889773557563,5.82620362649204,1.1184149159642893,1.0260415958332743,9.220293178073812,9.721375342748173,0.0,4.576770711466393,5.2745500192305155
PHL,2003,0.395,0.749,-0.635371625423431,-0.147018894553185,-1.55980968475342,-0.109684802591801,0.153800815343857,39.0892489138135,0.487295805957329,33.415,0.0,0.0,0.0,1.623340817603092,1.2119409739751128,5.150506030970759,3.987872317711584,5.745832514819642,1.3862943611198906,0.48858001481867097,8.211165733375637,8.232837911302669,0.0,4.351567427189173,5.1609576985530765
PHL,2004,0.358,0.809,-0.707702457904816,-0.221789807081223,-1.70588445663452,-0.369468063116074,0.0255536306649446,39.0274579266645,0.484411808068319,33.733,0.0,0.0,0.0,1.623340817603092,1.297463147413275,4.987861778294092,4.041998081849892,5.769136288352454,1.3887912413184778,0.5007752879124893,8.215112217209493,8.30354737793728,0.0,4.484131857611035,5.150506030970759
PHL,2005,0.353,0.809,-0.662843585014343,-0.0164202656596899,-1.17878663539886,-0.215828403830528,-0.00725506478920579,38.986526885233,0.48444398784707,32.367,0.0,0.0,0.0,1.623340817603092,1.297463147413275,5.0066452672677375,4.053001598687718,5.769386053418489,1.423108334242607,0.49469624183610705,8.196773028136676,8.364054188286149,0.0,4.39197696552705,4.987861778294092
PHL,2006,0.35,0.809,-0.889426827430725,-0.134328275918961,-1.63867163658142,-0.192074850201607,-0.0911425054073334,38.093536732009,0.483575180909931,36.034,0.0,1.0,0.0,1.6770965609079151,1.297463147413275,4.939550677185418,4.056642695038089,5.724597661036786,1.4279160358107101,0.48858001481867097,8.135036323462813,8.429390150375651,0.0,4.396915247167632,5.0066452672677375
PHL,2007,0.356,0.809,-0.778005182743073,0.106631629168987,-1.60488569736481,-0.12692703306675,-0.110541515052319,38.5824402406261,0.480321943052218,31.6,0.0,0.0,0.0,1.6770965609079151,1.297463147413275,4.9955895138604465,4.104624871629657,5.761419107464563,1.430311246536665,0.5068176023684519,8.154625490668408,8.501916532344483,0.0,4.418840607796598,4.939550677185418
PHL,2008,0.355,0.809,-0.778095126152039,0.0476356446743011,-1.77923631668091,-0.0791466757655144,-0.138752609491348,38.4696112427305,0.479318603161144,33.903,0.0,1.0,1.0,1.6770965609079151,1.297463147413275,5.005577482955408,4.124226936703971,5.794682945971826,1.4422019930581866,0.5068176023684519,8.170315525600314,8.545845909866904,0.0,4.4343818650078095,4.9955895138604465
PHL,2009,0.353,0.809,-0.786739230155945,0.0282764304429293,-1.7287632226944,-0.112535633146763,-0.0277492720633745,38.5521818925664,0.476885470098027,32.574,0.0,1.0,1.0,1.6770965609079151,1.297463147413275,5.020674656061284,4.1418640781900775,5.806345079810364,1.4539530095937054,0.5068176023684519,8.163998470185247,8.548358130485392,0.0,4.446174454497633,5.005577482955408
PHL,2010,0.413,0.729,-0.781123995780945,0.0709009245038033,-1.65075957775116,-0.215251356363297,-0.039045549929142,38.9141222085519,0.476553409821965,26.296,0.0,1.0,1.0,1.7422190236679187,1.3428648031925547,5.062360199660073,4.230185785133514,5.834901376229606,1.4655675420143985,0.5306282510621704,8.172157391934482,8.610726417841999,0.0,4.460144413937834,5.020674656061284
PHL,2011,0.432,0.721,-0.685034811496735,0.189581170678139,-1.39218163490295,-0.160969600081444,-0.0199026539921761,39.6783291827089,0.473255613872667,28.662,0.0,1.0,1.0,1.7884205679625405,1.3428648031925547,5.104008750182934,4.25063580654847,5.854604764390604,1.4678743481123135,0.5306282510621704,8.172270348792141,8.649349924184781,0.0,4.4796069630127455,5.062360199660073
PHL,2012,0.432,0.721,-0.573895454406738,0.205686181783676,-1.18824028968811,0.0405046008527279,-0.0296867359429598,40.4228942760114,0.473569565538227,28.454,0.0,1.0,1.0,1.7884205679625405,1.3454723665996355,5.127084341240765,4.302577500800556,5.888562118987201,1.4770487243883548,0.5481214085096876,8.186898355307179,8.715268072674728,0.0,4.478472532942134,5.104008750182934
PHL,2013,0.429,0.719,-0.380065739154816,0.205928966403008,-1.08425319194794,0.0231475681066513,0.00626141391694546,41.4070490034735,0.474348858957079,26.412,0.0,1.0,1.0,1.9125010869241836,1.3454723665996355,5.193876435251377,4.333755086000182,5.957731946676477,1.5748464676644813,0.5538851132264376,8.237442515450736,8.759956423273353,0.0,4.483002552013883,5.127084341240765
PHL,2014,0.428,0.719,-0.439754605293274,0.31771445274353,-0.713820934295654,0.0773035287857056,0.159192964434624,41.7977558477506,0.473055411426584,25.612,0.0,1.0,1.0,1.925707441737794,1.3506671834767394,5.257082268236534,4.359653205696989,6.008014340652517,1.5912739418064292,0.5538851132264376,8.27141464042355,8.808330230440362,0.0,4.508659285607248,5.193876435251377
PHL,2015,0.429,0.719,-0.481130987405777,0.160157755017281,-0.854724228382111,0.0541701726615429,0.14704766869545,41.5259580243465,0.47321735750757,25.413,0.0,1.0,1.0,1.9933388426264242,1.355835153635182,5.323369947139177,4.423648309364701,6.099089496998307,1.6114359150967734,0.5766133643039938,8.34789746888648,8.838590516407098,0.0,4.500920164614292,5.257082268236534
PHL,2016,0.367,0.736,-0.519234538078308,0.0184973310679197,-1.37869036197662,0.112924449145794,0.163373067975044,41.1875720135139,0.471922008718057,24.21,0.0,1.0,1.0,2.1341664413690826,1.358409157630355,5.373089568624176,4.519503359231,6.187076559892258,1.6272778305624314,0.6151856390902335,8.422637866637158,8.907025756794184,0.0,4.532599493153256,5.323369947139177
PHL,2017,0.342,0.746,-0.507541537284851,-0.0349111147224903,-1.18929100036621,0.127081677317619,0.0839975401759148,41.3447197104689,0.470245686455201,24.555,0.0,1.0,1.0,2.200552367428894,1.3609765531356006,5.497546595466032,4.55765920331704,6.279490935276303,1.6389967146756448,0.6259384308664953,8.50233393749152,8.958642824941975,0.0,4.543294782270004,5.373089568624176
PHL,2018,0.316,0.746,-0.576294243335724,0.062349122017622,-1.09620380401611,0.0287664085626602,0.0210947003215551,41.058120836799,0.467591301042969,23.371,0.0,1.0,0.0,2.2762411176544437,1.3812818192963463,5.6172978763602,4.612542940317504,6.3125384788643535,1.6620303625532709,0.6471032420585385,8.523069492092676,9.031063405231771,0.0,4.55597994179732,5.497546595466032
PHL,2019,0.295,0.755,-0.606206953525543,0.059953011572361,-0.9280606508255,0.100199609994888,0.00574713759124279,41.4074546688432,0.458656257994649,20.787,0.0,1.0,0.0,2.421256622711544,1.3937663759585917,5.647055503573193,4.673109168996284,6.3405726848404536,1.667706820558076,0.6729444732424258,8.538990690377272,9.096622941488796,0.0,4.56746831880408,5.6172978763602
PHL,2020,0.286,0.779,-0.510658323764801,0.0678123831748962,-0.778704285621643,0.113156676292419,-0.106204241514206,42.358746312714,0.454175973843537,21.229,0.0,1.0,1.0,2.463853240590168,1.3987168811184478,5.610876829877057,4.632298853376344,6.243696887312143,1.6563214983329508,0.6471032420585385,8.430501763237528,9.016678923405701,0.0,4.578826210648489,5.647055503573193
PHL,2021,0.284,0.784,-0.530111014842987,0.0347901321947575,-0.984022319316864,0.0623732283711433,-0.154726296663284,42.7547069369605,0.448997693509986,22.128,0.0,1.0,1.0,2.463853240590168,1.3987168811184478,5.64845260234434,4.670489652108734,6.303638602269208,1.6900958154515549,0.6626879730752367,8.481489948704047,9.089165459910276,0.0,4.590056548178043,5.610876829877057
PHL,2022,0.288,0.817,-0.541212201118469,0.063930444419384,-0.655268549919128,0.0627855956554413,-0.0548803359270096,43.0895797644177,0.445290563395014,22.14,0.0,1.0,0.0,2.5710843460290524,1.3962446919730587,5.67275831631244,4.723130983621656,6.349102277419136,1.7083778602890038,0.6830968447064438,8.51942210554056,9.223488196265041,0.0,4.562262684976815,5.64845260234434
PNG,2003,0.403,0.62,-0.813447833061218,-0.530814051628113,-0.559017360210419,-0.644967973232269,-0.207606077194214,32.9193811043194,0.58477716027127,30.124,0.0,0.0,0.0,0.0,0.18232155679395462,-2.452178812164554,1.4398351280479205,2.9763965372472487,0.22314355131420976,0.4252677354043441,8.019924259048013,7.6699344109078025,0.0,2.667228206581955,-2.530983667270269
PNG,2004,0.401,0.62,-0.995903432369232,-0.685506939888,-0.54865700006485,-0.804753959178925,-0.423719346523285,32.5490262023793,0.578270014522787,26.781,0.0,0.0,0.0,0.0,0.18232155679395462,-2.3405560012846407,1.5062971535145868,3.097521419456025,0.22314355131420976,0.44468582126144574,8.11438425256512,7.6905329410612495,0.0,2.6946271807700692,-2.452178812164554
PNG,2005,0.401,0.62,-1.15102338790894,-0.885935664176941,-0.921983242034912,-0.993771374225616,-0.306904882192612,31.9976291011776,0.57620051205289,32.597,0.0,0.0,0.0,0.0,0.18232155679395462,-2.1157404371356425,1.5303947050936475,3.039653460611919,0.22314355131420976,0.4382549309311553,8.02138622094941,7.750575628473487,0.0,2.714694743820879,-2.3405560012846407
PNG,2006,0.405,0.62,-1.13993716239929,-0.761204540729523,-0.869873523712158,-0.767391502857208,0.0122540332376957,31.5610189882038,0.577780828742751,33.824,0.0,0.0,0.0,0.0,0.18232155679395462,-1.4378948181336713,1.4816045409242156,3.069400863479192,0.22314355131420976,0.4054651081081644,8.020705618103497,7.801719520283709,0.0,2.5952547069568657,-2.1157404371356425
PNG,2007,0.386,0.62,-1.11834168434143,-0.653770744800568,-0.747831761837006,-0.6065873503685,0.0661681815981865,31.711136316045,0.578129599026375,37.313,0.0,0.0,0.0,0.0,0.1906203596086497,-0.444488477062989,1.4701758451005928,3.14056827759944,0.23901690047049992,0.3920420877760237,8.06375873217943,7.872216816512649,0.0,2.766319109226186,-1.4378948181336713
PNG,2008,0.368,0.62,-1.1764702796936,-0.697395861148834,-0.61021226644516,-0.68917840719223,0.0103012612089515,31.5885391058432,0.573916105208838,36.657,0.0,0.0,0.0,0.0,0.1906203596086497,1.510406665839837,1.4838746894587547,3.017151240927291,0.23901690047049992,0.3920420877760237,7.903358359574955,7.857279971159044,0.0,2.791165107812717,-0.444488477062989
PNG,2009,0.368,0.62,-1.24256598949432,-0.750869333744049,-0.7908074259758,-0.578488111495972,-0.0105109317228198,31.0989988323731,0.577091926653305,37.092,0.0,0.0,0.0,0.0,0.1988508587451652,1.8482653569125533,1.4747630091074988,3.119099687504275,0.31481073984003355,0.3784364357202451,7.9796378231816645,7.898572644046564,0.0,2.9014215940827497,1.510406665839837
PNG,2010,0.36,0.638,-1.03937900066376,-0.730952560901642,-0.808443784713745,-0.56959456205368,-0.0305312536656857,32.0552793452387,0.58079939077733,35.613,0.0,0.0,0.0,0.0,0.20701416938432615,2.1776578177453345,1.5062971535145868,3.0137686360400897,0.31481073984003355,0.3784364357202451,7.838991764574595,7.976901692042158,0.0,3.0204248861443626,1.8482653569125533
PNG,2011,0.353,0.666,-1.03357470035553,-0.716937601566315,-0.754677414894104,-0.527206063270569,-0.0388280488550663,32.1598109263664,0.57596226250152,37.466,0.0,0.0,1.0,0.0,0.20701416938432615,2.4805586175179557,1.5325568680981427,3.053670938474437,0.37156355643248307,0.3784364357202451,7.851800856849659,7.979182690520345,0.0,2.9069010598473755,2.1776578177453345
PNG,2012,0.347,0.674,-0.938103914260864,-0.739490449428558,-0.590442359447479,-0.524210631847382,-0.0591049715876579,32.5764751486068,0.573849071071731,36.729,0.0,0.0,0.0,0.0,0.2151113796169455,1.988875097064469,1.5539252025038417,3.019204629739133,0.37156355643248307,0.3784364357202451,7.787735076188514,8.015279734684908,0.0,2.917770732084279,2.4805586175179557
PNG,2013,0.344,0.674,-0.9588463306427,-0.660329818725586,-0.520246863365173,-0.522182047367096,-0.00446905707940459,32.266779686994,0.579846685650587,35.162,0.0,0.0,0.0,0.0,0.2151113796169455,2.6355865976840946,1.6114359150967734,3.0435219373898397,0.3784364357202451,0.3920420877760237,7.786289313508698,8.042665864824894,0.0,2.9338568698359033,1.988875097064469
PNG,2014,0.34,0.674,-0.910122632980347,-0.614248216152191,-0.339367091655731,-0.354396224021912,0.0124720614403486,32.667605915686,0.58295341900761,33.411,0.0,0.0,0.0,0.0,0.2151113796169455,2.495282937742001,1.66392609771817,3.1030159387736655,0.3784364357202451,0.4054651081081644,7.822390240825351,8.160674940216413,0.0,2.9496883350525844,2.6355865976840946
PNG,2015,0.341,0.674,-0.953294217586517,-0.602256059646606,-0.416289240121841,-0.567924320697784,0.0447076447308064,33.5814114226057,0.557201947611321,31.347,0.0,1.0,1.0,0.0,0.23111172096338664,2.6596322199960385,1.7101878155342436,3.2596338173403683,0.3784364357202451,0.41871033485818504,7.960314205020663,8.208148205787229,0.0,2.9652730660692823,2.495282937742001
PNG,2016,0.343,0.674,-0.942301392555237,-0.73513251543045,-0.504316508769989,-0.566701650619507,0.158153399825096,33.5780691056585,0.567195551698301,29.769,0.0,1.0,0.0,0.0,0.23111172096338664,2.11088580598421,1.752672080520008,3.3241363355256937,0.3784364357202451,0.4252677354043441,8.00260014648955,8.246357839649857,0.0,2.6741486494265287,2.6596322199960385
PNG,2017,0.34,0.705,-0.912016868591309,-0.664056897163391,-0.691195070743561,-0.665424406528473,0.132674783468246,35.5851970936854,0.529891286167263,27.816,0.0,1.0,0.0,0.0,0.23111172096338664,-1.2100968308615112,1.6770965609079151,3.301303378841512,0.3987761199573678,0.3852624007906449,7.954993919157198,8.274910646637387,0.0,3.005682604407159,2.11088580598421
PNG,2018,0.349,0.709,-0.867965519428253,-0.656073272228241,-0.656520247459412,-0.528640508651733,0.0645985007286072,35.2489418882759,0.53979498279377,22.936,0.0,1.0,0.0,0.0,0.23111172096338664,-1.4962167209130814,1.6789639750827106,3.0571095532288943,0.3987761199573678,0.3784364357202451,7.677016846071031,8.271526827541882,0.0,2.8678989020441064,-1.2100968308615112
PNG,2019,0.346,0.698,-1.00220882892609,-0.793053507804871,-0.706948459148407,-0.543229758739471,0.094288744032383,33.9938102626961,0.550290284670532,26.402,0.0,1.0,0.0,0.0,0.23111172096338664,-1.4278239768990542,1.66392609771817,3.09489864504849,0.3987761199573678,0.37156355643248307,7.6940626023998355,8.309142320953416,0.0,3.202746442938317,-1.4962167209130814
PNG,2020,0.353,0.681,-0.596797168254852,-0.830172777175903,-0.653386533260345,-0.683947443962097,0.0323944874107838,35.9927407060242,0.53924634882507,27.317,0.0,1.0,1.0,0.0,0.23111172096338664,-1.311825389860486,1.62924053973028,3.055980353899348,0.3987761199573678,0.35065687161316933,7.632007153655466,8.268879819210316,0.0,3.068052935133617,-1.4278239768990542
PNG,2021,0.347,0.729,-0.770542502403259,-0.889846384525299,-0.578463852405548,-0.829443156719208,0.0295721273869276,34.7430581851843,0.550574188251041,24.724,0.0,1.0,0.0,0.0,0.23111172096338664,-1.324499573555957,1.7101878155342436,3.017493765335504,0.3987761199573678,0.37156355643248307,7.571736745031432,8.288510276408982,0.0,3.086486636822455,-1.311825389860486
PNG,2022,0.37,0.729,-0.696280241012573,-0.810510694980621,-0.659367442131042,-0.682209134101868,-0.0208922196179628,35.0443761098221,0.550349180623927,21.133,0.0,1.0,0.0,0.0,0.23111172096338664,-1.2266809031491575,1.7209792871670078,3.304796607375801,0.3987761199573678,0.37156355643248307,7.852855017508259,8.394035071508466,0.0,2.995732273553991,-1.324499573555957
POL,2003,0.812,0.082,0.401545792818069,0.50964617729187,0.578085064888,0.694821357727051,1.01259672641754,55.6632803300298,0.309635172990478,1.5,1.0,0.0,1.0,3.420346200500916,0.6259384308664953,5.906536351432018,4.947695494322382,6.942356685702136,1.415853163361435,1.5390154481375546,10.206254265065027,9.419910030240203,0.13185213110480262,4.6141299273595635,5.880816901296878
POL,2004,0.812,0.082,0.106035828590393,0.439104020595551,0.153857663273811,0.758691430091858,1.01662766933441,54.7572931811518,0.308953507404722,2.098,1.0,0.0,0.0,3.420346200500916,0.6312717768418579,5.875347530849713,4.971547905388209,6.9491073729748365,1.4539530095937054,1.55814461804655,10.21395284267275,9.504192673858215,0.13185213110480262,4.6141299273595635,5.906536351432018
POL,2005,0.814,0.082,0.247518658638,0.446039795875549,0.363082945346832,0.812517762184143,0.944372296333313,55.1808774023138,0.308418299164702,2.479,1.0,1.0,0.0,3.420346200500916,0.6471032420585385,5.877059636352813,4.977423159890142,6.968791110357978,1.3428648031925547,1.5644405465033646,10.234786825278066,9.542270689310273,0.3263541064556283,4.613138355637268,5.875347530849713
POL,2006,0.805,0.081,0.256550550460815,0.332138866186142,0.354031831026077,0.701598584651947,0.803532481193542,55.2633118367307,0.308327617466084,2.67,1.0,1.0,0.0,3.420346200500916,0.6575200029167942,5.929691910808823,5.015357460431585,7.0133388697568595,1.3862943611198906,1.5953389880545987,10.28077099504797,9.629650962340834,0.3263541064556283,4.613138355637268,5.877059636352813
POL,2007,0.804,0.081,0.283813983201981,0.358851343393326,0.682846009731293,0.768656671047211,0.879502356052399,55.6433772273063,0.309190439115016,3.425,1.0,0.0,0.0,3.418054498728578,0.6523251860396903,5.940359506177006,5.038055889672248,7.0081832496165894,1.3609765531356006,1.6154199841116479,10.276944728731586,9.731206555580318,0.3263541064556283,4.613138355637268,5.929691910808823
POL,2008,0.831,0.082,0.452767491340637,0.462065756320953,0.911096274852753,0.844261586666107,0.953482151031494,56.5621016344756,0.309081555638668,4.278,1.0,0.0,0.0,3.431079756144025,0.6575200029167942,5.918182546663727,5.042327740828745,7.025918686732327,1.33500106673234,1.6193882432872684,10.295340365644075,9.818657963977671,0.3263541064556283,4.613138355637268,5.940359506177006
POL,2009,0.831,0.082,0.435099840164185,0.517221808433533,0.938135385513306,0.976622402667999,1.02687239646912,56.7222825717928,0.308633356505395,5.76,1.0,1.0,1.0,3.4381719844535166,0.6575200029167942,5.873356900124714,5.008432870541055,6.990432359799524,1.2947271675944,1.5912739418064292,10.259658804643426,9.867400189841838,0.3263541064556283,4.61512051684126,5.918182546663727
POL,2010,0.831,0.084,0.513736724853516,0.630121886730194,1.01733005046844,1.02315878868103,1.03761112689972,57.3715417238753,0.307593531038375,6.94,1.0,0.0,1.0,3.4339872044851463,0.6626879730752367,5.929776535429979,5.052544697173465,7.054665524296758,1.366091653802371,1.6253112615903906,10.32149793853989,9.952003848743233,0.3263541064556283,4.61512051684126,5.873356900124714
POL,2011,0.833,0.084,0.562475681304932,0.596360862255096,1.07206296920776,0.958582043647766,1.02762770652771,58.1756377993473,0.307944231068481,8.062,1.0,1.0,0.0,3.4541060373175574,0.6626879730752367,5.905763640986885,5.066574446420364,7.059330645535015,1.2669476034873244,1.635105659182678,10.32319689479915,10.03493263713421,0.3263541064556283,4.61512051684126,5.929776535429979
POL,2012,0.832,0.084,0.659753620624542,0.657871425151825,1.04947865009308,0.996395766735077,1.06427574157715,58.9991984944566,0.306711067509004,10.453,1.0,0.0,0.0,3.4291367503513968,0.6626879730752367,5.889127236828559,5.072921280180533,7.029022903068922,1.2029723039923526,1.6389967146756448,10.291838037426006,10.074459347186435,0.33838794601935185,4.61512051684126,5.905763640986885
POL,2013,0.827,0.084,0.645680546760559,0.659244894981384,0.973354995250702,1.052614569664,0.998090982437134,59.9624788761112,0.305658722872648,10.416,1.0,1.0,0.0,3.414113606928702,0.6678293725756554,5.866464669201298,5.076797496349925,7.032022138040766,1.1878434223960523,1.6409365794934714,10.294541956767358,10.103767366661346,0.33838794601935185,4.61512051684126,5.889127236828559
POL,2014,0.817,0.092,0.681905627250671,0.768983721733093,0.842940807342529,1.06331539154053,1.10508847236633,61.4496756492142,0.305575177406473,12.536,1.0,1.0,1.0,3.4015306594522756,0.6729444732424258,5.848435877901508,5.084628974004582,6.994257693138822,1.1969481893889715,1.6486586255873816,10.256592376172593,10.14489290654363,0.33838794601935185,4.61512051684126,5.866464669201298
POL,2015,0.779,0.072,0.694461524486542,0.74108874797821,0.862319052219391,0.954634428024292,1.03975915908813,61.9708719170002,0.304872058487951,13.81,1.0,1.0,1.0,3.393501175027685,0.6729444732424258,5.86577661059126,5.105763639187833,7.00670700213003,1.3506671834767394,1.665818245870208,10.269020825370268,10.20345661251993,0.33838794601935185,4.61512051684126,5.848435877901508
POL,2016,0.593,0.093,0.759568095207214,0.651506066322327,0.496157646179199,0.906232059001923,0.844245731830597,61.9535371827792,0.304287020077528,13.741,1.0,1.0,1.0,3.3877743613300146,0.6780335427498971,5.877261384170717,5.1298987149230735,7.048599244454765,1.3962446919730587,1.6845453849209058,10.311028704173873,10.252759406815535,0.33838794601935185,4.61512051684126,5.86577661059126
POL,2017,0.544,0.094,0.698781192302704,0.550776779651642,0.509756147861481,0.805140137672424,0.776027858257294,61.7083605708555,0.306269623397326,14.202,1.0,1.0,0.0,3.4035279970004377,0.6780335427498971,5.912071222424027,5.154446996128335,7.097787862578521,1.308332819650179,1.7047480922384253,10.360474138995903,10.314645820392288,0.33838794601935185,4.61512051684126,5.877261384170717
POL,2018,0.523,0.105,0.622786521911621,0.546892523765564,0.480488687753677,0.874214768409729,0.710338830947876,61.5158971758468,0.306145325695153,12.76,1.0,1.0,1.0,3.4061849231731944,0.6780335427498971,5.910423611390656,5.171165580887553,7.1091299992879025,1.3164082336557241,1.7191887763932197,10.372188145698965,10.384248940526097,0.33838794601935185,4.61512051684126,5.912071222424027
POL,2019,0.508,0.105,0.611018896102905,0.512824833393097,0.550716519355774,1.01351165771484,0.671802282333374,60.781096085353,0.30508687275089,15.599,1.0,1.0,1.0,3.441379171294987,0.6780335427498971,5.909224123119701,5.163871269995114,7.080252063706756,1.3737155789130306,1.713797927758343,10.343684531953643,10.488029110730276,0.33838794601935185,4.61512051684126,5.910423611390656
POL,2020,0.449,0.123,0.618671596050262,0.324195116758347,0.491619497537613,0.850681960582733,0.615374743938446,60.8031461828151,0.304681661602221,17.964,1.0,1.0,0.0,3.4124669739203863,0.6830968447064438,5.859404482044527,5.1441166854707365,7.038988783482836,1.3056264580524357,1.6992786164338898,10.303824165699785,10.521110770361354,0.33838794601935185,4.61512051684126,5.909224123119701
POL,2021,0.419,0.137,0.546135544776917,0.254306375980377,0.49190354347229,0.831825613975525,0.579096436500549,60.3885316192057,0.302889721470088,17.093,1.0,1.0,1.0,3.4035279970004377,0.6780335427498971,5.9329955874665234,5.1967275107864035,7.111314707126402,1.3110318766193438,1.7439688053917064,10.379638933073746,10.62280393262855,0.33838794601935185,4.61512051684126,5.859404482044527
POL,2022,0.417,0.137,0.506645441055298,0.258881956338882,0.505146443843842,0.717305660247803,0.603501915931702,60.2663644436607,0.3044610578046,21.103,0.0,1.0,1.0,3.4011973816621555,0.6830968447064438,5.85056679601145,5.1813340110622175,7.079915382638182,1.308332819650179,1.724550719534605,10.33917506142584,10.738099259070323,0.0,4.61512051684126,5.9329955874665234
PRT,2003,0.823,0.089,1.11910235881805,1.1067943572998,1.2896888256073,1.22237777709961,1.40957999229431,54.7965034957573,0.353028381356803,38.155,0.0,0.0,0.0,1.091923300517313,1.7191887763932197,4.4657681863735075,3.9156165409382764,5.7241633660979865,0.16551443847757338,1.7404661748405044,10.281672381263522,9.945264631408627,0.0,4.61512051684126,4.403031320345025
PRT,2004,0.823,0.089,1.12566697597504,1.04428017139435,0.969877243041992,1.18724715709686,1.46491122245789,55.0568860599201,0.350803468766367,27.551,0.0,0.0,0.0,1.091923300517313,1.763017000362401,4.380966259523875,3.9543159176183975,5.702952130015486,0.22314355131420976,1.7715567619105355,10.257801356175696,9.974850999597878,0.0,4.61512051684126,4.4657681863735075
PRT,2005,0.836,0.089,1.06187832355499,1.05113351345062,1.01664757728577,1.27926909923553,1.43030512332916,54.709443606725,0.351669292131555,17.931,0.0,0.0,0.0,1.091923300517313,1.7950872593207297,4.491543788589597,3.985830932572866,5.701322785432687,0.2776317365982795,1.7967470107390942,10.254106254406757,10.031277132849961,0.2191085761020307,4.61512051684126,4.380966259523875
PRT,2006,0.84,0.092,1.00923573970795,0.867630779743195,0.952390611171722,1.06492900848389,1.23266172409058,55.4632420704962,0.349308254641708,32.479,0.0,1.0,1.0,1.091923300517313,1.80005827204275,4.361477272707421,4.004419854694114,5.69330780636218,0.2776317365982795,1.8115620965242347,10.244055817539294,10.113892901288862,0.2191085761020307,4.61512051684126,4.491543788589597
PRT,2007,0.84,0.092,1.02880275249481,0.894493699073792,0.821809351444244,1.08140778541565,1.23142063617706,56.6692831457736,0.346329367908772,34.703,0.0,0.0,0.0,1.091923300517313,1.801709800081223,4.335168900541454,4.01096295328305,5.698739781624345,0.2776317365982795,1.814824742159051,10.247350304751638,10.15579903007303,0.2191085761020307,4.61512051684126,4.361477272707421
PRT,2008,0.839,0.092,1.05923020839691,1.0773845911026,0.987546324729919,1.10055077075958,1.20186388492584,57.4822040333537,0.346759594181013,32.289,0.0,0.0,0.0,1.091923300517313,1.801709800081223,4.255227453560276,4.021236090401462,5.657755988009491,0.2776317365982795,1.8229350866965048,10.204591053318783,10.19117602354096,0.2191085761020307,4.61512051684126,4.335168900541454
PRT,2009,0.84,0.092,1.08558297157288,1.15220522880554,0.787381768226624,0.989448130130768,1.12824237346649,58.0373539564489,0.346546873977364,37.039,0.0,0.0,1.0,1.091923300517313,1.8066480817218056,4.2612949725653895,4.010238052925101,5.667236049072783,0.3435897043900769,1.8115620965242347,10.212951505504819,10.183355789929493,0.2191085761020307,4.61512051684126,4.255227453560276
PRT,2010,0.843,0.092,1.06266355514526,0.981475114822388,0.717686951160431,0.717936515808105,1.10720300674438,58.5759839603542,0.342391582560376,53.01,0.0,1.0,1.0,1.091923300517313,1.809926773183504,4.203488442954033,4.044804116661965,5.720655979657827,0.3435897043900769,1.840549633397487,10.266323130737987,10.214499244106754,0.2191085761020307,4.61512051684126,4.2612949725653895
PRT,2011,0.832,0.092,1.08125162124634,0.921245932579041,0.741739273071289,0.621630489826202,1.10791051387787,59.2122050443616,0.342130616541435,46.562,0.0,0.0,0.0,1.091923300517313,1.8779371654691073,4.1783126927569585,4.018003328965378,5.6727423424536525,0.3435897043900769,1.8196988379172965,10.220294765250523,10.196315127547239,0.2191085761020307,4.61512051684126,4.203488442954033
PRT,2012,0.832,0.09,0.955447733402252,1.00191485881805,0.775272607803345,0.821372985839844,1.02852833271027,59.7633102914454,0.340361125960428,42.628,0.0,1.0,1.0,1.091923300517313,1.9035989509835904,4.1661934177611775,3.9950765605634317,5.58149053917157,0.3435897043900769,1.803358605071407,10.132883317962573,10.18403995459803,0.2324956568844901,4.61512051684126,4.1783126927569585
PRT,2013,0.831,0.093,0.91217178106308,1.19421780109406,0.74876344203949,0.798301339149475,1.06688857078552,60.2428043562749,0.339264625160771,58.53,0.0,0.0,1.0,1.091923300517313,1.8961194845522977,4.159518872295796,3.9913885608088866,5.672157639637988,0.3435897043900769,1.8050046959780757,10.229109349756563,10.238783648684876,0.2324956568844901,4.61512051684126,4.1661934177611775
PRT,2014,0.831,0.093,0.909372627735138,0.983170330524445,0.8062744140625,0.745933353900909,1.10743820667267,61.4386159352963,0.334827756269113,60.946,0.0,1.0,0.0,1.091923300517313,1.9050881545350582,4.115978809449725,3.983413001514819,5.67940098033019,0.3435897043900769,1.801709800081223,10.24136708416732,10.26693291770359,0.2324956568844901,4.61512051684126,4.159518872295796
PRT,2015,0.831,0.096,0.892139911651611,1.15793454647064,0.904212951660156,0.941803693771362,1.12872004508972,61.6359517157463,0.339079203815226,47.634,0.0,1.0,0.0,1.091923300517313,1.969905654611529,4.204049152113444,3.996547960497834,5.671679304921899,0.3852624007906449,1.8164520818184267,10.23708079167553,10.296102317024873,0.2324956568844901,4.61512051684126,4.115978809449725
PRT,2016,0.83,0.108,0.858934998512268,1.14832854270935,0.958625793457031,0.832201719284058,1.15758585929871,60.9548060136342,0.331574295999,54.699,0.0,0.0,0.0,1.091923300517313,2.0744289998562917,4.218771186874667,4.006605647914094,5.739365167976606,0.3852624007906449,1.827769906751088,10.307294453244669,10.36060442687005,0.2324956568844901,4.61512051684126,4.204049152113444
PRT,2017,0.847,0.096,0.821428775787354,1.2940491437912,1.10616970062256,0.897149801254272,1.19824862480164,61.3149119215916,0.323536483262044,39.208,1.0,1.0,0.0,1.091923300517313,2.1077860146889784,4.473629669136643,4.0237432550385535,5.713330084163986,0.3852624007906449,1.843719208158766,10.282678737607986,10.40340912882708,0.3092596730963282,4.61512051684126,4.218771186874667
PRT,2018,0.849,0.101,0.806315660476685,1.18115174770355,1.11530721187592,0.874975383281708,1.17852699756622,61.3417369200719,0.321469817580837,50.403,1.0,1.0,0.0,1.091923300517313,2.1090003439213802,4.184703429590331,4.037597828336212,5.720606815046503,0.3852624007906449,1.8547342683894434,10.290509798448381,10.46017904999315,0.3092596730963282,4.61512051684126,4.473629669136643
PRT,2019,0.821,0.106,0.745498478412628,1.13418579101562,1.05175185203552,0.957910358905792,1.19454848766327,61.144025186842,0.319535945533368,53.12,1.0,1.0,0.0,1.091923300517313,2.1114245875328868,4.12778270615531,4.02535169073515,5.683773626097879,0.3852624007906449,1.843719208158766,10.251825434553295,10.54182368910848,0.3092596730963282,4.61512051684126,4.184703429590331
PRT,2020,0.807,0.122,0.72114634513855,0.979601144790649,1.00873112678528,0.82206916809082,1.25530016422272,61.1834186517583,0.316340230191361,58.591,1.0,1.0,0.0,1.091923300517313,2.1090003439213802,4.023420829004323,3.9862024036023977,5.584428205258332,0.3852624007906449,1.8082887711792655,10.14949132644399,10.490376948250425,0.3092596730963282,4.61512051684126,4.12778270615531
PRT,2021,0.811,0.131,0.741993844509125,0.952431321144104,0.937390148639679,0.724131643772125,1.24631035327911,61.5190155410805,0.316408592726151,64.08,1.0,1.0,0.0,0.0,2.1102132003465894,4.009542996771623,4.006787581872569,5.589082182459723,0.3852624007906449,1.8229350866965048,10.152194907575193,10.562526290770235,0.3092596730963282,4.61512051684126,4.023420829004323
PRT,2022,0.758,0.14,0.728919625282288,1.00113356113434,0.795802593231201,0.762673318386078,1.25769352912903,61.5483454186725,0.318670680946779,59.594,0.0,1.0,0.0,0.0,2.2181159363675955,4.0526585291544155,4.035655565873421,5.574356927215743,0.3852624007906449,1.8468787684491346,10.134903354246404,10.704553297860055,0.0,4.61512051684126,4.009542996771623
PRY,2003,0.408,0.828,-1.43683886528015,-0.997566938400269,-0.749351561069489,-0.761302411556244,-0.400354266166687,40.4295720892421,0.397011581794746,100.0,0.0,0.0,0.0,0.0,2.2082744135228043,3.8754755059423833,2.0268315914075385,3.1432035529121993,0.0,0.8064758658669485,8.334425935313101,8.892464783213507,0.0,4.539030383483547,3.814759301432655
PRY,2004,0.427,0.812,-1.42646288871765,-0.965075552463531,-0.566143751144409,-0.752638399600983,-0.474593609571457,40.7927723816857,0.39508842134982,100.0,0.0,0.0,0.0,0.0,2.2082744135228043,3.8779068960860905,2.0693912058263346,3.1616703510974213,0.0,0.8241754429663495,8.342180062880436,8.947241396901905,0.0,4.545420181582317,3.8754755059423833
PRY,2005,0.423,0.812,-1.35583305358887,-0.777090907096863,-0.652078151702881,-0.864246666431427,-0.395821034908295,41.384687177727,0.392096424267945,100.0,0.0,1.0,0.0,0.0,2.2082744135228043,3.9135115828520406,2.1258479144939915,3.1294761436035867,0.009950330853168083,0.8586616190375187,8.297503418935529,8.988160079288521,0.0,4.5612182984589085,3.8779068960860905
PRY,2006,0.426,0.812,-1.16153120994568,-0.963064432144165,-0.776525020599365,-0.702513158321381,-0.256909370422363,41.187184631633,0.389345797848591,100.0,0.0,1.0,0.0,0.0,2.2460147415056513,4.305078502419289,2.203869120054888,3.2075317231675435,0.009950330853168083,0.9001613499442714,8.368521706679616,9.055058632066268,0.0,4.581901559048737,3.9135115828520406
PRY,2007,0.445,0.811,-1.21103572845459,-0.853146731853485,-0.74012291431427,-0.583475470542908,-0.164958506822586,41.3925592264922,0.388532965595907,100.0,0.0,1.0,0.0,0.0,2.2823823856765264,4.356111079622623,2.2617630984737906,3.254783363206619,0.009950330853168083,0.9360933591703348,8.407901625963408,9.124776406895663,0.0,4.579852378003801,4.305078502419289
PRY,2008,0.491,0.759,-0.979693531990051,-0.870992124080658,-0.727450251579285,-0.491690039634705,-0.115736693143845,43.2936244883649,0.387629292615259,100.0,0.0,0.0,0.0,0.0,2.2823823856765264,4.348456767192756,2.3194422100604686,3.298943147623399,0.009950330853168083,0.9669838461896731,8.444120652247486,9.197092703171505,0.0,4.581901559048737,4.356111079622623
PRY,2009,0.505,0.759,-0.788950502872467,-0.90478652715683,-0.883586049079895,-0.409247994422913,-0.134577691555023,43.9689008050573,0.387609246636313,100.0,0.0,0.0,0.0,0.0,2.2823823856765264,4.388732268437762,2.388762789235098,3.3448033814659914,0.009950330853168083,1.0116009116784799,8.481436886265504,9.190407968028415,0.0,4.583946549536464,4.348456767192756
PRY,2010,0.51,0.759,-0.707593381404877,-0.912053406238556,-0.834862232208252,-0.361598461866379,-0.0789327323436737,44.2345591349846,0.385642720615073,100.0,0.0,0.0,0.0,0.0,2.2823823856765264,4.441068196904475,2.4578779774000807,3.4505588111998797,0.009950330853168083,1.0508216248317612,8.579156775246345,9.2959963651766,0.0,4.589040804058207,4.388732268437762
PRY,2011,0.501,0.759,-0.695635735988617,-0.84945946931839,-0.692596554756165,-0.326602280139923,-0.0832900106906891,44.561674869499,0.384260066303147,100.0,0.0,0.0,0.0,0.0,2.2823823856765264,4.43948915699232,2.5257286443082556,3.4845883238909847,0.009950330853168083,1.091923300517313,8.601002396922844,9.345112815935051,0.0,4.597138014290827,4.441068196904475
PRY,2012,0.48,0.807,-0.850602805614471,-0.899536430835724,-0.871902167797089,-0.261282652616501,-0.113736905157566,44.3181831424939,0.383976975657083,100.0,0.0,1.0,1.0,0.0,2.2823823856765264,4.310867786954751,2.6078614738467776,3.5539756916491347,0.009950330853168083,1.1410330045520618,8.658428656319296,9.301580932740501,0.0,4.593097604753822,4.43948915699232
PRY,2013,0.403,0.828,-1.04813194274902,-0.87956178188324,-0.735861599445343,-0.247296139597893,-0.104953654110432,43.8133296732246,0.382460637314187,100.0,0.0,0.0,0.0,0.0,2.2823823856765264,4.316634529980206,2.649714624089247,3.568320694698213,0.009950330853168083,1.1631508098056809,8.658811496639714,9.4040969815279,0.0,4.605170185988092,4.310867786954751
PRY,2014,0.411,0.826,-1.01107943058014,-0.938229501247406,-0.0886275097727776,-0.205342337489128,-0.102871343493462,44.5778436085473,0.380223703817868,99.982,0.0,1.0,1.0,0.0,2.2823823856765264,4.41821510577622,2.710048203764883,3.622071693532322,0.009950330853168083,1.1969481893889715,8.699570413327526,9.44209253572239,0.0,4.605170185988092,4.316634529980206
PRY,2015,0.417,0.838,-1.01891994476318,-0.998762786388397,0.0352126285433769,-0.205608889460564,-0.069938525557518,44.8070809693186,0.378855414095427,100.0,0.0,1.0,1.0,0.0,2.2823823856765264,4.42164048469608,2.757475084429733,3.764010117426452,0.009950330853168083,1.2237754316221157,8.830513478016771,9.447785760735155,0.0,4.60816569496789,4.41821510577622
PRY,2016,0.419,0.838,-0.763090431690216,-0.821805059909821,0.13447080552578,-0.229902908205986,-0.0631013736128807,46.5140073365917,0.377967965919639,100.0,0.0,1.0,1.0,0.0,2.2823823856765264,4.181128994968545,2.804571768092832,3.8889999982706063,0.0,1.247032293786383,8.943767915475938,9.49778271594304,0.0,4.599152113662528,4.42164048469608
PRY,2017,0.416,0.833,-0.75071793794632,-0.841798901557922,-0.00285546225495636,-0.248225942254066,-0.0437242053449154,46.6371967732413,0.376131617185636,100.0,0.0,1.0,0.0,0.0,2.2823823856765264,4.179651264593708,2.844327819394758,3.9137814584430095,0.0,1.2669476034873244,8.95483993744044,9.545264466476924,0.0,4.60816569496789,4.181128994968545
PRY,2018,0.416,0.787,-0.870756983757019,-0.604888737201691,-0.0867110788822174,-0.0895191580057144,0.031965795904398,46.2830310977536,0.373578020527405,100.0,0.0,1.0,0.0,0.0,2.2823823856765264,4.172555222416663,2.8975680247667595,3.9670792111762245,0.0,1.3001916620664788,8.995271507455458,9.556769525479568,0.0,4.611152257665639,4.179651264593708
PRY,2019,0.42,0.791,-0.893645703792572,-0.576773107051849,-0.0180127751082182,-0.13721576333046,0.0527994334697723,46.0127358170828,0.373138502268757,100.0,0.0,1.0,0.0,0.0,2.2844211223663744,4.1891136100983895,2.935982269148217,3.9599747229613182,0.0295588022415444,1.3190856114264407,8.974493726931287,9.557512200604604,0.0,4.612145799724517,4.172555222416663
PRY,2020,0.429,0.768,-0.857888102531433,-0.565207660198212,0.0167177673429251,-0.13966229557991,0.0462461747229099,46.1701696475638,0.374132933629259,100.0,0.0,1.0,0.0,0.0,2.2844211223663744,4.003851179366054,2.9770590082883697,3.930432505910895,0.0295588022415444,1.3402504226184837,8.930845492805199,9.56870540108418,0.0,4.612145799724517,4.1891136100983895
PRY,2021,0.432,0.768,-1.0265417098999,-0.655920207500458,-0.000937932287342846,-0.222117677330971,0.00361733860336244,45.5389393479002,0.374896258237954,100.0,0.0,1.0,1.0,0.0,2.2844211223663744,3.8733482911642416,3.0017143452315387,4.01764348729183,0.0295588022415444,1.3506671834767394,9.007624007782017,9.642588073948545,0.0,4.61512051684126,4.003851179366054
PRY,2022,0.432,0.776,-1.0905796289444,-0.614015102386475,0.0355493128299713,-0.169901669025421,0.00371037004515529,45.4156518671696,0.372281349662248,100.0,0.0,1.0,0.0,0.0,2.2844211223663744,3.8479528021220775,3.052112606990099,3.9754859483387843,0.0295588022415444,1.3812818192963463,8.95333750947346,9.701863505402283,0.0,4.61512051684126,3.8733482911642416
QAT,2003,0.097,0.393,0.507493376731873,0.442997604608536,1.18648135662079,0.193475112318993,-0.687298893928528,51.0435485966178,0.369523017896113,0.0,0.0,0.0,0.0,0.0,0.0,4.195184799129002,2.565718292524414,5.103639787544498,0.0,2.8408313123360287,12.300092716228775,11.452340364960428,0.0,4.61512051684126,4.10464370044982
QAT,2004,0.098,0.393,0.504270613193512,0.509624004364014,1.12390494346619,0.157274693250656,-0.429903537034988,51.2162077153044,0.368653984004625,0.0,0.0,0.0,0.0,0.0,0.0,4.208304613172218,2.655352412101761,5.2911416827989415,0.0,2.896464271895322,12.450887113095485,11.616914494470613,0.0,4.61512051684126,4.195184799129002
QAT,2005,0.098,0.393,0.705090939998627,0.398244440555573,1.0276792049408,0.260314732789993,-0.513849496841431,53.1066703097296,0.367070144808136,0.0,0.0,0.0,0.0,0.0,0.0,4.1997801835491355,2.7343675094195836,5.414646011757848,0.0,2.915064370486536,12.50980629313497,11.654871128543064,0.0,4.61512051684126,4.208304613172218
QAT,2006,0.097,0.393,0.923123240470886,0.571517407894135,0.926921546459198,0.307922422885895,-0.865734755992889,57.5418544004733,0.364623452090097,0.0,0.0,0.0,0.0,0.0,0.0,4.282390465224713,2.89480635496403,5.506814176115408,0.0,2.9210087273580543,12.438039841740085,11.753372131812156,0.0,4.61512051684126,4.1997801835491355
QAT,2007,0.098,0.393,0.670674502849579,0.459136933088303,0.952527701854706,0.398662835359573,-1.04032266139984,56.9610154718277,0.361503954181261,0.0,0.0,0.0,0.0,0.0,0.0,4.39462831249331,3.0184717605234805,5.637856324540034,0.0,2.8390784635086144,12.35258599793393,11.728493856811209,0.0,4.61512051684126,4.282390465224713
QAT,2008,0.098,0.393,0.932359039783478,0.614897131919861,1.11487662792206,0.64574259519577,-1.02059841156006,54.5815247620728,0.360254124430138,0.0,0.0,1.0,0.0,0.0,0.0,4.459792632238623,3.1188344706879745,5.668352168824233,0.0,2.7819200496686656,12.21712006742813,11.744164355053057,0.0,4.61512051684126,4.39462831249331
QAT,2009,0.098,0.393,1.558678150177,0.968605577945709,1.22328507900238,0.682819783687592,-1.00349426269531,57.0298427290902,0.360137390209393,0.0,0.0,0.0,0.0,0.0,0.0,4.478085430016543,3.22525543183224,5.667678499425319,0.0,2.7868613815264998,12.110730527715836,11.743232298981145,0.0,4.61512051684126,4.459792632238623
QAT,2010,0.098,0.38,1.40004742145538,0.849948763847351,1.15385591983795,0.596593677997589,-1.01213717460632,57.1791110355551,0.357760213209329,0.0,0.0,0.0,0.0,0.0,0.0,4.5511636704970435,3.3721118007670587,5.818289037421678,0.0,2.8599125504114564,12.187024088251722,11.929311687775344,0.0,4.61512051684126,4.478085430016543
QAT,2011,0.099,0.38,1.00110983848572,0.760745763778687,1.17473101615906,0.496541798114777,-1.08491718769073,55.4792531577034,0.355981650727597,0.0,0.0,1.0,0.0,0.0,0.0,4.682330523695561,3.4572626055951043,5.9767416958750745,0.0,2.8887037007954675,12.288105221333067,12.070372718801767,0.0,4.61512051684126,4.5511636704970435
QAT,2012,0.099,0.38,1.05304300785065,0.946534693241119,1.22359883785248,0.795837998390198,-0.921773374080658,55.8525060503259,0.354339165493314,0.029,0.0,0.0,0.0,0.0,0.0,4.764724417585105,3.5779478934066544,6.108022388075338,0.0,2.9575110607337933,12.367959418759272,12.105923192284116,0.0,4.61512051684126,4.682330523695561
QAT,2013,0.091,0.406,1.10338091850281,1.06640684604645,1.21254646778107,0.741280317306519,-0.978522300720215,56.7207629968733,0.357658282209188,0.23,0.0,0.0,0.0,0.0,0.0,4.853520504533183,3.5765502691400166,6.18358584585941,0.0,2.89591193827178,12.379940339745234,12.038862434159155,0.0,4.61512051684126,4.764724417585105
QAT,2014,0.091,0.406,0.983545243740082,0.957515239715576,0.977457761764526,0.569621562957764,-1.13359522819519,56.6070821382598,0.363452613338318,0.284,0.0,0.0,0.0,0.0,0.0,4.9193529924477595,3.6838669122903918,6.250307233476346,0.0,2.9172300453990334,12.359357818056882,11.907600570698635,0.0,4.61512051684126,4.853520504533183
QAT,2015,0.091,0.406,0.856103122234344,0.941626787185669,0.983597457408905,0.661839246749878,-1.14474833011627,56.1533342584862,0.361594217338872,0.312,0.0,0.0,1.0,0.0,0.0,4.946132683496471,3.752558230777119,6.390935056793473,0.0,2.8986705607108596,12.410221115155462,11.538075175916973,0.0,4.61512051684126,4.9193529924477595
QAT,2016,0.091,0.406,0.863357782363892,0.723663330078125,0.884123742580414,0.683504045009613,-1.15098774433136,56.3492948381556,0.360203363204,0.306,0.0,0.0,0.0,0.0,0.0,4.948198996318558,3.77138067562568,6.3759017776072735,0.0,2.8524391037275145,12.326684591599212,11.406849903533423,0.0,4.61512051684126,4.946132683496471
QAT,2017,0.088,0.386,0.698816359043121,0.728521347045898,0.647983014583588,0.403701633214951,-1.17646372318268,56.1468769874544,0.359477872043042,0.306,0.0,1.0,0.0,0.0,0.0,4.944932615977813,3.8437441646748516,6.336951386968232,0.0,2.883682769745368,12.24720379225796,11.506498590666377,0.0,4.61512051684126,4.948198996318558
QAT,2018,0.091,0.369,0.693066775798798,0.630391478538513,0.649448752403259,0.587529361248016,-1.20641469955444,56.2623686038156,0.358286590866954,0.312,0.0,1.0,0.0,0.0,0.0,4.9515611713743715,3.893044038830343,6.353244189873672,0.0,2.9128939952449864,12.243616323437921,11.608543232762218,0.0,4.61512051684126,4.944932615977813
QAT,2019,0.085,0.369,0.817294657230377,0.707392990589142,0.684370100498199,0.66883385181427,-1.30725455284119,56.8915617045575,0.357978629691449,0.26,0.0,0.0,0.0,0.0,0.0,4.965636305627035,3.9318256327243257,6.3736763812807355,0.0,2.9375733593804587,12.250850083758586,11.585279315335166,0.0,4.61512051684126,4.9515611713743715
QAT,2020,0.087,0.369,0.754916787147522,0.867067635059357,0.669606029987335,0.841679334640503,-1.28702902793884,57.7479663891656,0.358359469152442,0.283,0.0,0.0,0.0,0.0,0.0,4.953554500920169,3.919991175077323,6.242925353563969,0.0,2.924236271848921,12.117916750192856,11.316307686293378,0.0,4.61512051684126,4.965636305627035
QAT,2021,0.084,0.385,0.780072867870331,1.07608556747437,0.833391726016998,0.856976270675659,-1.17346358299255,57.9461036967223,0.356151505398721,0.29,0.0,1.0,1.0,0.0,0.0,4.976971250079742,3.9663217788355247,6.299076077047948,0.0,2.9652730660692823,12.170039458015028,11.668506466616266,0.0,4.61512051684126,4.953554500920169
QAT,2022,0.084,0.371,0.804029524326324,1.13661742210388,0.960249304771423,0.870516777038574,-1.04835486412048,58.4578732913136,0.351252194834524,0.258,0.0,1.0,0.0,0.0,0.0,4.991320712399894,4.01041932728434,6.33860114531602,0.0,2.982140320034524,12.18248331210346,11.719301571407144,0.0,4.61512051684126,4.976971250079742
ROU,2003,0.433,0.781,-0.410669893026352,-0.283442199230194,0.320030122995377,-0.0518503412604332,0.29921892285347,47.4598399961261,0.432372369028678,24.179,0.0,1.0,0.0,2.162172939277301,1.9810014688665833,4.712991330858358,3.984529696214894,6.091861765960864,0.7747271675523681,1.235471471385307,9.92501340011737,8.930807973573769,0.0,4.565389315976247,4.672690415736682
ROU,2004,0.434,0.712,-0.322501838207245,-0.17491602897644,0.0593486130237579,0.180780634284019,0.367766201496124,47.8400925702678,0.431616513320347,29.237,0.0,0.0,0.0,2.162172939277301,1.9851308622085946,4.711060822197455,4.030516899475935,6.131763301895312,0.7747271675523681,1.275362800412609,9.973848620947985,9.104039111338606,0.0,4.56746831880408,4.712991330858358
ROU,2005,0.465,0.701,-0.260543018579483,-0.289697855710983,0.0856026485562325,0.242886126041412,0.408908843994141,48.4083941212704,0.429309416945104,34.081,0.0,1.0,1.0,2.162172939277301,1.986503546020567,4.6838982825754325,4.0505668148762055,6.134371538627214,0.7747271675523681,1.297463147413275,9.985370903647253,9.169845421300629,0.0,4.570578741218473,4.711060822197455
ROU,2006,0.471,0.689,-0.209158509969711,-0.189176306128502,0.148430079221725,0.441958904266357,0.51797342300415,47.9271698225658,0.428002392587356,29.348,0.0,0.0,0.0,2.1234584270966104,1.9851308622085946,4.74486019467478,4.0824406577192764,6.149770866008183,0.7747271675523681,1.3270750014599193,10.009211996963845,9.355095847467783,0.0,4.5736795188967205,4.6838982825754325
ROU,2007,0.483,0.667,-0.230330780148506,-0.352275401353836,0.198067933320999,0.506391942501068,0.498997658491135,49.632984423878,0.4288288442386,26.007,0.0,1.0,0.0,2.1234584270966104,1.9919755158985601,4.715471990890979,4.1021473742851216,6.113691029350596,0.7747271675523681,1.3480731482996928,9.980930792210668,9.525456871359754,0.2191085761020307,4.575741375297279,4.74486019467478
ROU,2008,0.498,0.648,-0.18621614575386,-0.357895225286484,0.180609092116356,0.597521305084229,0.514151155948639,50.7932760237756,0.427945656251421,26.549,0.0,1.0,1.0,2.0980179272527715,1.9960599327407849,4.6881731305680665,4.120824195026479,6.111017127307631,0.7747271675523681,1.3686394258811698,9.985559584353256,9.728128698215734,0.2191085761020307,4.579852378003801,4.715471990890979
ROU,2009,0.534,0.638,-0.3098004758358,-0.363970696926117,0.359366297721863,0.617714941501617,0.464297264814377,51.3983089309153,0.426618557153406,27.001,0.0,0.0,1.0,2.0980179272527715,1.9960599327407849,4.498265965787841,4.030516899475935,5.974119996265015,0.7747271675523681,1.3056264580524357,9.855211806031239,9.719151875117634,0.2191085761020307,4.582924577040772,4.6881731305680665
ROU,2010,0.55,0.596,-0.352394610643387,-0.112342447042465,0.273600399494171,0.672567009925842,0.432130426168442,50.2565630106483,0.425750065256542,33.598,0.0,0.0,1.0,2.0918640616783932,1.998773638612381,4.40918426990266,4.080076590424396,5.985003720845745,0.7747271675523681,1.3480731482996928,9.873160346648104,9.761789120622932,0.2191085761020307,4.585987366571318,4.498265965787841
ROU,2011,0.551,0.596,-0.333498507738113,-0.194315671920776,0.186090663075447,0.687459826469421,0.376137167215347,49.6948134918629,0.423734855890086,26.408,0.0,1.0,0.0,2.0918640616783932,2.0001277349601105,4.471333851920281,4.109068957620483,6.014548549505275,0.7747271675523681,1.3737155789130306,9.910173352681843,9.841873617039033,0.2191085761020307,4.589040804058207,4.40918426990266
ROU,2012,0.536,0.593,-0.381443470716476,-0.169484630227089,0.0823415592312813,0.564533114433289,0.318529605865479,48.5082848300107,0.422598120699237,25.504,0.0,1.0,0.0,2.065596134857783,2.0095554142156695,4.405205346138399,4.090838422892813,5.97719319407041,0.7747271675523681,1.366091653802371,9.878837470291328,9.893864295324276,0.2324956568844901,4.593097604753822,4.471333851920281
ROU,2013,0.556,0.472,-0.301038712263107,0.134710595011711,0.179133072495461,0.634414732456207,0.311483293771744,49.1811422738864,0.418602269205476,34.628,0.0,1.0,1.0,2.0476928433652555,2.017566137961748,4.298242517841162,4.04602928527588,5.915061250403507,0.7747271675523681,1.33500106673234,9.821294313292976,9.8873138761235,0.2324956568844901,4.596129441335942,4.405205346138399
ROU,2014,0.567,0.443,-0.224212571978569,0.224672213196754,0.0491361282765865,0.600805342197418,0.428103059530258,50.2685797036492,0.414898842602282,41.774,0.0,1.0,1.0,2.0476928433652555,2.017566137961748,4.143033565385407,4.073971772414164,5.9404764692950085,0.7747271675523681,1.358409157630355,9.851511235468001,9.934695931084931,0.2324956568844901,4.599152113662528,4.298242517841162
ROU,2015,0.609,0.443,-0.170948252081871,0.0987904593348503,0.181799337267876,0.568357586860657,0.486170291900635,51.0245751618639,0.413314148956138,39.887,0.0,0.0,0.0,1.9487632180377197,2.033397603178429,4.170775910093975,4.093177214470094,5.945776566188566,0.7747271675523681,1.3787660946990992,9.861700509172664,9.981897283299393,0.2324956568844901,4.603168183317418,4.143033565385407
ROU,2016,0.623,0.356,-0.178657218813896,-0.0682618692517281,0.266823202371597,0.566330015659332,0.541079998016357,50.7137016768006,0.413232432357143,41.996,0.0,1.0,0.0,1.9344157696295783,2.033397603178429,4.126611216139812,4.097672352314776,5.945643096943215,0.7747271675523681,1.3837912309017721,9.866307823157747,10.081870876719652,0.2324956568844901,4.6061696863211745,4.170775910093975
ROU,2017,0.526,0.466,-0.141483217477798,-0.0847913026809692,0.0485141687095165,0.433020144701004,0.598848581314087,50.887679681951,0.412524160505668,38.228,0.0,1.0,0.0,1.9344157696295783,2.028148247292285,4.211110247275326,4.121473229610353,5.963414805661225,0.7747271675523681,1.4060969884160703,9.888565419230561,10.201516794243146,0.2324956568844901,4.61512051684126,4.126611216139812
ROU,2018,0.483,0.506,-0.226882994174957,-0.177138328552246,0.0363187454640865,0.406415402889252,0.533204734325409,51.2495967784037,0.411523601412906,40.877,0.0,1.0,0.0,1.9344157696295783,2.0294631718735947,4.251653184336225,4.1356464415792065,5.973939374442101,0.7747271675523681,1.420695787837223,9.90377626085587,10.28817824520819,0.2324956568844901,4.613138355637268,4.211110247275326
ROU,2019,0.553,0.388,-0.236893355846405,-0.215103924274445,0.542255997657776,0.443314433097839,0.515233874320984,50.3719731402755,0.413188965833433,41.916,0.0,1.0,0.0,1.7850704810772584,2.0268315914075385,4.221352749455937,4.1154535254323354,5.952770495244294,0.7747271675523681,1.4085449700547104,9.887479911163041,10.417082125751293,0.2324956568844901,4.61512051684126,4.251653184336225
ROU,2020,0.665,0.35,-0.0985997840762138,-0.286944448947906,0.508950412273407,0.346217542886734,0.585118234157562,51.021025244021,0.412755130304206,44.575,0.0,1.0,0.0,1.7850704810772584,2.0228711901914416,4.09340607979186,4.07753744390572,5.9148237546867595,0.7747271675523681,1.3837912309017721,9.855042776213446,10.439832353338826,0.2324956568844901,4.61512051684126,4.221352749455937
ROU,2021,0.608,0.296,-0.0613786391913891,-0.163359016180038,0.581789910793304,0.29227140545845,0.593723952770233,51.0172466692471,0.415390094291842,44.98,0.0,1.0,0.0,1.4445632692438664,2.0241930674493576,4.198880264038394,4.123255905716521,5.968715232590203,0.7747271675523681,1.425515074273172,9.916543649560143,10.53303260556949,0.2324956568844901,4.61512051684126,4.09340607979186
ROU,2022,0.536,0.318,0.0164916589856148,-0.000462350901216269,0.431136310100555,0.364533066749573,0.566261529922485,51.3146268933874,0.412718450898782,43.149,0.0,1.0,0.0,1.4445632692438664,2.0241930674493576,4.13469494099489,4.04234926710372,5.889337686436734,0.7747271675523681,1.366091653802371,9.84119440199952,10.647125549408385,0.0,4.61512051684126,4.198880264038394
RUS,2003,0.166,0.785,-0.783091723918915,-0.499138176441193,-1.19315183162689,-0.148958757519722,-0.535602867603302,53.5662100652592,0.339243509128076,17.031,0.0,1.0,0.0,3.7459684210980635,3.814189645079383,6.7129464989795835,6.8067297979138734,8.915897765190078,0.23111172096338664,1.9726911717329554,10.841342144139407,9.132977257832035,0.0,4.594109238628667,6.448278366032828
RUS,2004,0.153,0.73,-0.825626492500305,-0.484211027622223,-1.51459443569183,-0.100426845252514,-0.571611404418945,53.3647994021994,0.335145580983756,18.901,0.0,1.0,0.0,3.750914845033389,3.8225358389266098,6.069987369315474,6.830107201890846,8.92466801203202,0.23111172096338664,1.9974177062012453,10.85433452040008,9.232861516592875,0.0,4.59511985013459,6.7129464989795835
RUS,2005,0.15,0.73,-0.847120821475983,-0.526238322257996,-1.2677013874054,-0.124243184924126,-0.651503562927246,54.8141356323307,0.333558279335486,18.139,0.0,0.0,0.0,3.7602694502006093,3.82929335782915,6.204283544537393,6.848779921381481,8.923311819267182,0.23111172096338664,2.0162354657760435,10.856996397544169,9.377831387913764,0.0,4.59511985013459,6.069987369315474
RUS,2006,0.148,0.73,-0.940847754478455,-0.468877643346786,-0.908794343471527,-0.388349890708923,-0.920553743839264,58.6027144555663,0.332251220134521,17.519,0.0,1.0,1.0,3.7644506409610106,3.836221292011864,6.22014714401913,6.8848038995650285,8.966730940962538,0.23111172096338664,2.0515563381903004,10.903848973479079,9.610004310792977,0.0,4.596129441335942,6.204283544537393
RUS,2007,0.146,0.73,-1.01758086681366,-0.412203580141068,-0.863382518291473,-0.255605638027191,-0.916404008865356,58.6719143223034,0.331160531752144,17.427,0.0,0.0,0.0,3.7644506409610106,3.8520606642554633,6.1578647549306975,6.914631582921569,8.971998788427872,0.23111172096338664,2.0781907597781832,10.910806436679136,9.72011998010852,0.0,4.597138014290827,6.22014714401913
RUS,2008,0.137,0.731,-1.12522864341736,-0.416781842708588,-0.749933898448944,-0.349167257547379,-0.870993554592133,59.1217355645474,0.33083078668256,15.892,0.0,0.0,1.0,3.7656089869726097,3.858622228701031,6.2800303028455895,6.930856381890124,8.976594059522444,0.23111172096338664,2.093097868127322,10.91573541853089,9.911684335684184,0.0,4.598145571051127,6.1578647549306975
RUS,2009,0.14,0.74,-1.14130687713623,-0.497236013412476,-0.969926595687866,-0.288328468799591,-0.89992368221283,58.373126830107,0.331894110113002,17.591,0.0,1.0,1.0,3.7720710450007005,3.863882630100211,5.901727525835357,6.886776760596939,8.92574552912326,0.23111172096338664,2.0541237336955462,10.864482952389153,9.872561298179843,0.0,4.599152113662528,6.2800303028455895
RUS,2010,0.136,0.732,-1.09921479225159,-0.601686894893646,-0.929458737373352,-0.310507625341415,-0.889000535011292,60.3573092279768,0.329666743054757,16.09,0.0,0.0,1.0,3.7720710450007005,3.8663978274018707,6.198310600418504,6.929095938586287,8.96383044073615,0.23111172096338664,2.0906287310704004,10.90211805642567,9.927747239873005,0.0,4.60816569496789,5.901727525835357
RUS,2011,0.132,0.741,-1.07437682151794,-0.601444661617279,-0.998262107372284,-0.31161817908287,-0.883593857288361,60.3727179693895,0.327736396609131,15.511,0.0,1.0,1.0,3.7720710450007005,3.867443962030179,6.850320644072956,6.94052252090502,8.997338841062318,0.23111172096338664,2.1004689088719113,10.934871109136454,10.034100946824285,0.0,4.607168188650764,6.198310600418504
RUS,2012,0.12,0.74,-1.05157160758972,-0.534914612770081,-0.817712664604187,-0.346864879131317,-0.97881817817688,60.9500856932995,0.327926871365115,15.334,0.0,1.0,1.0,3.7736800558064014,3.9025785466001466,7.201411624045292,6.960148468263468,9.003237847688677,0.23111172096338664,2.1162555148025524,10.939055616382944,10.097182419764316,0.0,4.61512051684126,6.850320644072956
RUS,2013,0.115,0.726,-1.02072441577911,-0.452954411506653,-0.736093640327454,-0.35747629404068,-1.02226948738098,61.3380216671254,0.32781890738845,17.151,0.0,1.0,1.0,3.744787086052232,3.91879998970717,6.729781150357189,6.9531109807029345,8.99137868944718,0.23111172096338664,2.1077860146889784,10.925027831911372,10.16664867490878,0.0,4.61512051684126,7.201411624045292
RUS,2014,0.108,0.715,-0.918883323669434,-0.195760622620583,-0.943617463111877,-0.402516543865204,-1.0445214509964,55.5110404444077,0.327062361982636,16.37,0.0,1.0,1.0,3.7771192429633444,3.8607297110405954,6.908691240120325,6.963331886870878,8.994515225688403,0.23111172096338664,2.115049969147204,10.925943606124816,10.153826983091745,0.0,4.61512051684126,6.729781150357189
RUS,2015,0.107,0.715,-0.974069595336914,-0.332078844308853,-1.03222346305847,-0.580078840255737,-1.08769965171814,56.7051968713056,0.328923864804837,15.827,0.0,1.0,1.0,3.787139823281456,3.8636727444870993,6.9708879095318155,6.963085912337462,8.978604386200058,0.23111172096338664,2.1126345090356,10.907398957408061,10.085601324072346,0.0,4.56954300834494,6.908691240120325
RUS,2016,0.106,0.72,-0.838650405406952,-0.324105769395828,-0.947688162326813,-0.443195044994354,-1.13120901584625,58.0079986529638,0.326836001168597,17.02,0.0,1.0,0.0,3.785552341374197,3.8684890034044175,7.073566955274496,6.982370979362923,8.998020903346175,0.23111172096338664,2.1258479144939915,10.923581135538369,10.086367384455105,0.0,4.609162207257629,6.9708879095318155
RUS,2017,0.106,0.724,-0.91468071937561,-0.191041514277458,-0.642759621143341,-0.526991605758667,-1.08964121341705,57.6092551816674,0.324395299099424,17.079,0.0,1.0,1.0,3.752792779857589,3.8759812340808804,7.0191768647693475,6.98616896821764,9.004145256075956,0.23111172096338664,2.127040520479115,10.926910292049234,10.157311773529234,0.0,4.61512051684126,7.073566955274496
RUS,2018,0.104,0.724,-0.869339644908905,-0.103785149753094,-0.538330912590027,-0.562712371349335,-1.07006502151489,58.2478043926787,0.32284998645368,17.31,0.0,1.0,0.0,3.743367639398006,3.8772244998854504,7.177484331764661,7.000872146142945,9.039932642855817,0.23111172096338664,2.138889000323256,10.961038217280706,10.262195116801808,0.0,4.61512051684126,7.0191768647693475
RUS,2019,0.102,0.724,-0.822259068489075,0.0241736769676208,-0.551088750362396,-0.476597219705582,-1.11707234382629,58.63901389031,0.322657723657281,17.548,0.0,1.0,1.0,3.7297814454343623,3.9049983904911816,7.2842871483671425,7.003728875040863,9.032532214454854,0.23111172096338664,2.1412419425852827,10.952934491661575,10.340608082717504,0.0,4.613138355637268,7.177484331764661
RUS,2020,0.095,0.721,-0.930568337440491,-0.111088737845421,-0.667407393455505,-0.48384702205658,-1.07110822200775,57.7214803936963,0.326653672211931,19.923,0.0,1.0,1.0,3.716980884224811,3.906004933102583,7.091937016557783,6.980708298720726,8.996740261816061,0.23111172096338664,2.1210632163706555,10.918243355036088,10.357482622313196,0.0,4.6141299273595635,7.2842871483671425
RUS,2021,0.092,0.706,-0.921020746231079,-0.210440874099731,-0.707898318767548,-0.542337775230408,-1.10062623023987,57.2142534278362,0.325797704660565,19.034,0.0,1.0,1.0,3.6848714327163976,3.9068094383752587,7.438236503098317,7.03591099853231,9.027890726979285,0.23111172096338664,2.1736147116970854,10.953059550755835,10.56202852857726,0.0,4.61512051684126,7.091937016557783
RUS,2022,0.069,0.731,-0.979839682579041,-0.696263790130615,-1.00599670410156,-1.14197266101837,-1.26177060604095,57.1088820277071,0.323491482501316,17.577,0.0,1.0,1.0,3.6727500721840527,3.909820581872946,7.139216095193971,7.048855455956589,9.06274019071048,0.23111172096338664,2.186051276738094,10.989671427438312,10.619862572973178,0.0,4.61512051684126,7.438236503098317
RWA,2003,0.11,0.559,-0.588587760925293,-1.03775930404663,-1.11252212524414,-0.860016047954559,-1.30690324306488,33.3088757721735,0.596892991448856,66.667,0.0,0.0,0.0,0.0,0.039220713153281295,-0.8717758739127873,0.26236426446749106,1.3023691261821293,0.0,0.039220713153281295,5.745765395041176,6.653518604523217,0.0,2.128231705849268,-0.9257344242847686
RWA,2004,0.123,0.559,-0.412591546773911,-0.703226566314697,-1.18624520301819,-0.680962741374969,-1.34934079647064,34.017595206032,0.596211522979412,57.143,0.0,0.0,0.0,0.0,0.039220713153281295,-0.8111267607742706,0.22314355131420976,1.2917089186300228,0.0,0.0295588022415444,5.704821934230863,6.725369383283343,0.0,2.272125885509337,-0.8717758739127873
RWA,2005,0.122,0.559,-0.6291663646698,-0.903745830059052,-1.00021243095398,-1.00175786018372,-1.19444441795349,32.7845246146051,0.593288918260981,52.632,0.0,1.0,0.0,0.0,0.039220713153281295,-0.7783624546127706,0.2468600779315258,1.2870263594612217,0.019802627296179712,0.0295588022415444,5.6718858084056585,6.819172522285231,0.0,1.7578579175523736,-0.8111267607742706
RWA,2006,0.123,0.555,-0.205525189638138,-0.379076540470123,-0.684061944484711,-0.685272574424744,-1.22213447093964,33.2592631387444,0.592240626967703,48.148,0.0,0.0,0.0,0.0,0.039220713153281295,-0.2969687986322487,0.2851789422336624,1.2944531574543106,0.0295588022415444,0.039220713153281295,5.655509176888314,6.911039374317166,0.0,2.517696472610991,-0.7783624546127706
RWA,2007,0.123,0.552,0.00706776836887002,-0.245746776461601,-0.360214412212372,-0.6916583776474,-1.24603569507599,34.1344262285159,0.593324325967328,48.0,0.0,0.0,0.0,0.0,0.039220713153281295,-0.31422868290030936,0.2851789422336624,1.3056264580524357,0.0295588022415444,0.039220713153281295,5.644449934409409,6.984659700426215,0.0,2.624668592163159,-0.2969687986322487
RWA,2008,0.124,0.552,0.108792886137962,-0.222209960222244,-0.327669590711594,-0.532337665557861,-1.31189203262329,35.0769123111851,0.589498989840812,55.172,0.0,0.0,0.0,0.0,0.039220713153281295,-0.26001821033487327,0.31481073984003355,1.3331572627067618,0.0295588022415444,0.039220713153281295,5.6556875687387285,7.083184454319125,0.0,1.9459101490553132,-0.31422868290030936
RWA,2009,0.128,0.552,0.108438961207867,-0.280257672071457,-0.506896436214447,-0.335741609334946,-1.29202568531036,36.0964847736523,0.589346033111792,51.613,0.0,0.0,0.0,0.0,0.039220713153281295,-0.2536614351344533,0.31481073984003355,1.3517029163502716,0.04879016416943201,0.039220713153281295,5.654847800045638,7.124115657560402,0.0,2.8094026953624973,-0.26001821033487327
RWA,2010,0.13,0.551,0.365169644355774,-0.158439069986343,-0.272093862295151,-0.239782363176346,-1.3271712064743,38.2238028399386,0.586016708397629,39.286,0.0,1.0,1.0,0.0,0.04879016416943201,-0.13850223986169788,0.3074846997479606,1.4223851812642443,0.04879016416943201,0.039220713153281295,5.723621049018695,7.181695053321257,0.0,2.3702437414678603,-0.2536614351344533
RWA,2011,0.13,0.551,0.362672299146652,-0.0210469923913479,-0.17711777985096,-0.181345909833908,-1.32878935337067,38.5781502992819,0.584889447692708,42.857,0.0,1.0,1.0,0.0,0.04879016416943201,-0.2892119598976565,0.35065687161316933,1.5042995943107955,0.04879016416943201,0.039220713153281295,5.805436128382701,7.254112442304403,0.0,2.468099531471619,-0.13850223986169788
RWA,2012,0.132,0.551,0.559880137443542,-0.101652063429356,-0.230615198612213,-0.126087740063667,-1.27765655517578,39.2547099552957,0.582851255113001,46.154,0.0,1.0,1.0,0.0,0.058268908123975775,-0.2591278108619085,0.3920420877760237,1.586783221869294,0.04879016416943201,0.039220713153281295,5.886170695894699,7.283121993483048,0.0,2.917770732084279,-0.2892119598976565
RWA,2013,0.134,0.414,0.624868750572205,-0.02711396291852,-0.110951617360115,-0.0301568936556578,-1.21126425266266,39.5273225554604,0.580580628605595,40.541,0.0,1.0,1.0,0.0,0.058268908123975775,-0.21460604002294656,0.3784364357202451,1.623538036812882,0.04879016416943201,0.039220713153281295,5.907976954291969,7.322009458159067,0.0,2.785011242238338,-0.2591278108619085
RWA,2014,0.136,0.414,0.776426076889038,-0.0527384430170059,-0.313469648361206,0.185563325881958,-1.11238169670105,41.511542334782,0.576463773685521,48.78,0.0,0.0,0.0,0.0,0.06765864847381481,-0.27060887603021744,0.4054651081081644,1.6505798557652755,0.04879016416943201,0.039220713153281295,5.917414265597815,7.425696743102284,0.0,3.0349529867072724,-0.21460604002294656
RWA,2015,0.136,0.414,0.598373830318451,-0.146698489785194,0.00251837843097746,0.147564426064491,-1.13544893264771,40.9239111149571,0.573004831576779,56.863,0.0,0.0,1.0,0.0,0.08617769624105233,0.18563798769013679,0.46373401623214017,1.7134375024525852,0.06765864847381481,0.04879016416943201,5.970611117912816,7.485346657216482,0.0,3.169685580677429,-0.27060887603021744
RWA,2016,0.126,0.423,0.618635416030884,0.0133427688851953,-0.0665186643600464,0.0116269327700138,-1.15404415130615,41.9325367863661,0.572089477344117,50.0,0.0,1.0,0.0,0.009950330853168083,0.09531017980432487,0.07716284125903962,0.5364933705145685,1.7266874724843402,0.06765864847381481,0.058268908123975775,5.9630779325858985,7.53229684447393,0.0,3.414442608412176,0.18563798769013679
RWA,2017,0.114,0.415,0.605919539928436,0.178521797060966,0.0782710164785385,0.0796869844198227,-1.1209123134613,41.9702030066266,0.573362251261024,46.154,0.0,1.0,0.0,0.009950330853168083,0.09531017980432487,0.08580036987837665,0.5423242908253616,1.7798555647252308,0.06765864847381481,0.058268908123975775,6.003803112965205,7.585252061471047,0.0,3.55820113047182,0.07716284125903962
RWA,2018,0.116,0.415,0.535689771175385,0.079555556178093,0.101752020418644,0.0339737758040428,-1.14153528213501,42.1683644632353,0.570574828003403,41.463,0.0,1.0,0.0,0.009950330853168083,0.09531017980432487,0.19372384266370427,0.6471032420585385,1.773595498600384,0.06765864847381481,0.06765864847381481,5.973063786737038,7.662230470218275,0.0,3.6635616461296463,0.08580036987837665
RWA,2019,0.118,0.377,0.521383941173553,0.0928625389933586,0.0569922886788845,-0.0101915299892426,-1.09761416912079,42.2985972872211,0.567434961574645,50.588,0.0,0.0,0.0,0.009950330853168083,0.10436001532424277,0.33747872511697785,0.6312717768418579,1.8714944372469087,0.06765864847381481,0.06765864847381481,6.066841000113872,7.756640310444112,0.0,3.8628327612373745,0.19372384266370427
RWA,2020,0.116,0.377,0.527836561203003,0.273775279521942,0.0694564804434776,-0.000359974801540375,-1.09181523323059,42.949685578114,0.565626884531712,62.921,0.0,1.0,1.0,0.009950330853168083,0.11332868530700317,0.4392480234683233,0.6471032420585385,1.909246164683722,0.06765864847381481,0.06765864847381481,6.088804483743284,7.7345146167596175,0.0,3.832979798087693,0.33747872511697785
RWA,2021,0.11,0.371,0.573008239269257,0.22728443145752,0.071973480284214,0.0610510520637035,-0.95794290304184,43.0704221749003,0.566805804122829,59.0,0.0,1.0,0.0,0.009950330853168083,0.11332868530700317,0.5446067792102267,0.7030975114131134,2.017034081551219,0.06765864847381481,0.07696104113612832,6.192147742492009,7.9136803563168,0.0,3.906004933102583,0.4392480234683233
RWA,2022,0.107,0.398,0.561417639255524,0.232074052095413,0.082752451300621,0.16292978823185,-0.93596738576889,43.0625885508384,0.567553315618115,57.692,0.0,1.0,0.0,0.04879016416943201,0.11332868530700317,0.7612369193548527,0.7227059828014898,2.053739044327463,0.06765864847381481,0.07696104113612832,6.212433736209087,8.039053193544907,0.0,3.9435216724875173,0.5446067792102267
SEN,2003,0.531,0.378,-0.141306817531586,-0.387829571962357,-0.250177979469299,-0.308505296707153,0.26668593287468,38.3677465187064,0.548882758540166,16.309,0.0,1.0,1.0,0.0,2.7186603802142257,0.886612499536581,1.2029723039923526,3.1371450265043146,0.2468600779315258,0.1988508587451652,7.628786073030354,7.664584977575165,0.0,3.758871825933971,0.8981311578861062
SEN,2004,0.531,0.378,0.0232223942875862,-0.340702801942825,0.0295107942074537,-0.323487251996994,0.172796905040741,39.1646871781914,0.545985622492391,13.808,0.0,0.0,0.0,0.0,2.574899688314705,1.176873326757656,1.220829921392359,3.196343876361115,0.2468600779315258,0.1988508587451652,7.667113799487764,7.713022383116947,0.0,3.632309102625542,0.886612499536581
SEN,2005,0.531,0.378,-0.0353756621479988,-0.254883080720901,-0.204009935259819,-0.260493904352188,0.056197814643383,38.2934716139189,0.546202985406413,11.698,0.0,0.0,0.0,0.0,2.380471631651117,1.4041464902127145,1.2947271675944,3.2345916813082036,0.2468600779315258,0.2151113796169455,7.683543174086651,7.762681272651713,0.0,3.8732821771117156,1.176873326757656
SEN,2006,0.531,0.378,-0.373094290494919,-0.365333080291748,-0.264316946268082,-0.368648618459702,0.0617268159985542,35.8400988355176,0.541646637272233,10.606,0.0,1.0,0.0,0.0,2.2731562823032334,1.4592653731311716,1.2919836816486494,3.2195955657925497,0.2851789422336624,0.20701416938432615,7.644685346291438,7.792802008072908,0.0,3.929862923556477,1.4041464902127145
SEN,2007,0.52,0.378,-0.51429945230484,-0.489185214042664,-0.244918704032898,-0.404348582029343,-0.181714087724686,35.5325778173311,0.541293558585314,7.857,0.0,0.0,0.0,0.0,2.005525858729668,1.6595499707432233,1.33500106673234,3.2973172511747633,0.2851789422336624,0.2151113796169455,7.702270164530059,7.824172334405905,0.0,3.893859034800475,1.4592653731311716
SEN,2008,0.516,0.378,-0.500159680843353,-0.21551288664341,-0.148591339588165,-0.347913265228271,-0.213503494858742,35.5783272021057,0.540433554129144,9.122,0.0,1.0,1.0,0.0,2.1713368063840917,1.7924779206002162,1.3762440252663892,3.31814180652483,0.3435897043900769,0.22314355131420976,7.700495273943381,7.856210925614131,0.0,3.9259259105971376,1.6595499707432233
SEN,2009,0.515,0.378,-0.490049093961716,-0.552714586257935,-0.205200999975204,-0.324280887842178,-0.269090443849564,37.3512481913401,0.530241418190802,9.508,0.0,1.0,0.0,0.0,2.1826747963214883,1.911715199902062,1.4562867329399256,3.2749158357508734,0.3435897043900769,0.23901690047049992,7.631957714355283,7.865849080127984,0.0,3.9982007016691985,1.7924779206002162
SEN,2010,0.529,0.362,-0.641386091709137,-0.593583285808563,-0.417924970388412,-0.317569881677628,-0.267737418413162,35.7933822494049,0.531696186862795,9.907,0.0,1.0,1.0,0.0,2.167910189667444,2.0413326932308116,1.4996230464268938,3.3101414729334286,0.33647223662121295,0.2468600779315258,7.644673860284505,7.887398153374266,0.0,4.051784947803305,1.911715199902062
SEN,2011,0.529,0.362,-0.503729224205017,-0.496339857578278,-0.280602246522903,-0.245334327220917,-0.220193043351173,36.198670803319,0.529299947598528,10.03,0.0,1.0,1.0,0.0295588022415444,2.151762203259462,2.1548763993582942,1.515127232962859,3.356688041676198,0.33647223662121295,0.23901690047049992,7.667641994171359,7.89578972360436,0.0,4.051784947803305,2.0413326932308116
SEN,2012,0.535,0.351,-0.25842273235321,-0.473695427179337,-0.108322031795979,-0.109142281115055,-0.00418913504108787,37.0808993961953,0.529409962907046,9.392,0.0,1.0,0.0,0.0295588022415444,2.1983350716202463,2.2159098779438047,1.5912739418064292,3.3361253849184407,0.3435897043900769,0.2546422183735807,7.619593685146416,7.924890414765892,0.0,4.051784947803305,2.1548763993582942
SEN,2013,0.58,0.233,-0.189072817564011,-0.425884455442429,-0.0607228353619576,-0.0732259452342987,0.0599607788026333,37.3018835310435,0.531648051037887,9.711,0.0,1.0,1.0,0.0295588022415444,2.2126603854660587,2.288798688618589,1.6331544390514163,3.375708618894989,0.3576744442718159,0.26236426446749106,7.63095919604621,7.926518908719089,0.0,4.060443010546419,2.2159098779438047
SEN,2014,0.584,0.233,0.0584492757916451,-0.404590606689453,-0.198223099112511,-0.262088179588318,0.291608184576035,38.100794648182,0.53646153052446,9.091,0.0,1.0,1.0,0.0295588022415444,2.130609828254235,2.381115618708357,1.7047480922384253,3.478744670674498,0.37156355643248307,0.2776317365982795,7.705764601032131,7.956758665283371,0.0,4.127134385045092,2.288798688618589
SEN,2015,0.588,0.291,0.031306829303503,-0.48336198925972,-0.120225243270397,-0.224439725279808,0.282860070466995,38.1368112835405,0.53976353166544,9.009,0.0,1.0,1.0,0.0295588022415444,2.131796772013764,2.5197177066917273,1.752672080520008,3.624287598220759,0.37156355643248307,0.2851789422336624,7.824848488784733,8.004793104549712,0.0,4.119037174812473,2.381115618708357
SEN,2016,0.579,0.284,-0.0242784265428782,-0.502697646617889,-0.22595489025116,-0.210808366537094,0.369231224060059,38.8385918397791,0.536255884223343,8.996,0.0,1.0,0.0,0.0295588022415444,2.143589361503588,2.636109442942594,1.814824742159051,3.5895010101336573,0.4510756193602167,0.29266961396282,7.759332541082768,8.039842151113431,0.0,4.182050142641207,2.5197177066917273
SEN,2017,0.555,0.326,-0.114319831132889,-0.365319281816483,-0.0557225905358791,-0.195707216858864,0.316642314195633,38.2761226744374,0.538785733145062,11.229,0.0,0.0,0.0,0.0295588022415444,2.1552445050953364,2.6363253339560235,1.80005827204275,3.644431100628201,0.4510756193602167,0.2851789422336624,7.7868798257142045,8.081895972540888,0.0,4.138361447638875,2.636109442942594
SEN,2018,0.542,0.327,-0.0473760962486267,-0.329456508159637,-0.107357509434223,-0.147642567753792,0.22047683596611,39.1128254963417,0.538522117571205,14.17,0.0,0.0,0.0,0.0295588022415444,2.115049969147204,2.7023673995032857,1.8341801851120072,3.6531745532431597,0.5247285289349821,0.2851789422336624,7.7678776949428805,8.125990676827149,0.0,4.204692619390966,2.6363253339560235
SEN,2019,0.544,0.341,-0.00357197062112391,-0.13431353867054,0.0375764071941376,-0.175264254212379,0.234765261411667,39.5878191204462,0.534732833405761,13.402,0.0,0.0,0.0,0.0295588022415444,1.8453002361560848,2.73862689926308,1.965712776351493,3.7586153827988307,0.5187937934151676,0.32208349916911333,7.848753452605004,8.202195110387782,0.0,4.268297869345539,2.7023673995032857
SEN,2020,0.574,0.347,-0.00729532772675157,-0.059842012822628,-0.143102943897247,-0.294217169284821,0.239433467388153,39.9517393230043,0.533817927914738,16.832,0.0,1.0,1.0,0.0295588022415444,1.8115620965242347,2.718781498731984,2.004179057179289,3.6420498667571386,0.5187937934151676,0.32208349916911333,7.702963437708125,8.230555766439076,0.0,4.178992036282385,2.73862689926308
SEN,2021,0.564,0.347,0.0423106253147125,0.0246377754956484,-0.179771110415459,-0.322730869054794,0.195669069886208,40.2204769258364,0.534453578561796,20.27,0.0,1.0,0.0,0.14842000511827327,1.7316555451583495,2.864979784627453,2.075684492802124,3.747289861660359,0.5187937934151676,0.3435897043900769,7.785466500088816,8.336792368191078,0.0,4.23410650459726,2.718781498731984
SEN,2022,0.539,0.35,-0.0131743038073182,0.0397833846509457,-0.157593667507172,-0.296521306037903,0.176930591464043,39.9548971065109,0.53686679300475,23.333,0.0,1.0,0.0,0.14842000511827327,1.635105659182678,2.9704543552309186,2.196112848483529,3.8319402969545884,0.5187937934151676,0.37156355643248307,7.847390984081194,8.418746629193912,0.0,4.232656178019613,2.864979784627453
SLE,2003,0.359,0.805,-0.892783045768738,-1.33037447929382,-1.08121025562286,-1.17916703224182,-0.346790134906769,32.9243458464275,0.601429229539303,13.333,0.0,0.0,0.0,0.0,0.0,1.5697008484604473,0.13976194237515868,1.22436349397367,0.019802627296179712,0.0295588022415444,6.141835234614548,7.285370609588223,0.0,2.388762789235098,1.5303928783958536
SLE,2004,0.359,0.794,-0.881412625312805,-1.1239367723465,-0.514731526374817,-1.09119367599487,-0.311112105846405,32.8651355992057,0.60486955773423,16.667,0.0,0.0,0.0,0.0,0.0,1.6080735648156603,0.11332868530700317,1.2228926891784468,0.019802627296179712,0.019802627296179712,6.106138309535883,7.3408392591841025,0.0,2.8791984572980396,1.5697008484604473
SLE,2005,0.35,0.782,-1.08549165725708,-1.34393203258514,-0.481067776679993,-1.10149943828583,-0.530995607376099,31.1927625297627,0.607475725243042,25.0,0.0,0.0,0.0,0.0,0.0,1.6977087950597762,0.07696104113612832,1.1518370499054074,0.019802627296179712,0.019802627296179712,5.97739351280608,7.387402025591192,0.0,2.509599262378372,1.6080735648156603
SLE,2006,0.345,0.782,-1.02614569664001,-1.1003794670105,-0.302883803844452,-1.14218163490295,-0.326508969068527,29.4052298188675,0.608328329303245,0.0,0.0,0.0,0.0,0.0,0.0,1.8081192347937354,0.04879016416943201,1.2955487478131456,0.019802627296179712,0.009950330853168083,6.158528631721149,7.437616650310009,0.0,2.580216829592325,1.6977087950597762
SLE,2007,0.346,0.811,-0.919340312480927,-1.15243637561798,-0.0615781955420971,-1.0905464887619,-0.218499302864075,30.1910453339481,0.601276844059022,33.333,0.0,0.0,0.0,0.0,0.0,1.7265740440396065,0.058268908123975775,1.246744896169805,0.019802627296179712,0.009950330853168083,6.068805145832644,7.479175249050077,0.0,2.639057329615259,1.8081192347937354
SLE,2008,0.322,0.811,-0.978874683380127,-1.15404140949249,-0.239808902144432,-0.977361500263214,-0.141638219356537,29.7744796828289,0.60097459969722,33.333,0.0,0.0,0.0,0.0,0.0295588022415444,1.759560780156918,0.058268908123975775,1.235180731450129,0.019802627296179712,0.009950330853168083,6.0275071384549115,7.509469494637972,0.0,2.5726122302071057,1.7265740440396065
SLE,2009,0.324,0.811,-0.942291140556335,-1.19393682479858,-0.289030253887177,-0.805877387523651,-0.241323813796043,30.5405644516255,0.603628805310329,33.333,0.0,0.0,0.0,0.0,0.0295588022415444,1.8212210770655997,0.058268908123975775,1.2380843339547039,0.019802627296179712,0.009950330853168083,6.004901367344903,7.503879792313246,0.0,2.747270914255491,1.759560780156918
SLE,2010,0.328,0.805,-0.780791580677032,-1.20814538002014,-0.236645370721817,-0.760722637176514,-0.157845288515091,29.8198500018643,0.606969394280527,85.714,0.0,0.0,0.0,0.0,0.04879016416943201,1.8651903856704215,0.1310282624064041,1.3139924493644854,0.019802627296179712,0.019802627296179712,6.082864820453074,7.550337926946838,0.0,2.5257286443082556,1.8212210770655997
SLE,2011,0.328,0.805,-0.860041797161102,-1.18952429294586,-0.168444857001305,-0.730839669704437,-0.203812569379807,30.2813728722535,0.600313011149251,88.235,0.0,0.0,0.0,0.0,0.04879016416943201,1.925856545873479,0.15700374880966475,1.4944758939644187,0.039220713153281295,0.0295588022415444,6.29559620521896,7.622517214048418,0.0,2.7212954278522306,1.8651903856704215
SLE,2012,0.32,0.805,-0.957400441169739,-1.22011303901672,-0.279945284128189,-0.710573136806488,-0.320652544498444,31.1655935175379,0.585241842233092,66.667,0.0,1.0,0.0,0.0,0.04879016416943201,1.9737214119638884,0.16551443847757338,1.596960390922988,0.039220713153281295,0.0295588022415444,6.400574670735023,7.748542591566303,0.0,2.9014215940827497,1.925856545873479
SLE,2013,0.312,0.825,-0.912265717983246,-1.2193740606308,-0.174718275666237,-0.720584511756897,-0.342688739299774,31.3095666228144,0.592378658004514,62.5,0.0,1.0,0.0,0.0,0.04879016416943201,2.0153013820060264,0.14842000511827327,1.7291745940364338,0.039220713153281295,0.019802627296179712,6.5388356742269655,7.901650577497529,0.0,2.6741486494265287,1.9737214119638884
SLE,2014,0.312,0.825,-0.948586165904999,-1.2485363483429,-0.104039676487446,-0.822831988334656,-0.287209033966064,31.8916733057345,0.590507671603298,80.0,0.0,0.0,0.0,0.0,0.058268908123975775,2.042672017721685,0.13976194237515868,1.8051691561379728,0.04879016416943201,0.019802627296179712,6.606469088719976,7.924088805952815,0.0,2.9856819377004897,2.0153013820060264
SLE,2015,0.312,0.825,-0.820486605167389,-1.28399503231049,-0.106272891163826,-0.928697109222412,-0.271190404891968,32.2368359148838,0.596643178574334,75.0,0.0,1.0,1.0,0.0,0.058268908123975775,1.9800156627512553,0.14842000511827327,1.6333497324804134,0.06765864847381481,0.019802627296179712,6.374285193731593,7.848172554216164,0.0,3.0301337002713233,2.042672017721685
SLE,2016,0.308,0.825,-0.841478765010834,-1.22547876834869,-0.167113155126572,-0.948930025100708,-0.198737993836403,32.5675738490499,0.601487372724785,61.905,0.0,1.0,0.0,0.0,0.058268908123975775,1.9905380512579745,0.1906203596086497,1.6523058126612762,0.06765864847381481,0.0295588022415444,6.374206768108879,7.876989535319831,0.0,3.0587070727153796,1.9800156627512553
SLE,2017,0.337,0.784,-0.590301275253296,-1.22013700008392,-0.0394265502691269,-0.949866354465485,-0.194816008210182,33.6150170268967,0.604616790218206,60.87,0.0,1.0,0.0,0.0,0.058268908123975775,1.99377141665336,0.20701416938432615,1.6440325571985994,0.06765864847381481,0.0295588022415444,6.340228783746545,7.825026791912553,0.0,3.1945831322991562,1.9905380512579745
SLE,2018,0.376,0.724,-0.511718928813934,-1.19115614891052,-0.0887953713536263,-0.918371915817261,-0.183088049292564,33.8909027383052,0.602029703729443,66.667,0.0,1.0,0.0,0.0,0.058268908123975775,2.021804226641937,0.23901690047049992,1.7132572410730975,0.09531017980432487,0.039220713153281295,6.401688314814326,7.879093005082278,0.0,3.299533727885655,1.99377141665336
SLE,2019,0.384,0.714,-0.470781624317169,-1.17441010475159,-0.0569148063659668,-0.916900396347046,-0.130791753530502,33.9863565542512,0.601543158953183,95.0,0.0,1.0,0.0,0.0,0.058268908123975775,2.0414878415286215,0.18232155679395462,1.7107301639159727,0.1310282624064041,0.0295588022415444,6.375435297751085,7.902878765416642,0.0,3.1654750481410856,2.021804226641937
SLE,2020,0.419,0.65,-0.396055698394775,-1.06328344345093,-0.302384614944458,-0.904623210430145,-0.0947539657354355,34.1696453365828,0.601727343362444,95.0,0.0,1.0,0.0,0.0,0.058268908123975775,2.0635888659463406,0.18232155679395462,1.7215158158394508,0.1310282624064041,0.0295588022415444,6.365466507525955,7.9084139486952,0.0,3.306886702190914,2.0414878415286215
SLE,2021,0.428,0.524,-0.455585211515427,-1.15254700183868,-0.0969721227884293,-0.980271220207214,-0.066451832652092,34.2169437663906,0.596662978297744,95.0,0.0,1.0,1.0,0.0,0.058268908123975775,2.1785307661204247,0.18232155679395462,1.8834266577538787,0.1310282624064041,0.0295588022415444,6.536469833873115,7.955210635636631,0.0,3.349904087274605,2.0635888659463406
SLE,2022,0.435,0.467,-0.559889018535614,-1.17013084888458,-0.0945132076740265,-1.05557787418365,-0.14665475487709,33.7769780307489,0.597606216663751,95.0,0.0,1.0,0.0,0.0,0.058268908123975775,2.120523340554589,0.18232155679395462,1.8780900589790757,0.1310282624064041,0.019802627296179712,6.507961060938748,8.05355788465277,0.0,3.414442608412176,2.1785307661204247
SLV,2003,0.337,0.72,-0.416793614625931,-0.460299640893936,-0.180753871798515,-0.246245339512825,0.10748229175806,41.4778837125076,0.442095972715614,60.998,0.0,0.0,0.0,0.0,0.36464311358790924,2.680649231739618,1.7457155307266483,3.400930679433611,0.32208349916911333,0.5822156198526637,8.483459763537994,8.482540248000207,0.0,4.477336814478207,2.648573127815361
SLV,2004,0.335,0.753,-0.480672061443329,-0.451769232749939,-0.0691009759902954,0.000375590956537053,0.0246405247598886,41.6871448503707,0.44252920464299,58.036,0.0,0.0,0.0,0.0,0.36464311358790924,2.7083410049000864,1.7681496035889213,3.405222602911776,0.32208349916911333,0.5933268452777344,8.486878921881125,8.516911922379853,0.0,4.481871969643597,2.680649231739618
SLV,2005,0.336,0.745,-0.50867372751236,-0.447229236364365,-0.0337608754634857,-0.257205307483673,-0.0750127732753754,41.5912758902029,0.441327035843719,60.915,0.0,1.0,0.0,0.0,0.3784364357202451,2.7263641334109607,1.8066480817218056,3.4203789010780845,0.32208349916911333,0.6151856390902335,8.50240457692252,8.574078052186971,0.0,4.483002552013883,2.7083410049000864
SLV,2006,0.348,0.745,-0.335918337106705,-0.21700045466423,-0.168158024549484,-0.0738027393817902,0.0966298580169678,43.083791478906,0.440394019578883,59.469,0.0,0.0,0.0,0.0,0.3852624007906449,2.757982426964691,1.8946168546677629,3.460126449191443,0.3576744442718159,0.6626879730752367,8.54400063933583,8.647435760832849,0.0,4.502029427068578,2.7263641334109607
SLV,2007,0.35,0.745,-0.423062175512314,-0.259199172258377,-0.00727073149755597,0.0871289893984795,0.0945089384913445,42.8440121475909,0.439267058104686,56.552,0.0,1.0,1.0,0.0,0.3920420877760237,2.773813325212887,1.9213246735826988,3.4998353515591547,0.3576744442718159,0.6780335427498971,8.58371961037501,8.691218160865938,0.0,4.522874943261261,2.757982426964691
SLV,2008,0.355,0.739,-0.411013573408127,-0.211958438158035,0.0393931120634079,0.150920912623405,0.112083874642849,43.4304228324464,0.433294329169774,62.416,0.0,1.0,0.0,0.0,0.3987761199573678,2.741354239672845,1.9387416595767009,3.4508760398927025,0.3576744442718159,0.688134638736401,8.52997535044063,8.72837614737868,0.0,4.5217885770490405,2.773813325212887
SLV,2009,0.399,0.717,-0.230227887630463,-0.074613519012928,-0.00711627723649144,0.283810049295425,0.057646669447422,44.2752933300007,0.438777852759049,56.228,0.0,0.0,0.0,0.0,0.3987761199573678,2.723307390182739,1.9329696377795786,3.442819056352975,0.3920420877760237,0.6830968447064438,8.518515117287098,8.710071449559114,0.0,4.522874943261261,2.741354239672845
SLV,2010,0.427,0.692,-0.258609384298325,-0.0123194148764014,0.0588422268629074,0.337437301874161,0.0715445652604103,44.2517505833661,0.433474166192647,64.992,0.0,0.0,1.0,0.0,0.3987761199573678,2.700526358283725,1.9544450515051506,3.4496700351129332,0.3920420877760237,0.6931471805599453,8.522283613207058,8.740163051994012,0.0,4.528289141652134,2.723307390182739
SLV,2011,0.427,0.692,-0.247806414961815,-0.109997875988483,0.111001193523407,0.403908848762512,0.0439497753977776,44.6030205729125,0.425835896079374,62.829,0.0,1.0,0.0,0.0,0.3987761199573678,2.5122211524822555,1.9726911717329554,3.4546433573677815,0.3920420877760237,0.7030975114131134,8.52381621072447,8.794018249415627,0.0,4.539030383483547,2.700526358283725
SLV,2012,0.438,0.692,-0.41251277923584,-0.134835928678513,0.234583973884583,0.228348329663277,-0.0401937253773212,43.9951514057639,0.42560154447675,60.193,0.0,1.0,1.0,0.0,0.3987761199573678,2.533444323853298,1.9906103279732201,3.478960570127877,0.3920420877760237,0.708035793053696,8.54502098175767,8.811263364803759,0.0,4.550714000192032,2.5122211524822555
SLV,2013,0.439,0.624,-0.349343955516815,-0.121620632708073,-0.0336589030921459,0.227205574512482,-0.0131475701928139,44.5452589493994,0.419193867649106,60.51,0.0,1.0,1.0,0.0,0.3987761199573678,2.4668306167085943,2.010894999144726,3.4506857147533494,0.4382549309311553,0.7178397931503169,8.511773732642364,8.866946629892187,0.0,4.564348191467836,2.533444323853298
SLV,2014,0.47,0.608,-0.375204563140869,-0.025264136493206,-0.0245900042355061,0.222213238477707,0.152574792504311,44.705012986825,0.419612762662744,60.51,0.0,0.0,0.0,0.0,0.3987761199573678,2.507239135074772,2.0360119837525,3.482224220304529,0.4382549309311553,0.7323678937132266,8.540391028850074,8.923286243409008,0.0,4.565389315976247,2.4668306167085943
SLV,2015,0.465,0.603,-0.447838723659515,-0.285931020975113,-0.0204960480332375,0.0679868832230568,0.152256041765213,44.0666909272167,0.424611145613449,58.388,0.0,1.0,0.0,0.0,0.4054651081081644,2.5468909769869,2.0769384114617173,3.545499725434599,0.4382549309311553,0.7561219797213337,8.602246769834998,8.979005485415545,0.0,4.5685062016165,2.507239135074772
SLV,2016,0.469,0.609,-0.5561683177948,-0.343923270702362,-0.104568757116795,-0.0506191477179527,0.188607335090637,43.3438398933356,0.426105627643718,58.852,0.0,0.0,0.0,0.0,0.4054651081081644,2.5436132790180817,2.0906287310704004,3.5589131276539097,0.4382549309311553,0.76080582903376,8.613302324699488,9.042704390049245,0.0,4.574710978503383,2.5468909769869
SLV,2017,0.469,0.628,-0.534349262714386,-0.38730189204216,-0.263820260763168,-0.169971138238907,0.154201969504356,43.8109314084752,0.420082615488213,74.91,0.0,1.0,0.0,0.0,0.4510756193602167,2.4913382975079745,2.1004689088719113,3.527565680476962,0.4382549309311553,0.7654678421395714,8.578961441393568,9.101219339834966,0.0,4.582924577040772,2.5436132790180817
SLV,2018,0.432,0.685,-0.586434960365295,-0.489993751049042,-0.389159649610519,-0.0161868967115879,0.0289855431765318,43.9596620176606,0.419965488050711,77.737,0.0,1.0,0.0,0.0,0.4574248470388754,2.5173532750601257,2.0980179272527715,3.6146407041784037,0.4382549309311553,0.7654678421395714,8.667522407313943,9.12747625553954,0.0,4.584967478670572,2.4913382975079745
SLV,2019,0.393,0.598,-0.537863314151764,-0.531079947948456,-0.120228312909603,-0.0379504486918449,0.117883883416653,43.9870262489998,0.422757952425856,71.053,0.0,1.0,0.0,0.0,0.4574248470388754,2.5969603831663215,2.124653884501384,3.7209109249446,0.4382549309311553,0.7793248768009976,8.776170341467298,9.185817344117606,0.0,4.589040804058207,2.5173532750601257
SLV,2020,0.314,0.668,-0.577636420726776,-0.261266618967056,-0.1149922311306,-0.0852432101964951,0.0697045996785164,44.0091796453532,0.419508084286119,84.518,0.0,1.0,0.0,0.0,0.4510756193602167,2.5097695881439037,2.075684492802124,3.5431597997645303,0.4382549309311553,0.7514160886839212,8.591638663753223,9.147793374510707,0.0,4.612145799724517,2.5969603831663215
SLV,2021,0.163,0.711,-0.5537109375,-0.34182408452034,-0.091492086648941,-0.363843023777008,-0.060513261705637,44.1980890819288,0.418660494785951,84.722,0.0,1.0,0.0,0.0,0.4510756193602167,2.584213800815128,2.1701959049483,3.693394247081069,0.4382549309311553,0.8064758658669485,8.742603451803289,9.288292902860714,0.0,4.594109238628667,2.5097695881439037
SLV,2022,0.118,0.747,-0.642525255680084,-0.321259051561356,-0.352474838495255,-0.462724059820175,-0.371244877576828,43.6709981495345,0.424035884409246,90.813,0.0,1.0,0.0,0.0,0.4510756193602167,2.657362833767569,2.1114245875328868,3.787162483346491,0.4382549309311553,0.7701082216960736,8.834716162239038,9.382356072616133,0.0,4.61512051684126,2.584213800815128
SOM,2003,0.028,0.94,-1.46591007709503,-1.90459001064301,-2.57482099533081,-2.03996181488037,-1.75101411342621,31.1560854236392,0.638243089540101,0.0,0.0,0.0,0.0,0.0,0.0,3.8768294537622716,0.2468600779315258,1.449269160281279,0.058268908123975775,0.0295588022415444,5.798998710654005,6.306957818163596,0.0,2.379546134130174,3.8656413436451538
SOM,2004,0.059,0.94,-1.80303514003754,-1.8433358669281,-2.87853956222534,-2.29937267303467,-1.8110157251358,29.3410000568796,0.63578351214555,0.0,0.0,0.0,0.0,0.0,0.0,3.887356284740514,0.2468600779315258,1.4497385336764255,0.058268908123975775,0.0295588022415444,5.762978625713521,6.365241093655258,0.0,2.5952547069568657,3.8768294537622716
SOM,2005,0.094,0.95,-1.68311214447021,-2.1309552192688,-2.70559000968933,-2.2069251537323,-1.75917434692383,31.6819988014794,0.633327412710767,0.0,0.0,0.0,0.0,0.0,0.0,3.9024378745061097,0.2546422183735807,1.4572186994565892,0.058268908123975775,0.0295588022415444,5.737968097091074,6.429974765483839,0.0,2.772588722239781,3.887356284740514
SOM,2006,0.095,0.947,-1.72492063045502,-2.07395672798157,-2.74635028839111,-2.49331307411194,-1.7624146938324,36.6842032886657,0.632057714238261,0.0,0.0,0.0,0.0,0.0,0.0,3.884729526460744,0.26236426446749106,1.463023893978564,0.058268908123975775,0.0295588022415444,5.714996033703203,6.492448268606047,0.0,2.785011242238338,3.9024378745061097
SOM,2007,0.096,0.947,-1.73955118656158,-2.19994497299194,-3.22849702835083,-2.43264842033386,-1.84848654270172,36.8552352578809,0.630776864043592,0.0,0.0,0.0,0.0,0.0,0.0,3.8590460390850465,0.27002713721306015,1.4738472581277522,0.058268908123975775,0.0295588022415444,5.698183496255719,6.552756155735744,0.0,3.054001181677967,3.884729526460744
SOM,2008,0.094,0.947,-1.8487343788147,-2.29601812362671,-3.28051733970642,-2.54772567749023,-1.89333081245422,36.3970755498936,0.63013971402539,0.0,0.0,0.0,0.0,0.0,0.0,3.868662247549364,0.2776317365982795,1.4657984622324896,0.058268908123975775,0.0295588022415444,5.658045644315117,6.606933212811464,0.0,3.173878458937465,3.8590460390850465
SOM,2009,0.094,0.946,-1.70169413089752,-2.15730476379395,-3.31295108795166,-2.49045586585999,-2.03949332237244,37.3376165020488,0.629174284768571,0.0,0.0,0.0,0.0,0.0,0.0,3.876323697191377,0.2851789422336624,1.4637182580846941,0.058268908123975775,0.0295588022415444,5.630247159016255,6.652580230908853,0.0,3.2771447329921766,3.868662247549364
SOM,2010,0.102,0.946,-1.72609734535217,-2.1699275970459,-3.13097143173218,-2.3012433052063,-2.01058864593506,39.4866122422019,0.617915707236379,0.0,0.0,0.0,0.0,0.0,0.0,3.8836473141373284,0.2851789422336624,1.4827402593881427,0.058268908123975775,0.0295588022415444,5.630114405730865,6.70457541551629,0.0,3.975936331171799,3.876323697191377
SOM,2011,0.105,0.946,-1.71541202068329,-2.15188980102539,-3.08384656906128,-2.33204579353333,-2.01552939414978,39.5689519506938,0.617400300827443,0.0,0.0,0.0,0.0,0.0,0.0,3.8916882190961286,0.2851789422336624,1.4827402593881427,0.058268908123975775,0.0295588022415444,5.623063983136634,6.782626330234569,0.0,3.970291913552122,3.8836473141373284
SOM,2012,0.108,0.947,-1.59658908843994,-2.19294190406799,-2.860755443573,-2.22469043731689,-2.19676351547241,40.3966696634324,0.616904546397542,0.0,0.0,0.0,0.0,0.0,0.0,3.8974134185512828,0.29266961396282,1.4836479063758006,0.058268908123975775,0.0295588022415444,5.6152135216382115,6.911679833548258,0.0,3.966511190712216,3.8916882190961286
SOM,2013,0.119,0.925,-1.58360373973846,-2.19602870941162,-2.75868654251099,-2.20779252052307,-2.17499041557312,40.7218140952705,0.616817853096987,0.0,0.0,0.0,0.0,0.0,0.0,3.90055163849024,0.30010459245033805,1.4836479063758006,0.058268908123975775,0.0295588022415444,5.583078928457566,6.851612949403447,0.0,3.960813169597578,3.8974134185512828
SOM,2014,0.119,0.925,-1.66348052024841,-2.44022870063782,-2.51582813262939,-2.0722336769104,-2.11447429656982,40.9600755966564,0.615630142732033,0.0,0.0,0.0,0.0,0.0,0.0,3.9054823811442154,0.30010459245033805,1.4836479063758006,0.058268908123975775,0.0295588022415444,5.547385941453819,7.028838837031311,0.0,3.9589065913269965,3.90055163849024
SOM,2015,0.122,0.925,-1.64167070388794,-2.21740865707397,-2.37008881568909,-2.10189485549927,-2.00183415412903,41.1121787615993,0.615160463270685,0.0,0.0,0.0,1.0,0.0,0.0,3.9079672798356517,0.30010459245033805,1.512045566425451,0.058268908123975775,0.0295588022415444,5.549426218143949,7.202206883947454,0.0,3.955082494888593,3.9054823811442154
SOM,2016,0.11,0.94,-1.69079065322876,-2.20634460449219,-2.34715795516968,-2.18458890914917,-1.91040074825287,35.9498253292867,0.614490419631057,2.778,0.0,0.0,0.0,0.0,0.0,3.9152430370284517,0.3074846997479606,1.52757688595378,0.058268908123975775,0.0295588022415444,5.53080512446516,7.292680469689873,0.0,3.9531649487593215,3.9079672798356517
SOM,2017,0.124,0.925,-1.7422411441803,-2.28424668312073,-2.24991130828857,-2.28410482406616,-1.77893698215485,35.7103526031481,0.612829878146701,5.405,0.0,0.0,0.0,0.0,0.0,3.919761219549458,0.31481073984003355,1.5256214263409897,0.058268908123975775,0.0295588022415444,5.489895944604668,7.376391781498485,0.0,3.9721769282478934,3.9152430370284517
SOM,2018,0.106,0.916,-1.78582608699799,-2.21180272102356,-2.24911570549011,-2.08894062042236,-1.84680211544037,35.4276768294928,0.612257568893662,5.405,0.0,0.0,0.0,0.0,0.0,3.9304520444290434,0.31481073984003355,1.4831941858598499,0.058268908123975775,0.019802627296179712,5.400278109522504,7.347639681457816,0.0,3.9454577815143836,3.919761219549458
SOM,2019,0.103,0.903,-1.72436797618866,-2.28095054626465,-2.38640308380127,-2.14859175682068,-1.85257065296173,35.7293122021576,0.612317108235932,5.405,0.0,0.0,0.0,0.0,0.0,3.9407809998720214,0.31481073984003355,1.4831941858598499,0.058268908123975775,0.019802627296179712,5.363697720744705,7.345540750961119,0.0,3.9160150266976834,3.9304520444290434
SOM,2020,0.105,0.922,-1.68913090229034,-2.13161373138428,-2.58146929740906,-1.95361256599426,-1.83582139015198,35.9371605979575,0.611341597741786,8.108,0.0,0.0,0.0,0.0,0.0,3.948516023904502,0.31481073984003355,1.4312677267626217,0.058268908123975775,0.019802627296179712,5.258635347009324,7.282944749345706,0.0,3.929862923556477,3.9407809998720214
SOM,2021,0.111,0.915,-1.7955414056778,-2.08552193641663,-2.72733855247498,-1.83623266220093,-1.74371564388275,35.3300472972772,0.611249211771835,10.526,0.0,0.0,1.0,0.0,0.0,3.9461181533854583,0.32208349916911333,1.463486856949796,0.058268908123975775,0.019802627296179712,5.264015734851015,7.239443103200467,0.0,3.9180050771056933,3.948516023904502
SOM,2022,0.116,0.905,-1.79261124134064,-2.02740406990051,-2.42969608306885,-1.90015578269958,-1.66894209384918,35.3486572532986,0.611213911169677,19.048,0.0,0.0,0.0,0.0,0.0,3.951141864786717,0.35065687161316933,1.4804675311371402,0.058268908123975775,0.019802627296179712,5.256051621988742,7.304833631929796,0.0,3.910021002757473,3.9461181533854583
STP,2003,0.527,0.328,-0.109425097703934,-0.453014016151428,0.25944972038269,-0.53651624917984,0.244709223508835,40.3127848394162,0.550417323016328,25.0,0.0,0.0,0.0,0.0,0.0,-0.24774709023015834,0.039220713153281295,0.2851789422336624,0.0,0.23111172096338664,7.672558714405929,7.647072495974294,0.0,4.000033882750859,-0.25630384808116846
STP,2004,0.536,0.325,-0.463267117738724,-0.710523724555969,0.572325527667999,-0.928992569446564,0.109614260494709,39.0880356706252,0.550772627975099,25.0,0.0,0.0,0.0,0.0,0.0,-0.2396214024732241,0.039220713153281295,0.32063317259146684,0.0,0.22314355131420976,7.781370633215454,7.683376617680701,0.0,4.019980146933238,-0.24774709023015834
STP,2005,0.542,0.325,-0.541059792041779,-0.718027710914612,0.575508892536163,-0.915095210075378,0.0617349781095982,36.2379527802237,0.552206074260847,0.0,0.0,0.0,0.0,0.0,0.0,-0.23270095058636936,0.039220713153281295,0.3393253056036194,0.0,0.22314355131420976,7.823567496386502,7.753629653911384,0.0,4.039536325727106,-0.2396214024732241
STP,2006,0.539,0.325,-0.274057030677795,-0.837106347084045,0.347574234008789,-0.681605339050293,0.272127598524094,35.6181434742769,0.562845482940656,20.0,0.0,0.0,0.0,0.0,0.0,-0.2273549391842187,0.04879016416943201,0.3520643313810491,0.0,0.26236426446749106,7.844178387700682,7.844474144436397,0.0,4.05871738457895,-0.23270095058636936
STP,2007,0.537,0.325,-0.288336992263794,-0.753381907939911,0.394139468669891,-0.817054867744446,0.191135600209236,35.7276153992789,0.560761512739762,20.0,0.0,0.0,0.0,0.0,0.0,-0.22483165627937554,0.04879016416943201,0.36186147062603247,0.0,0.26236426446749106,7.852655624897134,7.882731389338637,0.0,4.07753744390572,-0.2273549391842187
STP,2008,0.537,0.325,-0.293066412210464,-0.736189842224121,0.175346195697784,-0.739144027233124,0.18475578725338,36.0829784799266,0.558416937643278,20.0,0.0,0.0,0.0,0.0,0.0,-0.21772416975289294,0.04879016416943201,0.3893357261782807,0.0,0.2546422183735807,7.916121145357921,7.93838696700451,0.0,4.096009841541162,-0.22483165627937554
STP,2009,0.537,0.325,-0.184565529227257,-0.760530889034271,0.146619737148285,-0.774942636489868,0.156031414866447,36.5005259318294,0.563173681544836,16.667,0.0,0.0,0.0,0.0,0.0,-0.207418599027193,0.058268908123975775,0.4114471797857119,0.009950330853168083,0.29266961396282,7.9602677811670315,7.953928316495267,0.0,4.05871738457895,-0.21772416975289294
STP,2010,0.557,0.313,-0.237911432981491,-0.861178874969482,0.115442857146263,-0.854655921459198,0.123737595975399,36.9302843104359,0.555279282751629,0.0,0.0,0.0,0.0,0.0,0.0,-0.19916355579695236,0.04879016416943201,0.4408322519454557,0.009950330853168083,0.2468600779315258,8.021549404801334,7.958426189984304,0.0,4.133565275375382,-0.207418599027193
STP,2011,0.565,0.313,-0.182666853070259,-0.752287983894348,0.00782639998942614,-0.749479055404663,0.248113557696342,37.0579157145781,0.555186442718747,14.286,0.0,0.0,0.0,0.0,0.0,-0.19488890469371248,0.06765864847381481,0.4517123592734841,0.009950330853168083,0.32208349916911333,8.032342609608964,7.977698117371577,0.0,4.152613470346076,-0.19916355579695236
STP,2012,0.562,0.313,-0.172321394085884,-0.736109614372253,0.0133354179561138,-0.7989581823349,0.180133849382401,38.776520702338,0.553102580838941,12.5,0.0,0.0,0.0,0.0,0.0,-0.18937579149465264,0.07696104113612832,0.47312375658197914,0.009950330853168083,0.35065687161316933,8.068810770140098,7.883777544968205,0.0,4.075841090657541,-0.19488890469371248
STP,2013,0.566,0.307,-0.171315938234329,-0.764681696891785,0.111840724945068,-0.80731475353241,0.135052412748337,38.8921594037457,0.551289746101911,14.286,0.0,0.0,0.0,0.0,0.0,-0.20800506678561642,0.06765864847381481,0.47312375658197914,0.009950330853168083,0.3074846997479606,8.049443979062024,7.9884536142508775,0.0,4.189654742026425,-0.18937579149465264
STP,2014,0.569,0.294,0.0131356371566653,-0.869527339935303,0.18418300151825,-0.833610534667969,0.32161557674408,40.1163144313259,0.548479732626911,12.5,0.0,0.0,0.0,0.0,0.0,-0.22844619637481497,0.07696104113612832,0.47436908675537554,0.019802627296179712,0.3435897043900769,8.034172405410544,8.081585386779436,0.0,4.242764567340374,-0.20800506678561642
STP,2015,0.576,0.294,-0.0675903484225273,-0.850413978099823,0.13627190887928,-0.837602376937866,0.279920190572739,40.039079651372,0.548568532253,10.0,0.0,0.0,1.0,0.0,0.0,-0.2405915573903997,0.09531017980432487,0.48796632961990805,0.019802627296179712,0.4054651081081644,8.052065973128661,8.062278054849214,0.0,4.223909766576744,-0.22844619637481497
STP,2016,0.569,0.294,-0.0835198014974594,-0.777475357055664,0.215979158878326,-0.870378136634827,0.360651880502701,39.9029692171883,0.550754704591978,9.091,0.0,0.0,0.0,0.0,0.0,-0.2546408326656593,0.10436001532424277,0.5019866750987864,0.0295588022415444,0.43178241642553783,8.071486545290343,8.1078834875115,0.0,4.254193263163997,-0.2405915573903997
STP,2017,0.554,0.292,0.152014687657356,-0.846105694770813,0.183461591601372,-0.891081988811493,0.297468543052673,40.9429033046987,0.547667141877521,0.0,0.0,0.0,0.0,0.0,0.0,-0.24782717200819332,0.09531017980432487,0.5080216964332565,0.0295588022415444,0.3920420877760237,8.071226662398606,8.142444497175244,0.0,4.321480134805848,-0.2546408326656593
STP,2018,0.542,0.294,0.152902647852898,-0.784067690372467,0.515948355197906,-0.909116744995117,0.138965800404549,40.7829755879348,0.546105697564958,0.0,0.0,0.0,0.0,0.0,0.0,-0.24180789772700034,0.09531017980432487,0.4891933236388768,0.0295588022415444,0.3920420877760237,8.006554216896859,8.279451810505046,0.0,4.276666119016055,-0.24782717200819332
STP,2019,0.576,0.26,0.13343557715416,-0.754401445388794,0.500651299953461,-0.967672407627106,0.368671476840973,40.7301732893472,0.54579983483221,9.091,0.0,0.0,0.0,0.0,0.0,-0.23448747462648378,0.10436001532424277,0.5086232002107907,0.0295588022415444,0.41871033485818504,8.042156437220553,8.446016143028775,0.0,4.33204826486764,-0.24180789772700034
STP,2020,0.581,0.279,0.119751043617725,-0.714003324508667,0.48960068821907,-0.974100470542908,0.36712634563446,40.7559073860068,0.546199310088072,9.091,0.0,0.0,0.0,0.0,0.0,-0.23689851608575158,0.10436001532424277,0.4922542381805553,0.0295588022415444,0.412109650826833,7.98189350617584,8.545884744474858,0.0,4.354141431184346,-0.23448747462648378
STP,2021,0.575,0.279,0.232348039746284,-0.761227190494537,0.585204601287842,-0.947238504886627,0.339944750070572,41.4898111523317,0.545186608693283,9.091,0.0,0.0,1.0,0.0,0.0,-0.23488315565766021,0.10436001532424277,0.5062150112083075,0.0295588022415444,0.4054651081081644,7.99628726501778,8.654115376907212,0.0,4.375757021660286,-0.23689851608575158
STP,2022,0.565,0.279,0.305139541625977,-0.8350989818573,0.460358828306198,-0.89024293422699,0.276601284742355,42.0465339001867,0.539864659494608,11.111,0.0,0.0,0.0,0.0,0.0,-0.24647466849087132,0.08617769624105233,0.4586898693454621,0.0295588022415444,0.33647223662121295,7.852517620376199,8.705278302346247,0.0,4.3694478524670215,-0.23488315565766021
SUR,2003,0.665,0.205,0.306020855903625,-0.161743089556694,0.483302503824234,-0.575908243656158,0.326033353805542,48.3024205292971,0.406305760116649,57.692,0.0,0.0,0.0,0.0,0.16551443847757338,-1.746681298408285,0.832909122935104,2.032611954323038,0.1906203596086497,1.2725655957915476,9.480463916755625,9.053994985538766,0.0,4.565389315976247,-1.5223038472875392
SUR,2004,0.665,0.205,0.262759476900101,-0.0464662872254848,0.30226343870163,-0.650516927242279,0.114305287599564,48.438065132044,0.401632882307354,53.147,0.0,0.0,0.0,0.0,0.16551443847757338,-1.9395004508443257,0.8878912573524571,2.165275142029439,0.1906203596086497,1.3297240096314962,9.616953420948041,9.147381286390114,0.0,4.564348191467836,-1.746681298408285
SUR,2005,0.661,0.205,0.216340377926826,-0.0602631121873856,0.233044505119324,-0.520047545433044,0.129616141319275,49.4695265518033,0.398274345108253,48.521,0.0,0.0,0.0,0.0,0.16551443847757338,-2.074120346239398,0.9895411936137477,2.1716788231462467,0.20701416938432615,1.4469189829363254,9.61374268732284,9.211831221460576,0.0,4.563305981889393,-1.9395004508443257
SUR,2006,0.658,0.205,-0.103575468063354,-0.332950234413147,-0.0139150014147162,-0.525552690029144,0.511488795280457,44.5108905709334,0.403501272590987,54.777,0.0,0.0,0.0,0.0,0.16551443847757338,-2.241291257492545,0.9439058989071285,2.2570645776922365,0.2151113796169455,1.3837912309017721,9.698730920994581,9.287629894762159,0.0,4.5217885770490405,-2.074120346239398
SUR,2007,0.657,0.205,-0.0121438568457961,-0.28100261092186,-0.0173227712512016,-0.593855679035187,0.556039929389954,45.2244040607454,0.396679484837895,57.333,0.0,0.0,0.0,0.0,0.16551443847757338,-2.4015096923947494,0.9162907318741551,2.186051276738094,0.2151113796169455,1.3428648031925547,9.607605754028054,9.352807916200359,0.0,4.5612182984589085,-2.241291257492545
SUR,2008,0.658,0.205,-0.0272660758346319,-0.129181608557701,0.0996380820870399,-0.541388154029846,0.60561341047287,45.2491857341883,0.397784379080507,56.954,0.0,0.0,0.0,0.0,0.16551443847757338,-2.495074488254639,0.9202827531436926,2.3656537844610286,0.2151113796169455,1.3376291891386096,9.796200404335387,9.400824285625546,0.0,4.5612182984589085,-2.4015096923947494
SUR,2009,0.658,0.205,-0.260273784399033,-0.0790900066494942,0.147267401218414,-0.612616002559662,0.44483208656311,44.1901644884455,0.401046766012819,56.209,0.0,0.0,0.0,0.0,0.16551443847757338,-2.5965282358420274,0.9282193027394289,2.3857306740807145,0.2151113796169455,1.3402504226184837,9.80661750176542,9.424962386578729,0.0,4.560172820057356,-2.495074488254639
SUR,2010,0.637,0.214,-0.332702100276947,-0.1087242141366,0.0824754610657692,-0.667498528957367,0.383502691984177,43.3522980812034,0.404133181357518,61.224,0.0,0.0,0.0,0.0,0.16551443847757338,-2.3973309028923673,1.085189268335969,2.5299596808360714,0.2546422183735807,1.5173226235262947,9.952672353112083,9.475811276590756,0.0,4.523960130562548,-2.5965282358420274
SUR,2011,0.629,0.214,-0.284884512424469,-0.123884543776512,0.119975283741951,-0.582489609718323,0.380300343036652,43.6818608927946,0.401978887781574,67.32,0.0,0.0,0.0,0.0,0.16551443847757338,-2.432046377499452,0.9282193027394289,2.332823276054656,0.2546422183735807,1.3217558399823195,9.725085444657285,9.541600665868502,0.0,4.560172820057356,-2.3973309028923673
SUR,2012,0.63,0.214,-0.340788125991821,-0.0128803355619311,0.0793254524469376,-0.476160943508148,0.340863466262817,43.6695803895857,0.398581031210296,49.102,0.0,0.0,0.0,0.0,0.16551443847757338,-2.4676251367373476,0.9820784724121581,2.456249940538196,0.30010459245033805,1.3787660946990992,9.84954116285431,9.628124321822304,0.0,4.560172820057356,-2.432046377499452
SUR,2013,0.631,0.235,-0.282394766807556,-0.0179268103092909,0.132779225707054,-0.446002990007401,0.356965273618698,43.8959543934093,0.40085191097754,47.159,0.0,0.0,1.0,0.0,0.16551443847757338,-2.5928785744678797,1.0152306797290587,2.392699982436306,0.30010459245033805,1.4085449700547104,9.768499499496773,9.691141509999456,0.0,4.560172820057356,-2.4676251367373476
SUR,2014,0.631,0.235,-0.44972950220108,-0.177615508437157,0.249270841479301,-0.634206414222717,0.516815304756165,43.4895053213623,0.404046400969721,30.22,0.0,0.0,1.0,0.0,0.16551443847757338,-1.6892465573884006,1.0367368849500223,2.3978043595749794,0.3293037471426004,1.425515074273172,9.763059460832766,9.717072751072493,0.0,4.560172820057356,-2.5928785744678797
SUR,2015,0.637,0.235,-0.271172434091568,-0.379115045070648,0.249509304761887,-0.631722152233124,0.411247223615646,44.6379338177697,0.398878889603552,26.344,0.0,0.0,1.0,0.0,0.16551443847757338,-2.3922407111822808,1.0508216248317612,2.3583981578132587,0.3435897043900769,1.4350845252893227,9.708803655932753,9.713813490507459,0.0,4.564348191467836,-1.6892465573884006
SUR,2016,0.63,0.257,-0.335388898849487,-0.372116714715958,0.152817890048027,-0.642956674098969,0.414863556623459,44.0682866676889,0.406545881857938,43.956,0.0,0.0,1.0,0.0,0.16551443847757338,-2.5371928212212134,1.0367368849500223,2.3188520654579174,0.3852624007906449,1.410986973710262,9.65452850530897,9.580268589521816,0.0,4.572646994282532,-2.3922407111822808
SUR,2017,0.632,0.277,-0.20520231127739,-0.648720562458038,0.11980140209198,-0.55706250667572,0.430003643035889,45.1962063013312,0.401973249980109,51.934,0.0,0.0,0.0,0.0,0.16551443847757338,-2.7173092923299165,1.0331844833456545,2.4232085353177846,0.3852624007906449,1.3987168811184478,9.759556845423225,9.773873063940062,0.0,4.580877493419047,-2.5371928212212134
SUR,2018,0.622,0.286,-0.240344256162643,-0.686521708965302,0.0582661032676697,-0.668974459171295,0.296294182538986,45.1685139085019,0.398258414931215,53.158,0.0,0.0,0.0,0.0,0.16551443847757338,-2.7395072828871387,1.0647107369924282,2.2490788254709044,0.3852624007906449,1.4279160358107101,9.556995868473251,9.790121674529532,0.0,4.589040804058207,-2.7173092923299165
SUR,2019,0.593,0.286,-0.41992861032486,-0.627012372016907,0.0876805111765862,-0.701412081718445,0.362840116024017,44.3001224141292,0.40111826684644,47.549,0.0,0.0,0.0,0.0,0.16551443847757338,-2.7025888615171136,1.1118575154181303,2.409194828052304,0.3852624007906449,1.4747630091074988,9.72403062876028,9.892049759078782,0.0,4.594109238628667,-2.7395072828871387
SUR,2020,0.641,0.212,-0.460734039545059,-0.578813970088959,0.418843954801559,-0.795015275478363,0.414326220750809,44.1108981998139,0.401002065662521,48.293,0.0,0.0,1.0,0.0,0.16551443847757338,-2.7084352823962106,1.11514159061932,2.340843805111136,0.3852624007906449,1.4701758451005928,9.637969760924626,9.737898871237917,0.0,4.599152113662528,-2.7025888615171136
SUR,2021,0.643,0.205,-0.418558269739151,-0.68069314956665,0.348392158746719,-0.721502065658569,0.3690465092659,44.3363291484012,0.404050658433107,48.325,0.0,0.0,0.0,0.0,0.16551443847757338,-2.7001605149816266,1.128171090909654,2.4680147821177822,0.412109650826833,1.4770487243883548,9.768710298434106,9.82332006622745,0.0,4.603168183317418,-2.7084352823962106
SUR,2022,0.655,0.205,-0.404953330755234,-0.944707155227661,0.399689197540283,-0.789872884750366,0.369401544332504,44.3152107044926,0.40365482079596,44.55,0.0,0.0,0.0,0.0,0.16551443847757338,-2.69736329341633,1.1346227261911428,2.5185025992165158,0.412109650826833,1.47932922708708,9.815256595797717,9.907471434061133,0.0,4.605170185988092,-2.7001605149816266
SVK,2003,0.749,0.318,0.280685245990753,0.668065965175629,0.947933495044708,0.913023710250854,0.931504726409912,52.187287113584,0.369017034117082,11.556,0.0,0.0,0.0,0.8285518175661483,0.9516578757114464,3.7834425432468053,3.391820219849558,5.397633149565158,1.5706970841176697,1.8468787684491346,10.618893948350827,9.553296740177485,0.0,4.61512051684126,3.7565664978169626
SVK,2004,0.748,0.318,0.337021231651306,0.817942023277283,0.593536019325256,1.08342254161835,0.947524964809418,52.5844100136663,0.369537206989146,13.559,0.0,0.0,0.0,0.8285518175661483,0.9555114450274365,3.7781843976948997,3.3877743613300146,5.375477461945625,1.597365331199831,1.843719208158766,10.596666657586482,9.627004241510278,0.0,4.61512051684126,3.7834425432468053
SVK,2005,0.748,0.318,0.451420694589615,0.877272307872772,0.898072719573975,1.12677228450775,0.89995676279068,53.3709632186148,0.369195367444063,14.933,0.0,1.0,1.0,0.8285518175661483,0.9555114450274365,3.8660939828226915,3.3697067145707846,5.426125537740396,1.5810384379124023,1.827769906751088,10.64742242468807,9.715424992853213,0.2191085761020307,4.6141299273595635,3.7781843976948997
SVK,2006,0.726,0.324,0.375256955623627,0.828100264072418,0.784178674221039,1.08478224277496,0.93112325668335,54.5388327426053,0.367265507141321,15.392,0.0,1.0,0.0,0.8285518175661483,0.9555114450274365,3.8044979872383857,3.3985271531062766,5.398967807197433,1.5830939370944985,1.8531680973566984,10.620116051390017,9.847487206130273,0.2191085761020307,4.6141299273595635,3.8660939828226915
SVK,2007,0.73,0.312,0.296645998954773,0.690660715103149,1.03668713569641,0.974188089370728,0.947436213493347,54.8595042379506,0.368056865752735,17.702,0.0,1.0,1.0,0.8285518175661483,0.9555114450274365,3.790110312498251,3.420346200500916,5.335752833250591,1.6486586255873816,1.8718021769015913,10.556576197067203,9.96336070854239,0.2191085761020307,4.61512051684126,3.8044979872383857
SVK,2008,0.735,0.312,0.312199145555496,0.849099040031433,1.0821361541748,1.07832753658295,0.935453057289124,54.7701536084635,0.365966442597397,15.923,0.0,1.0,1.0,0.8197798314933114,0.9669838461896731,3.811825368867477,3.4085039568445934,5.362272905284386,1.6114359150967734,1.860974538249528,10.582824281303138,10.073868745952955,0.2191085761020307,4.61512051684126,3.790110312498251
SVK,2009,0.737,0.312,0.265569657087326,0.861253201961517,0.920496821403503,1.04804372787476,0.876306593418121,54.9184672643171,0.362891831555609,18.974,0.0,1.0,1.0,0.8197798314933114,0.9439058989071285,3.7162483278894727,3.3407394126250414,5.264336501382296,1.6563214983329508,1.801709800081223,10.483301435778435,10.046131229007694,0.2191085761020307,4.61512051684126,3.811825368867477
SVK,2010,0.752,0.295,0.248165294528008,0.781369268894196,1.05331683158875,0.999186158180237,0.910946249961853,54.7147795024272,0.358919392366672,21.668,0.0,0.0,1.0,0.7178397931503169,0.9555114450274365,3.8142307539550675,3.3843902633457743,5.330300412401088,1.6601310267496183,1.8389610707123492,10.548337157584925,10.141933074708039,0.2191085761020307,4.61512051684126,3.7162483278894727
SVK,2011,0.754,0.295,0.229635804891586,0.776584029197693,0.974757313728333,0.999639213085175,0.965979039669037,54.6610596899872,0.360071326323246,17.68,0.0,1.0,1.0,0.7178397931503169,0.9593502213346021,3.769345842585302,3.4015306594522756,5.291750854118259,1.6370530794670737,1.851599469584072,10.508441649074728,10.173615840438194,0.2191085761020307,4.61512051684126,3.8142307539550675
SVK,2012,0.74,0.309,0.0692804977297783,0.781547546386719,1.08840095996857,1.04090666770935,0.973016917705536,53.898715499535,0.359023036838237,19.329,0.0,1.0,1.0,0.7178397931503169,0.9593502213346021,3.6917322916790156,3.3908102887756684,5.251713061646617,1.5727739280625088,1.8421356765531218,10.466944610481136,10.204472303168338,0.2324956568844901,4.61512051684126,3.769345842585302
SVK,2013,0.73,0.297,0.0489006824791431,0.725380659103394,1.11951816082001,0.927780389785767,0.959501922130585,54.2350703021709,0.358228004238708,22.316,0.0,1.0,1.0,0.7030975114131134,0.9593502213346021,3.6852862391855252,3.3874364664121184,5.27600529322432,1.4747630091074988,1.8373699804801074,10.490335527006204,10.242685806752533,0.2324956568844901,4.61512051684126,3.6917322916790156
SVK,2014,0.732,0.297,0.121957376599312,0.793422877788544,1.03912115097046,0.885451793670654,0.959563910961151,54.8254686876397,0.357851550617891,23.0,0.0,1.0,1.0,0.7030975114131134,0.9593502213346021,3.669392314136597,3.3751955791231545,5.204665810466581,1.463255402256019,1.8261608959453874,10.417727660311186,10.27880516334247,0.2324956568844901,4.61512051684126,3.6852862391855252
SVK,2015,0.733,0.289,0.109913036227226,0.736977159976959,0.865759432315826,0.772586047649384,0.965466558933258,54.4801327073101,0.357028774542657,22.727,0.0,0.0,0.0,0.5877866649021191,0.9593502213346021,3.679503791325628,3.4015306594522756,5.214881408306002,1.551808799597464,1.8484548129046003,10.427068855611763,10.314173246284415,0.2324956568844901,4.61512051684126,3.669392314136597
SVK,2016,0.732,0.288,0.152081429958344,0.793482840061188,0.708230555057526,0.876968383789062,0.961435556411743,54.6324365325906,0.356817233381102,24.739,0.0,0.0,0.0,0.5877866649021191,0.9593502213346021,3.6995082162051838,3.416085994155906,5.22436938159568,1.6154199841116479,1.860974538249528,10.435319461264621,10.304575774002382,0.2324956568844901,4.61512051684126,3.679503791325628
SVK,2017,0.726,0.288,0.0974162742495537,0.666439116001129,0.902731478214264,0.812015295028687,0.912068963050842,54.213536418758,0.359463675425573,23.851,0.0,1.0,0.0,0.5877866649021191,0.9593502213346021,3.7564401759836117,3.4483989831464497,5.276046194901806,1.6409365794934714,1.8870696490323797,10.485713423732895,10.317145097041143,0.2324956568844901,4.61512051684126,3.6995082162051838
SVK,2018,0.706,0.288,0.230296522378922,0.581321477890015,0.736685812473297,0.798312306404114,0.847067475318909,55.0810477702285,0.36011172762876,21.793,0.0,1.0,0.0,0.5877866649021191,0.9593502213346021,3.7698637408829216,3.444895236927875,5.25903585154636,1.66392609771817,1.8825138324965192,10.467231408263233,10.358086217567159,0.2324956568844901,4.61512051684126,3.7564401759836117
SVK,2019,0.742,0.292,0.187729358673096,0.54965877532959,0.667368829250336,0.997581124305725,0.861327171325684,54.66465103122,0.363246000465628,23.573,0.0,1.0,0.0,0.5596157879354227,0.9593502213346021,3.6877165247654005,3.431079756144025,5.224934516045439,1.4060969884160703,1.8702625307159986,10.431592976886632,10.433723839789524,0.2324956568844901,4.61512051684126,3.7698637408829216
SVK,2020,0.76,0.211,0.415226489305496,0.502145826816559,0.633981704711914,0.774733364582062,0.879534602165222,55.8220247955425,0.359050557015284,24.027,0.0,1.0,0.0,0.5364933705145685,0.9593502213346021,3.576617805129424,3.395514598526657,5.2046932645153685,1.3270750014599193,1.8389610707123492,10.410437284729268,10.472457847932423,0.2324956568844901,4.61512051684126,3.6877165247654005
SVK,2021,0.758,0.204,0.210813537240028,0.490655839443207,0.617919027805328,0.866957545280457,0.904362618923187,54.941363085849,0.3579375116894,22.795,0.0,1.0,0.0,0.5364933705145685,0.9631743177730056,3.69157834730999,3.4490347110763153,5.27925176757974,1.5686159179138452,1.8870696490323797,10.487639034827556,10.554434017139025,0.2324956568844901,4.61512051684126,3.576617805129424
SVK,2022,0.762,0.204,0.213295862078667,0.378134667873383,0.445335745811462,0.850252985954285,0.889783501625061,54.7444280465885,0.363377526478774,21.929,0.0,1.0,0.0,0.5364933705145685,0.9631743177730056,3.5892539349478665,3.3655702040190043,5.197905696240733,1.623340817603092,1.809926773183504,10.400284634841219,10.623690855324961,0.0,4.61512051684126,3.69157834730999
SVN,2003,0.754,0.109,0.898586511611938,0.897875249385834,1.18649446964264,0.881739914417267,1.12496137619019,59.8969155629757,0.327791621685709,22.27,1.0,0.0,0.0,0.6931471805599453,0.6780335427498971,2.8176989504233747,2.7073833121145063,4.397370808408481,0.3576744442718159,2.081938421878423,10.603379610185055,9.94842474452558,0.18343949989529584,4.61512051684126,2.808573681543734
SVN,2004,0.736,0.148,1.01579594612122,0.90135532617569,1.08161342144012,0.844685614109039,1.11238861083984,61.0845344395593,0.325678933068019,27.57,1.0,0.0,0.0,0.6931471805599453,0.6780335427498971,2.8411203928880324,2.7414849771884473,4.4560087060452895,0.2851789422336624,2.1138429683971682,10.662196862979915,10.025341939204003,0.18343949989529584,4.61512051684126,2.8176989504233747
SVN,2005,0.738,0.148,0.902103662490845,0.885157346725464,1.09281122684479,0.88319343328476,1.09229040145874,61.0798333105432,0.325987160510692,23.627,1.0,0.0,0.0,0.6931471805599453,0.6830968447064438,2.8470560235750395,2.7593768282675506,4.457933880021473,0.2851789422336624,2.1294214739848565,10.662450914240875,10.072528438870588,0.36901460359834337,4.61512051684126,2.8411203928880324
SVN,2006,0.737,0.148,1.02647280693054,0.954627931118011,1.08572900295258,0.794790148735046,1.06961452960968,61.3783171904862,0.325893269980946,24.487,1.0,1.0,0.0,0.6931471805599453,0.6981347220709844,2.8522161019889993,2.7819200496686656,4.463963700763117,0.33647223662121295,2.1471001901536506,10.665449442046356,10.149469092975353,0.36901460359834337,4.61512051684126,2.8470560235750395
SVN,2007,0.741,0.151,1.00999546051025,0.888730525970459,1.0986293554306,0.800101041793823,1.06297087669373,61.8013057773654,0.325798603036976,22.473,1.0,1.0,0.0,0.6931471805599453,0.7030975114131134,2.828146347622763,2.7893229212309465,4.458744590711666,0.18232155679395462,2.149433913499871,10.65467927642951,10.220851282504889,0.36901460359834337,4.61512051684126,2.8522161019889993
SVN,2008,0.741,0.134,0.93939745426178,1.11381042003632,1.14937436580658,0.847147285938263,1.0173647403717,61.0876577082724,0.328474163640885,26.264,1.0,1.0,0.0,0.6780335427498971,0.708035793053696,2.878498938881228,2.7606426512213806,4.5502492670883345,0.11332868530700317,2.1174596088673567,10.74179090476893,10.290854588196662,0.36901460359834337,4.61512051684126,2.828146347622763
SVN,2009,0.795,0.13,1.05151796340942,1.14303851127625,0.936905801296234,0.913787245750427,1.05512344837189,62.693448734638,0.328671601421964,29.896,1.0,1.0,1.0,0.6780335427498971,0.7275486072772778,2.746730880062695,2.6623552418400807,4.47062113286559,0.16551443847757338,2.0215475632609334,10.656103628494412,10.211540668453335,0.36901460359834337,4.61512051684126,2.878498938881228
SVN,2010,0.795,0.141,0.917391359806061,1.01478588581085,0.866508841514587,0.75935560464859,1.04863810539246,63.6942777596627,0.327405211530253,29.213,1.0,0.0,1.0,0.6626879730752367,0.7275486072772778,2.7600531464778006,2.717340248009303,4.472404214639664,0.058268908123975775,2.0693912058263346,10.653486151206543,10.22497296497828,0.36901460359834337,4.61512051684126,2.746730880062695
SVN,2011,0.789,0.146,0.941719472408295,0.97692596912384,0.969209671020508,0.692796349525452,1.05691814422607,64.2502585843449,0.324274992260202,24.372,1.0,0.0,0.0,0.6626879730752367,0.7275486072772778,2.702740532737865,2.744060638625243,4.4431099747923986,0.12221763272424921,2.0918640616783932,10.62180369562843,10.265231815579703,0.36901460359834337,4.61512051684126,2.7600531464778006
SVN,2012,0.768,0.153,0.832158982753754,1.018315076828,0.935110688209534,0.625475347042084,0.999778091907501,64.1505859143831,0.323288398118877,27.846,1.0,0.0,1.0,0.6626879730752367,0.7275486072772778,2.6629036601183027,2.7414849771884473,4.4147237112605895,0.12221763272424921,2.0881534822818573,10.590873745427656,10.26770385810197,0.3805487568436299,4.61512051684126,2.702740532737865
SVN,2013,0.788,0.132,0.722197890281677,1.00098669528961,0.882251679897308,0.624960362911224,1.00185775756836,63.9217048358574,0.321542802388786,32.342,1.0,0.0,0.0,0.6626879730752367,0.7514160886839212,2.772206049459704,2.7414849771884473,4.404020486933145,0.058268908123975775,2.086913556518537,10.578510527461878,10.29671359325599,0.3805487568436299,4.61512051684126,2.6629036601183027
SVN,2014,0.798,0.097,0.721584439277649,0.996188342571259,0.965773403644562,0.657770276069641,0.956069827079773,64.4553340250998,0.316883377946366,38.484,1.0,1.0,0.0,0.6259384308664953,0.7514160886839212,3.001839982836766,2.7350166493320245,4.429160666307817,0.2546422183735807,2.0794415416798357,10.603018413978681,10.327871737658947,0.3805487568436299,4.61512051684126,2.772206049459704
SVN,2015,0.808,0.098,0.737131714820862,0.936799585819244,0.947492003440857,0.609880983829498,0.986833035945892,64.0899167706334,0.317760159519282,29.392,1.0,0.0,0.0,0.9042181506398859,0.7514160886839212,3.0169509174623292,2.7568403652716422,4.326989498743973,0.1310282624064041,2.0992441689760155,10.498790703303538,10.352830109683355,0.3805487568436299,4.61512051684126,3.001839982836766
SVN,2016,0.796,0.076,0.784757494926453,1.08712339401245,0.979141891002655,0.627829551696777,1.01090347766876,63.9319023692706,0.31586399044547,31.177,1.0,1.0,0.0,0.9042181506398859,0.7466879474879752,3.06717166146044,2.775708849576025,4.392694529798396,0.11332868530700317,2.1162555148025524,10.564657673225106,10.421572092811447,0.3805487568436299,4.61512051684126,3.0169509174623292
SVN,2017,0.773,0.078,0.776858031749725,1.12923729419708,0.866365492343903,0.564625978469849,1.00673377513885,63.6045451691726,0.316206485028302,27.664,1.0,0.0,0.0,0.9042181506398859,0.7747271675523681,3.0812020795039965,2.8051769118329326,4.4033110067810615,0.11332868530700317,2.143589361503588,10.57490343460874,10.496290460990734,0.3805487568436299,4.61512051684126,3.06717166146044
SVN,2018,0.758,0.091,0.835979223251343,1.08223867416382,0.89426726102829,0.642297327518463,0.970165312290192,63.4221806275984,0.315457332050774,32.382,1.0,1.0,0.0,0.7275486072772778,0.7701082216960736,3.082757321764932,2.810606789427302,4.423540389872538,0.11332868530700317,2.145931282948669,10.591956708179831,10.561556745129224,0.3805487568436299,4.61512051684126,3.0812020795039965
SVN,2019,0.744,0.096,0.888419628143311,1.04178440570831,0.801585972309113,0.997022330760956,0.977372527122498,63.2870865949431,0.315388844374845,31.718,1.0,1.0,0.0,0.7275486072772778,0.7747271675523681,2.7593989354837922,2.8075938314384716,4.394473845725637,0.058268908123975775,2.136530508663963,10.555817113566247,10.654296160442088,0.3805487568436299,4.61512051684126,3.082757321764932
SVN,2020,0.668,0.136,0.777402997016907,1.121173620224,0.701467931270599,0.91221022605896,0.932139754295349,62.8234276353446,0.312692634739701,33.037,1.0,1.0,0.0,0.7275486072772778,0.7747271675523681,2.6845327302751585,2.7656899805486246,4.360483743997406,0.11332868530700317,2.089391872533004,10.512326988904395,10.639891951809382,0.3805487568436299,4.61512051684126,2.7593989354837922
SVN,2021,0.624,0.189,0.692999660968781,1.13730704784393,0.755585372447968,0.822128713130951,0.904861509799957,62.5509572445362,0.313499717908296,34.894,1.0,1.0,0.0,0.7275486072772778,0.7747271675523681,2.697151633372857,2.792391349535961,4.351335441519692,0.37156355643248307,2.1102132003465894,10.497800844816654,10.734548386681727,0.3805487568436299,4.61512051684126,2.6845327302751585
SVN,2022,0.73,0.099,0.767268538475037,1.06853556632996,0.709335088729858,0.694944024085999,0.976333498954773,62.756343649379,0.315184573480264,30.464,0.0,1.0,0.0,0.7275486072772778,0.7747271675523681,2.6555045402381925,2.7606426512213806,4.271123006537376,0.37156355643248307,2.0794415416798357,10.415676157021748,10.841151796224839,0.0,4.61512051684126,2.697151633372857
SWE,2003,0.874,0.004,2.14788365364075,2.01690196990967,1.34161329269409,1.61025357246399,1.54860532283783,68.547470632245,0.315882510099369,43.378,1.0,0.0,1.0,0.2546422183735807,2.8390784635086144,2.81506474479489,5.005421727043368,6.413847406301386,1.8870696490323797,2.865053949911875,11.127382344681552,10.36698813793878,0.18343949989529584,4.61512051684126,2.698948919137191
SWE,2004,0.874,0.004,2.13264751434326,2.09973764419556,1.36222684383392,1.66940915584564,1.73924720287323,68.762421243107,0.314201332078684,44.985,1.0,0.0,1.0,0.2546422183735807,2.8507065015037334,2.9148579522034774,5.013697268132075,6.500684382285303,1.8870696490323797,2.8690346205080335,11.210413233982898,10.428523297494412,0.18343949989529584,4.61512051684126,2.81506474479489
SWE,2005,0.874,0.004,2.01279759407043,1.8879017829895,1.29990482330322,1.5328688621521,1.58447277545929,69.040049865467,0.313143984125234,51.288,1.0,1.0,1.0,0.2546422183735807,2.8507065015037334,2.566923533070196,5.023683132945513,6.513244947597495,1.6789639750827106,2.8746939451769347,11.219001874707663,10.439962983055802,0.36901460359834337,4.61512051684126,2.9148579522034774
SWE,2006,0.877,0.004,2.18632340431213,1.80057287216187,1.29393398761749,1.43954706192017,1.48571825027466,71.6864854547733,0.312708365696782,49.595,1.0,1.0,1.0,0.2546422183735807,2.8466520505398383,2.1625370797390446,5.01276635510521,6.447532461271487,1.6733512381777533,2.8587664184808337,11.147573368913633,10.536903851152719,0.36901460359834337,4.61512051684126,2.566923533070196
SWE,2007,0.881,0.004,2.23397564888,2.01871752738953,1.27147829532623,1.57299721240997,1.51013612747192,71.9064021424651,0.312196434511155,52.029,1.0,0.0,1.0,0.2546422183735807,2.8673305587494666,1.6880202945888358,5.018206559592573,6.464754956469282,1.803358605071407,2.8570447537800976,11.157400302636361,10.616812085512423,0.36901460359834337,4.61512051684126,2.1625370797390446
SWE,2008,0.881,0.004,2.21141076087952,1.94697892665863,1.12833654880524,1.63588404655457,1.52016663551331,71.7270053289154,0.315431143222639,54.31,1.0,1.0,1.0,0.2546422183735807,2.8535925063928684,1.759498761659879,5.003543540282499,6.4607882577614495,1.749199854809259,2.8361502037295256,11.145629026426889,10.643224836461625,0.36901460359834337,4.61512051684126,1.6880202945888358
SWE,2009,0.881,0.004,2.24269556999207,2.04168105125427,1.08463823795319,1.64970362186432,1.54603838920593,71.6796679072173,0.316799235747331,58.426,1.0,1.0,1.0,0.2546422183735807,2.864483986944037,0.3563737448079248,4.9578672285576,6.3644288461802025,1.766441661243765,2.785011242238338,11.04059825830811,10.598486720969522,0.36901460359834337,4.61512051684126,1.759498761659879
SWE,2010,0.882,0.004,2.21972584724426,1.96262037754059,1.09417045116425,1.65624058246613,1.54272592067719,72.4971626348265,0.316552875547631,55.298,1.0,1.0,1.0,0.2546422183735807,2.8690346205080335,1.9170420820671623,5.020783625148071,6.434121067140037,1.8229350866965048,2.8361502037295256,11.101893560965593,10.644403637985254,0.36901460359834337,4.61512051684126,0.3563737448079248
SWE,2011,0.884,0.004,2.16803646087646,1.92519795894623,1.23068809509277,1.89224195480347,1.61295545101166,72.4294658762289,0.316409690298207,55.956,1.0,1.0,1.0,0.2546422183735807,2.8610573702273894,1.1558107663071218,4.970160461530537,6.418391036737507,1.3506671834767394,2.7813006628418027,11.078591960685396,10.69949636827655,0.27416835328505806,4.61512051684126,1.9170420820671623
SWE,2012,0.887,0.004,2.27712059020996,1.91103565692902,1.17059719562531,1.90003883838654,1.69035804271698,72.7761556285392,0.314700272787348,59.066,1.0,0.0,0.0,0.2546422183735807,2.851861903134289,0.7655506314989511,4.996333509385396,6.471178688848801,1.6114359150967734,2.799108932049177,11.124059446541988,10.719029041439539,0.286842794181786,4.61512051684126,1.1558107663071218
SWE,2013,0.887,0.004,2.239426612854,1.78899824619293,1.12777805328369,1.8954666852951,1.65803611278534,72.6293111499406,0.316558892487032,54.035,1.0,1.0,1.0,0.2546422183735807,2.856470206220483,-0.5758831463220846,4.970021611210958,6.404472800692911,1.5602476682433286,2.766319109226186,11.04876143999758,10.738551572379277,0.286842794181786,4.61512051684126,0.7655506314989511
SWE,2014,0.886,0.004,2.11085391044617,1.68137550354004,1.06541478633881,1.8051632642746,1.61101567745209,72.6996520360616,0.317020616789244,55.841,1.0,1.0,1.0,0.1310282624064041,2.827313621929028,-0.6614837739694714,4.934042185264735,6.399886944788292,1.5238800240724537,2.7232671669070703,11.034235966542608,10.754544096812612,0.286842794181786,4.61512051684126,-0.5758831463220846
SWE,2015,0.883,0.008,2.14546346664429,1.6848486661911,0.932670474052429,1.80380487442017,1.56545448303223,73.0332949291056,0.316566093922572,63.272,1.0,1.0,1.0,0.1310282624064041,2.8466520505398383,0.9439481566216509,4.944495491591711,6.434646032294889,1.3962446919730587,2.7232671669070703,11.058480915030746,10.795201846393784,0.286842794181786,4.61512051684126,-0.6614837739694714
SWE,2016,0.884,0.008,2.10577654838562,1.66307485103607,1.00078213214874,1.84277331829071,1.56508469581604,72.0902813820421,0.317239696995031,57.175,1.0,1.0,1.0,0.1310282624064041,2.854744580253014,1.6220258074705376,4.977836582344869,6.414116118238892,1.2947271675944,2.7427736371605955,11.02536377518258,10.825576814680796,0.286842794181786,4.61512051684126,0.9439481566216509
SWE,2017,0.884,0.008,2.09996318817139,1.67575168609619,0.968603014945984,1.79004573822021,1.56944692134857,72.1136318528634,0.315571984170046,57.882,1.0,1.0,1.0,0.1310282624064041,2.8622008809294686,2.344930148363833,4.98524910770584,6.449431968445785,1.2864740258376797,2.73696154459663,11.04726544458226,10.848853861403061,0.286842794181786,4.61512051684126,1.6220258074705376
SWE,2018,0.878,0.008,2.10963678359985,1.67109441757202,0.921417593955994,1.82550489902496,1.58079731464386,71.690411659349,0.316576297489459,55.797,1.0,1.0,1.0,0.1310282624064041,2.8581928595319295,2.669321417869578,4.9913845145041185,6.413778578214256,1.47932922708708,2.731766727719526,10.999937154281856,10.880373516189527,0.286842794181786,4.61512051684126,2.344930148363833
SWE,2019,0.871,0.009,2.09194946289062,1.67401242256165,1.01188635826111,1.79326152801514,1.5590580701828,71.3814769541589,0.317317830227909,58.746,1.0,1.0,1.0,0.1310282624064041,2.8599125504114564,2.6779532358301776,4.964661161186305,6.440657822721871,1.3962446919730587,2.6973262377392344,11.016718318692645,10.951638591934197,0.286842794181786,4.61512051684126,2.669321417869578
SWE,2020,0.87,0.008,2.09451055526733,1.6700267791748,0.997376799583435,1.67861640453339,1.49804127216339,71.1727291582621,0.31860230526687,68.47,1.0,1.0,1.0,0.0,2.8570447537800976,2.620544701563011,4.940069758048983,6.399059053105037,1.747459210331475,2.667228206581955,10.967825444168295,10.9593709206213,0.286842794181786,4.61512051684126,2.6779532358301776
SWE,2021,0.869,0.008,2.09849810600281,1.61025524139404,1.01450800895691,1.74532163143158,1.49274754524231,71.4885374828723,0.315825700709649,67.383,1.0,1.0,1.0,0.0,2.8570447537800976,2.918464227511323,4.991860138769922,6.453120934865889,1.6389967146756448,2.7107133185216936,11.015959155679578,11.046638131595524,0.286842794181786,4.61512051684126,2.620544701563011
SWE,2022,0.864,0.01,2.06152534484863,1.5724048614502,0.910905122756958,1.68157696723938,1.52612793445587,71.2363765504882,0.316822568053048,68.321,0.0,1.0,0.0,0.0,2.856470206220483,2.920458415860252,4.947553489209959,6.434034349127687,1.6272778305624314,2.6623552418400807,10.990030751866707,11.103100111627327,0.0,4.61512051684126,2.918464227511323
SYC,2003,0.308,0.37,0.791487634181976,0.576729536056519,0.645857214927673,0.682984054088593,0.0756622776389122,48.5530841585144,0.460842291107976,0.0,0.0,0.0,0.0,0.0,0.0,0.4400912777059992,0.20701416938432615,1.5071836783953438,0.08617769624105233,1.2919836816486494,10.605807088137196,9.556955495498478,0.0,4.563305981889393,0.4350438670527537
SYC,2004,0.345,0.333,0.549316823482513,0.496140122413635,0.655790030956268,-0.170285999774933,0.32329398393631,47.624206123055,0.461183678035539,0.0,0.0,0.0,0.0,0.0,0.0,0.6186197741243851,0.20701416938432615,1.7757994496493257,0.08617769624105233,1.2837077723447896,10.926447433433834,9.5582757386238,0.0,4.566429357671661,0.4400912777059992
SYC,2005,0.345,0.302,0.374254941940308,0.45541724562645,0.931847214698792,0.453918278217316,0.174468666315079,47.9279762873788,0.460737831502458,0.0,0.0,0.0,0.0,0.0,0.0,0.5647337281273541,0.26236426446749106,1.6989129188617031,0.08617769624105233,1.4724720573609429,10.820575306703613,9.670738730640172,0.0,4.56954300834494,0.6186197741243851
SYC,2006,0.353,0.302,0.334428995847702,0.471941262483597,0.912748575210571,0.190891683101654,0.0870519354939461,46.796509792729,0.462473327194933,0.0,0.0,0.0,0.0,0.0,0.0,0.6140377511591113,0.2776317365982795,1.7486779795256044,0.08617769624105233,1.5129270120532565,10.868851437106112,9.77019593105991,0.0,4.605170185988092,0.5647337281273541
SYC,2007,0.368,0.302,0.336277306079865,0.607417523860931,0.787657201290131,0.0125429145991802,0.0640959367156029,47.1533315119761,0.457847385295411,0.0,0.0,0.0,0.0,0.0,0.0,0.5095214406218703,0.29266961396282,1.5896432851059208,0.08617769624105233,1.551808799597464,10.660984033207475,9.876857123206113,0.0,4.575741375297279,0.6140377511591113
SYC,2008,0.37,0.302,0.562798917293549,0.723360240459442,0.7489093542099,-0.0504114329814911,-0.00513157015666366,48.0035045829812,0.456032066603587,0.0,0.0,0.0,0.0,0.0,0.0,0.542589784638946,0.29266961396282,1.658989691263348,0.08617769624105233,1.541159071680806,10.73550751941956,9.84594185021674,0.0,4.579852378003801,0.5095214406218703
SYC,2009,0.368,0.294,0.575691282749176,0.655355095863342,0.598137140274048,-0.00688371155411005,0.0398970805108547,48.3706111104564,0.449070568689775,0.0,0.0,0.0,1.0,0.0,0.0,0.6004746128133541,0.30010459245033805,1.7293520090994379,0.08617769624105233,1.556037135706985,10.810092225634174,9.823060329068586,0.0,4.582924577040772,0.542589784638946
SYC,2010,0.374,0.255,0.600197672843933,0.623638272285461,0.856766223907471,-0.0176499783992767,0.10165674239397,47.787536617167,0.455334143132471,0.0,0.0,0.0,0.0,0.0,0.0,0.5416334307502427,0.32208349916911333,1.6473115648621819,0.08617769624105233,1.6094379124341003,10.695241858361538,9.851281138768481,0.0,4.584967478670572,0.6004746128133541
SYC,2011,0.376,0.255,0.606024205684662,0.65059757232666,0.937754094600677,-0.0815465152263641,0.0178980901837349,47.6793592068398,0.459718738002901,0.0,0.0,0.0,1.0,0.0,0.0,0.4593910828955916,0.33647223662121295,1.5262736711733316,0.08617769624105233,1.6331544390514163,10.52150965155423,9.98882579367119,0.0,4.596129441335942,0.5416334307502427
SYC,2012,0.371,0.255,0.579943299293518,0.667813062667847,0.744266331195831,-0.131280049681664,0.0508295893669128,47.8258881788925,0.455831829588891,0.0,0.0,1.0,0.0,0.0,0.0,0.5261771235547534,0.3435897043900769,1.637636566792779,0.08617769624105233,1.6331544390514163,10.636154199695023,10.010763230297314,0.0,4.598145571051127,0.4593910828955916
SYC,2013,0.394,0.255,0.600877046585083,0.550187826156616,0.825588941574097,-0.11013201624155,0.0200760662555695,47.9601063158407,0.461202182369447,2.273,0.0,1.0,0.0,0.0,0.0,0.47514290632785805,0.36464311358790924,1.5539252025038417,0.07696104113612832,1.6695918352538475,10.505840774793736,10.020748219546208,0.0,4.59511985013459,0.5261771235547534
SYC,2014,0.401,0.248,0.577862799167633,0.510952055454254,0.361632436513901,-0.268454760313034,-0.0498686283826828,48.8621458247357,0.454550616744844,2.222,0.0,1.0,0.0,0.0,0.0,0.5523169414644764,0.37156355643248307,1.6793370398137677,0.07696104113612832,1.667706820558076,10.637748365085987,10.126052012826532,0.0,4.61512051684126,0.47514290632785805
SYC,2015,0.425,0.206,1.14188039302826,0.554563462734222,0.674569547176361,0.134930491447449,0.0784763544797897,51.1697311039959,0.452759943290886,2.174,0.0,1.0,1.0,0.0,0.0,0.5884947869733282,0.3784364357202451,1.7083778602890038,0.08617769624105233,1.665818245870208,10.648939546975246,10.143929774919357,0.0,4.61512051684126,0.5523169414644764
SYC,2016,0.493,0.203,1.10088229179382,0.521263897418976,0.715953171253204,-0.0907235071063042,0.157837554812431,50.9532404719331,0.447612184216243,2.0,0.0,1.0,0.0,0.0,0.0,0.7069929609400987,0.4054651081081644,1.7975758545494949,0.09531017980432487,1.713797927758343,10.732952315686024,10.268561026057853,0.0,4.61512051684126,0.5884947869733282
SYC,2017,0.509,0.153,0.8492271900177,0.496195554733276,0.779473781585693,0.0108207138255239,0.187435284256935,51.786874222731,0.434597643282396,1.961,0.0,0.0,0.0,0.0,0.0,0.7350383686038381,0.412109650826833,1.8325814637483102,0.09531017980432487,1.7119945007591926,10.7512351689108,10.33122441796328,0.0,4.61512051684126,0.7069929609400987
SYC,2018,0.517,0.153,0.860159635543823,0.633227169513702,0.673994183540344,0.019313707947731,0.192306637763977,51.7557599446716,0.434999299281167,1.923,0.0,1.0,0.0,0.0,0.0,0.6600821043365894,0.41871033485818504,1.6547936141548976,0.09531017980432487,1.7083778602890038,10.512801690754555,10.376371369610148,0.0,4.61512051684126,0.7350383686038381
SYC,2019,0.527,0.153,1.17574965953827,0.62241393327713,0.65878689289093,0.0288456808775663,0.312127530574799,53.1784927384911,0.431714580513444,7.018,0.0,1.0,0.0,0.0,0.0,0.6016102918197643,0.4510756193602167,1.5762946938408462,0.10436001532424277,1.766441661243765,10.392443692929724,10.4405673408437,0.0,4.61512051684126,0.6600821043365894
SYC,2020,0.579,0.076,1.38889753818512,0.678993999958038,0.701836466789246,0.0210380405187607,0.48148387670517,53.8218050212789,0.430736741781005,11.864,0.0,1.0,0.0,0.0,0.0,0.5749406399868061,0.46373401623214017,1.5249687558076503,0.10436001532424277,1.776645831418007,10.305008224909212,10.343577708266555,0.0,4.61512051684126,0.6016102918197643
SYC,2021,0.632,0.076,1.6004593372345,0.899884402751923,0.744736969470978,0.00621102703735232,0.630645036697388,54.5381953831509,0.434575935977504,13.333,0.0,1.0,1.0,0.0,0.0,0.5471471539144465,0.4700036292457356,1.4829672483801515,0.10436001532424277,1.7715567619105355,10.22900012946029,10.308313365292195,0.0,4.61512051684126,0.5749406399868061
SYC,2022,0.665,0.067,1.69851016998291,0.661873877048492,0.762523114681244,0.327582836151123,0.596247971057892,54.3828491975848,0.437396813004463,14.516,0.0,0.0,0.0,0.0,0.0,0.579953056180732,0.4824261492442927,1.5273598013984935,0.10436001532424277,1.7817091333745536,10.265700876296368,10.308081475659286,0.0,4.61512051684126,0.5471471539144465
TCD,2003,0.097,0.957,-1.46501386165619,-1.17485332489014,-1.37243020534515,-1.0497282743454,-1.10341620445251,26.4519730337102,0.659376230866948,0.0,0.0,0.0,0.0,0.0,0.0,3.3073357168842947,0.10436001532424277,0.676509539406922,0.0295588022415444,0.009950330853168083,4.633572980504278,7.228930101420163,0.0,1.62924053973028,3.2262037678649533
TCD,2004,0.097,0.957,-1.44834578037262,-1.1515417098999,-1.53945684432983,-0.83215993642807,-1.23052859306335,26.8118739610651,0.652433132329856,0.0,0.0,0.0,0.0,0.0,0.0,3.420785174260367,0.11332868530700317,0.7021069219314172,0.0295588022415444,0.009950330853168083,4.6411356064207,7.500646682377792,0.0,1.5040773967762742,3.3073357168842947
TCD,2005,0.097,0.957,-1.53199303150177,-1.39648103713989,-1.44223713874817,-1.20151317119598,-1.3077164888382,26.0142535514234,0.651673787860327,0.0,0.0,0.0,0.0,0.0,0.0,3.480967209256971,0.11332868530700317,0.7400307664587957,0.039220713153281295,0.009950330853168083,4.674024381193265,7.650973403078316,0.0,1.7578579175523736,3.420785174260367
TCD,2006,0.096,0.959,-1.36100935935974,-1.46016418933868,-1.83175504207611,-1.08030891418457,-1.4184205532074,24.4043546820715,0.652735659462619,0.0,0.0,0.0,0.0,0.0,0.0,3.530996159086149,0.11332868530700317,0.7481087386339197,0.039220713153281295,0.009950330853168083,4.653245809219655,7.639931649737739,0.0,1.8082887711792655,3.480967209256971
TCD,2007,0.096,0.959,-1.38899254798889,-1.61005914211273,-1.86808049678802,-1.117924451828,-1.45132219791412,24.5906145052641,0.647235931094773,0.0,0.0,0.0,0.0,0.0,0.0,3.5856778806194503,0.11332868530700317,0.8011043220650376,0.058268908123975775,0.009950330853168083,4.716756282440109,7.673343979179809,0.0,1.8718021769015913,3.530996159086149
TCD,2008,0.095,0.959,-1.53418946266174,-1.55422186851501,-1.96519660949707,-1.15250277519226,-1.44590663909912,23.9826104081977,0.6458701474016,0.0,0.0,0.0,0.0,0.0,0.0,3.6332075350981894,0.1310282624064041,0.8276780735175515,0.058268908123975775,0.009950330853168083,4.729147331807802,7.6877756956429435,0.0,1.9315214116032138,3.5856778806194503
TCD,2009,0.097,0.96,-1.41218447685242,-1.41902196407318,-1.72622966766357,-1.07416117191315,-1.39856195449829,24.254686707457,0.64747135502575,0.0,0.0,0.0,0.0,0.0,0.0,3.6866218239592885,0.15700374880966475,0.8771340166729611,0.058268908123975775,0.009950330853168083,4.7793839633878825,7.644032438270339,0.0,1.9878743481543455,3.6332075350981894
TCD,2010,0.099,0.96,-1.39423859119415,-1.45710134506226,-1.52482771873474,-1.08066415786743,-1.36032783985138,23.8008528667952,0.644084885267353,0.0,0.0,0.0,0.0,0.0,0.0,3.7623307756293194,0.173953307123438,0.9388346963090495,0.058268908123975775,0.019802627296179712,4.847857507568479,7.749619330882429,0.0,2.0014800002101243,3.6866218239592885
TCD,2011,0.1,0.96,-1.35516083240509,-1.37401640415192,-1.31808519363403,-1.03720164299011,-1.35003161430359,23.5008282243138,0.650229823422627,0.0,0.0,0.0,0.0,0.0,0.0,3.8273794461450352,0.18232155679395462,1.1721724917761382,0.058268908123975775,0.019802627296179712,5.168954416738563,7.778699262348115,0.0,2.302585092994046,3.7623307756293194
TCD,2012,0.099,0.96,-1.3309965133667,-1.48623263835907,-1.04411733150482,-1.06983387470245,-1.34274756908417,23.8465191988543,0.646582549955799,4.167,0.0,0.0,0.0,0.0,0.0,3.90449089391164,0.2151113796169455,1.580832655423766,0.14842000511827327,0.019802627296179712,5.6805991392005435,7.798163564280667,0.0,2.174751721484161,3.8273794461450352
TCD,2013,0.094,0.965,-1.37030017375946,-1.38974499702454,-1.08947229385376,-1.00592374801636,-1.37478041648865,23.8850588891712,0.641136184490498,3.571,0.0,0.0,0.0,0.0,0.0,3.9676325616153854,0.2468600779315258,1.610037732506068,0.14842000511827327,0.019802627296179712,5.681386888546032,7.655034071493388,0.0,2.2082744135228043,3.90449089391164
TCD,2014,0.092,0.965,-1.32938849925995,-1.51098120212555,-1.56888270378113,-1.16216695308685,-1.33087944984436,24.1549372067949,0.640824453104004,3.333,0.0,0.0,0.0,0.0,0.0,4.032969695808444,0.26236426446749106,1.6409365794934714,0.14842000511827327,0.019802627296179712,5.684270005260146,7.66583984424232,0.0,2.2407096892759584,3.9676325616153854
TCD,2015,0.093,0.965,-1.38182151317596,-1.49103915691376,-0.973281741142273,-1.22344315052032,-1.33516001701355,23.5853382017261,0.647435670629029,3.333,0.0,0.0,1.0,0.0,0.0,4.127098547014982,0.26236426446749106,1.6521141867145368,0.14842000511827327,0.019802627296179712,5.666347100170309,7.774230096965598,0.0,2.1633230256605382,4.032969695808444
TCD,2016,0.093,0.965,-1.51151919364929,-1.55941104888916,-1.30189418792725,-1.18124747276306,-1.36306011676788,23.8725687075802,0.655204421725884,6.452,0.0,0.0,0.0,0.0,0.0,4.188205280075018,0.27002713721306015,1.6420986946736489,0.14842000511827327,0.019802627296179712,5.62272425152134,7.659684215164924,0.0,2.322387720290225,4.127098547014982
TCD,2017,0.085,0.939,-1.45586037635803,-1.50938868522644,-1.28639268875122,-1.22570562362671,-1.37168288230896,24.2830425765818,0.651307465368957,6.25,0.0,0.0,0.0,0.0,0.0,4.253271951810621,0.2776317365982795,2.0432960950434826,0.14842000511827327,0.019802627296179712,6.065894610241977,7.648808544855628,0.0,2.4765384001174837,4.188205280075018
TCD,2018,0.079,0.938,-1.40442442893982,-1.56226944923401,-1.47801554203033,-1.12444484233856,-1.46530628204346,24.5370068869146,0.649153960782249,5.882,0.0,0.0,0.0,0.0,0.0,4.310362949431954,0.29266961396282,2.062803900526813,0.14842000511827327,0.019802627296179712,6.054678754228716,7.709224594449673,0.0,2.4069451083182885,4.253271951810621
TCD,2019,0.089,0.938,-1.417515873909,-1.60712659358978,-1.35045111179352,-1.12440085411072,-1.4343535900116,24.5269843559255,0.64958235224246,5.714,0.0,0.0,0.0,0.0,0.0,4.362191228427095,0.30010459245033805,2.083059987202547,0.14842000511827327,0.019802627296179712,6.045704121945581,7.76329907557276,0.0,2.2407096892759584,4.310362949431954
TCD,2020,0.089,0.938,-1.42523777484894,-1.51073718070984,-1.25522029399872,-1.12530958652496,-1.40327632427216,25.0620857349366,0.640172375853037,5.714,0.0,0.0,0.0,0.0,0.0,4.3601877200552925,0.30010459245033805,2.12835074638271,0.14842000511827327,0.019802627296179712,6.065372320651871,7.690281604450908,0.0,2.4765384001174837,4.362191228427095
TCD,2021,0.054,0.949,-1.49649703502655,-1.46098041534424,-1.38986551761627,-1.17182517051697,-1.41166150569916,25.1365312967295,0.635523495050601,4.651,0.0,0.0,1.0,0.0,0.0,4.406686479573325,0.3576744442718159,2.2242991745955014,0.14842000511827327,0.019802627296179712,6.138991912562678,7.7981424914836435,0.0,2.509599262378372,4.3601877200552925
TCD,2022,0.04,0.957,-1.48853802680969,-1.42367351055145,-1.47040486335754,-1.14935708045959,-1.47125339508057,24.9261924952037,0.640173477539382,5.128,0.0,0.0,0.0,0.0,0.0,4.470348826288011,0.3293037471426004,2.2266754988936954,0.14842000511827327,0.019802627296179712,6.107176550768449,7.872881087213324,0.0,2.5416019934645457,4.406686479573325
TGO,2003,0.174,0.807,-0.902238726615906,-1.29204165935516,-0.185996636748314,-0.687587141990662,-1.18086850643158,36.6700759059221,0.519319061819565,66.667,0.0,0.0,0.0,0.0,0.06765864847381481,3.301853208071652,0.49469624183610705,1.8633046363911507,0.0,0.11332868530700317,6.889371324893076,7.272989733883684,0.0,3.1780538303479458,3.267086152735214
TGO,2004,0.174,0.807,-0.943994402885437,-1.38801848888397,-0.314870864152908,-0.864377677440643,-1.231241106987,36.570958501515,0.518536899036852,42.105,0.0,0.0,0.0,0.0,0.06765864847381481,3.323627414860236,0.5187937934151676,1.8572350511869664,0.019802627296179712,0.11332868530700317,6.856406193564612,7.264031742614966,0.0,3.250374491927572,3.301853208071652
TGO,2005,0.152,0.802,-0.873771250247955,-1.45624136924744,-1.44021821022034,-0.842335879802704,-1.22173345088959,36.3963962797854,0.515880805681788,36.842,0.0,0.0,0.0,0.0,0.06765864847381481,3.3504711549901085,0.5306282510621704,1.8362547091146062,0.019802627296179712,0.11332868530700317,6.806018190775077,7.2214783201189725,0.0,3.3141860046725258,3.323627414860236
TGO,2006,0.182,0.785,-1.04960680007935,-1.49391078948975,-0.527322232723236,-0.919539630413055,-1.19514667987823,34.4739134943236,0.514677159935486,40.909,0.0,0.0,0.0,0.0,0.06765864847381481,3.3695422296029074,0.5423242908253616,1.7222307399092225,0.019802627296179712,0.11332868530700317,6.641008525422469,7.249974012789417,0.0,3.3638415951183864,3.3504711549901085
TGO,2007,0.197,0.785,-0.99727338552475,-1.52461135387421,-0.341404855251312,-0.975777387619019,-1.0676943063736,34.9918934353852,0.513659393568733,52.632,0.0,0.0,0.0,0.0,0.06765864847381481,3.3913850992585046,0.5306282510621704,1.883578714319214,0.019802627296179712,0.10436001532424277,6.804928218082636,7.235763667610693,0.0,3.4339872044851463,3.3695422296029074
TGO,2008,0.235,0.768,-0.975757539272308,-1.4815468788147,-0.168963000178337,-0.973068416118622,-0.988219559192657,34.926732157688,0.512068647407065,69.231,0.0,1.0,1.0,0.0,0.06765864847381481,3.4264269274438837,0.5877866649021191,2.0407007133634054,0.019802627296179712,0.12221763272424921,6.958819997248156,7.26564394151689,0.0,3.4904285153900982,3.3913850992585046
TGO,2009,0.236,0.766,-1.03230965137482,-1.3565925359726,-0.165575549006462,-0.87742692232132,-0.978557884693146,34.3782962652304,0.516676053838374,73.333,0.0,0.0,0.0,0.0,0.06765864847381481,3.488770333785305,0.6312717768418579,2.560091422935765,0.019802627296179712,0.12221763272424921,7.508202021397675,7.296537593204518,0.0,3.5467396869528134,3.4264269274438837
TGO,2010,0.237,0.754,-0.96742308139801,-1.38399815559387,-0.179348394274712,-0.887266576290131,-0.952039062976837,34.943476300272,0.510477975597596,40.909,0.0,1.0,0.0,0.0,0.06765864847381481,3.5033208049109827,0.6575200029167942,2.5172931654871538,0.13976194237515868,0.1310282624064041,7.434573929782105,7.338273062710967,0.0,3.459466289786131,3.488770333785305
TGO,2011,0.24,0.754,-1.026531457901,-1.37212538719177,-0.162598490715027,-1.01898193359375,-0.903721451759338,34.9581894420857,0.506145027775102,47.619,0.0,1.0,0.0,0.0,0.06765864847381481,3.518220940450076,0.7227059828014898,2.4504877229175412,0.13976194237515868,0.13976194237515868,7.334802475956851,7.388316396536669,0.0,3.7062280924485496,3.5033208049109827
TGO,2012,0.24,0.74,-1.00771832466125,-1.29685842990875,-0.386457771062851,-0.855400681495667,-0.995809435844421,35.0919712266809,0.505168842241433,28.125,0.0,1.0,0.0,0.0,0.06765864847381481,3.546062867540332,0.8241754429663495,2.3570732782781154,0.13976194237515868,0.16551443847757338,7.205838570720627,7.4062934627902015,0.0,3.6913763343125234,3.518220940450076
TGO,2013,0.244,0.741,-1.03498148918152,-1.28965044021606,-0.353710830211639,-0.9409259557724,-0.904566287994385,35.103208905361,0.50974301029062,12.5,0.0,1.0,0.0,0.0,0.06765864847381481,3.5590476265147104,0.6830968447064438,2.344686269012681,0.13976194237515868,0.1310282624064041,7.166563227246851,7.447961478517977,0.0,3.7376696182833684,3.546062867540332
TGO,2014,0.258,0.741,-0.900183320045471,-1.26683342456818,-0.16712686419487,-0.845188200473785,-0.766875028610229,36.1658807752177,0.508778619644233,34.286,0.0,0.0,0.0,0.0,0.06765864847381481,3.5687509011075487,1.0367368849500223,2.2762411176544437,0.13976194237515868,0.2151113796169455,7.065334076095042,7.497843798262083,0.0,3.8437441646748516,3.5590476265147104
TGO,2015,0.261,0.739,-0.754961371421814,-1.22630846500397,-0.232123047113419,-0.863928973674774,-0.70099675655365,37.4233226550104,0.503791232907607,13.636,0.0,1.0,1.0,0.0,0.06765864847381481,3.5856736898941715,0.6981347220709844,1.9617834982116036,0.13976194237515868,0.12221763272424921,6.682816366971984,7.539382500716416,0.0,3.822098297900159,3.5687509011075487
TGO,2016,0.268,0.739,-0.708207964897156,-1.11861634254456,-0.17511710524559,-0.834297657012939,-0.545822978019714,38.2745817688651,0.505427305671321,21.277,0.0,1.0,0.0,0.0,0.06765864847381481,3.6228940498168747,0.9895411936137477,2.267268747866478,0.13976194237515868,0.1988508587451652,7.004945508566638,7.567307486420888,0.0,3.86702563949741,3.5856736898941715
TGO,2017,0.244,0.723,-0.735369741916656,-1.16570484638214,-0.874444663524628,-0.832186579704285,-0.625110149383545,38.5272288211627,0.504458496691801,25.926,0.0,1.0,0.0,0.0,0.06765864847381481,3.6313073217420233,0.9360933591703348,2.2149553430330715,0.13976194237515868,0.173953307123438,6.921581258115474,7.594142774912848,0.0,3.8918202981106265,3.6228940498168747
TGO,2018,0.222,0.728,-0.749250173568726,-1.09388375282288,-0.885994553565979,-0.70613569021225,-0.759019196033478,38.786297661342,0.498122048486336,35.0,0.0,1.0,1.0,0.0,0.06765864847381481,3.6585045839795143,0.9082585601768908,2.3880285748115133,0.13976194237515868,0.16551443847757338,7.089078003776118,7.634369357741316,0.0,3.9318256327243257,3.6313073217420233
TGO,2019,0.2,0.73,-0.746111989021301,-0.972673833370209,-0.908257663249969,-0.744945108890533,-0.730398118495941,39.6683656928769,0.495306940192048,21.311,0.0,1.0,0.0,0.0,0.06765864847381481,3.6698764080402286,0.8960880245566356,2.349468678892896,0.13976194237515868,0.15700374880966475,7.02209773596323,7.703323278500556,0.0,3.979681653901961,3.6585045839795143
TGO,2020,0.243,0.729,-0.730152428150177,-0.73015683889389,-0.890698075294495,-0.664301931858063,-0.75061160326004,40.7910104632394,0.498821310512824,14.754,0.0,1.0,0.0,0.0,0.06765864847381481,3.685657000832912,0.8837675401685949,2.305979326062061,0.13976194237515868,0.14842000511827327,6.949892887702386,7.776982266463934,0.0,4.009149716158869,3.6698764080402286
TGO,2021,0.224,0.756,-0.690799415111542,-0.686272263526917,-0.695706963539124,-0.646790862083435,-0.793219268321991,40.9687793435521,0.498718011658204,22.535,0.0,1.0,1.0,0.0,0.06765864847381481,3.695444268932418,0.9202827531436926,2.490640181635761,0.13976194237515868,0.15700374880966475,7.1290595398382255,7.878462584742853,0.0,4.037774210733707,3.685657000832912
TGO,2022,0.225,0.732,-0.637628197669983,-0.645623385906219,-0.788051605224609,-0.562867999076843,-0.755017638206482,41.0829781547961,0.502098426507944,20.0,0.0,1.0,0.0,0.0,0.06765864847381481,3.7049128566551683,1.1085626195212777,2.5475684109127115,0.13976194237515868,0.1988508587451652,7.1674498290853075,7.984808046810711,0.0,4.063885354737392,3.695444268932418
TJK,2003,0.088,0.922,-1.14774608612061,-1.14207339286804,-1.09949171543121,-1.0894900560379,-1.14990878105164,43.2070752002489,0.40689334740279,98.97,0.0,1.0,1.0,0.0,1.6213664832993742,2.55606346888276,2.8633430855082453,3.582212529920411,0.0,1.247032293786383,8.566054400680954,7.241829530108437,0.0,4.61512051684126,2.6019526094303638
TJK,2004,0.085,0.922,-1.31920981407166,-0.978848516941071,-1.30745339393616,-1.12121140956879,-1.22227311134338,42.5974195394333,0.406187686999613,99.09,0.0,0.0,0.0,0.0,1.6213664832993742,2.7128402443411357,2.8820035082256483,3.6295274596636653,0.0,1.247032293786383,8.59505142254962,7.346701596939868,0.0,4.600157644164547,2.55606346888276
TJK,2005,0.075,0.922,-1.17604744434357,-1.15841937065125,-1.39246213436127,-1.12793004512787,-1.26609790325165,44.0073068857366,0.408861664112762,99.298,0.0,0.0,0.0,0.0,1.6253112615903906,2.680957628399079,2.9090844668283187,3.6402930191902922,0.0,1.252762968495368,8.586536961331134,7.4228121881983595,0.0,4.60816569496789,2.7128402443411357
TJK,2006,0.072,0.925,-1.04283225536346,-1.07245790958405,-1.3861448764801,-1.10614681243896,-1.35194134712219,40.9737290117771,0.404183563298834,98.641,0.0,0.0,0.0,0.0,1.6253112615903906,2.729923821578018,2.919930560137709,3.6237274114772,0.0,1.2499017362143359,8.550542277177392,7.501795271552577,0.0,4.601162164590552,2.680957628399079
TJK,2007,0.071,0.928,-1.04096925258636,-1.12784206867218,-0.752052187919617,-1.13235282897949,-1.29212081432343,41.1305641773569,0.401347930593202,97.827,0.0,0.0,1.0,0.0,1.6253112615903906,2.825342590190153,2.922623801733353,3.4967802515558852,0.0,1.2383742310432684,8.400686341088837,7.58437762285972,0.0,4.601162164590552,2.729923821578018
TJK,2008,0.072,0.928,-1.18693053722382,-1.09022438526154,-0.830599308013916,-1.07706034183502,-1.35568141937256,41.0951127895146,0.397797832650263,97.833,0.0,0.0,1.0,0.0,1.6272778305624314,2.756013877839645,2.8920370372152258,3.4144097131342903,0.0,1.199964782928397,8.295857504929169,7.6596516565774,0.0,4.601162164590552,2.825342590190153
TJK,2009,0.072,0.928,-1.22176921367645,-1.12183570861816,-1.02539455890656,-1.06424653530121,-1.33212602138519,41.1181283887986,0.396352288759749,98.635,0.0,1.0,1.0,0.0,1.752672080520008,2.708493894681521,2.8437459165561094,3.3042458555857053,0.0,1.1505720275988207,8.161282812266201,7.68356983501417,0.0,4.605170185988092,2.756013877839645
TJK,2010,0.067,0.928,-1.297203540802,-0.931619644165039,-1.03453838825226,-1.01026976108551,-1.43107783794403,40.2845162745597,0.393958607909386,99.757,0.0,1.0,1.0,0.0,1.752672080520008,2.7042305730280836,2.8673305587494666,3.33843505992584,0.0,1.1537315878891892,8.175346337379773,7.7372142117709615,0.0,4.603168183317418,2.708493894681521
TJK,2011,0.067,0.928,-1.23177170753479,-0.957298815250397,-1.02323389053345,-0.977914988994598,-1.38084805011749,40.5299769520739,0.402236002310681,99.754,0.0,1.0,1.0,0.0,1.7544036826842861,2.705542504447868,2.845490610223448,3.332882851478282,0.0,1.1216775615991057,8.147280441652331,7.80668529498078,0.0,4.604169685654508,2.7042305730280836
TJK,2012,0.065,0.928,-1.28034162521362,-0.936370611190796,-1.24085974693298,-1.01184451580048,-1.42240357398987,40.5509464654793,0.396485877505444,99.588,0.0,0.0,0.0,0.0,1.7647307968401358,2.7295556399144827,2.851284369188118,3.431370881669703,0.0,1.1118575154181303,8.225304952100721,7.89359792992051,0.0,4.6061696863211745,2.705542504447868
TJK,2013,0.054,0.939,-1.28762102127075,-1.06848573684692,-1.18237400054932,-1.06614553928375,-1.5042804479599,40.8802682023474,0.392736848871124,99.766,0.0,0.0,1.0,0.0,1.766441661243765,2.7294726946432273,2.843163674909384,3.4857223367318433,0.0,1.0885619528146082,8.256458877856746,7.979188363410227,0.0,4.605170185988092,2.7295556399144827
TJK,2014,0.054,0.939,-1.13246428966522,-0.792752921581268,-0.69334077835083,-1.0368640422821,-1.49567449092865,41.9079992557351,0.387142929085956,99.01,0.0,1.0,1.0,0.09531017980432487,1.7850704810772584,2.8072680009334148,2.7644305345383176,3.5839632841643763,0.0,1.0188473201992472,8.33253234060634,8.056022287485934,0.0,4.6061696863211745,2.7294726946432273
TJK,2015,0.044,0.939,-1.1481910943985,-0.904914379119873,-0.882318019866943,-1.06418442726135,-1.56938183307648,42.3954122569013,0.386570292245911,99.068,0.0,1.0,1.0,0.09531017980432487,1.7850704810772584,2.8396023168650024,2.822568654544802,3.56334457540809,0.0,1.0402767116551463,8.285761891392902,7.998493641079721,0.0,4.59511985013459,2.8072680009334148
TJK,2016,0.04,0.923,-1.1630334854126,-1.0909241437912,-0.78061830997467,-1.11853158473969,-1.68984246253967,44.3050707514789,0.381683306422346,96.462,0.0,1.0,0.0,0.33647223662121295,1.7850704810772584,2.8857891186482494,2.827905162910489,3.6425213301357866,0.0,1.0296194171811583,8.341799978125302,7.977575970810921,0.0,4.60816569496789,2.8396023168650024
TJK,2017,0.043,0.927,-1.34637212753296,-1.18244826793671,-0.674310863018036,-1.09777295589447,-1.72194194793701,44.8680234168964,0.361103195652859,94.589,0.0,1.0,0.0,0.33647223662121295,1.7850704810772584,2.966553310363574,2.8791984572980396,3.6570791415641386,0.0,1.0473189942805592,8.332200309809119,8.012350682691578,0.0,4.60816569496789,2.8857891186482494
TJK,2018,0.049,0.891,-1.42863714694977,-1.16375720500946,-0.747715353965759,-1.10057985782623,-1.6990247964859,45.9358887903886,0.346071372068951,93.161,0.0,1.0,0.0,0.33647223662121295,1.7850704810772584,3.0239046441222803,2.9096295745005794,3.7294934269991913,0.0,1.0508216248317612,8.382382352077299,8.029466667629922,0.0,4.60816569496789,2.966553310363574
TJK,2019,0.043,0.905,-1.34564983844757,-1.11675369739532,-0.51205986738205,-1.06183338165283,-1.79590904712677,46.2348122650511,0.343692576097024,91.46,0.0,1.0,0.0,0.33647223662121295,1.9050881545350582,3.059936948631089,2.9481164196123277,3.80994598209338,0.0,1.0647107369924282,8.441087008784436,8.149305230440904,0.0,4.609162207257629,3.0239046441222803
TJK,2020,0.043,0.837,-1.34522652626038,-0.759225845336914,-0.500074505805969,-1.07205772399902,-1.77792489528656,45.9065344626496,0.353171580441205,90.1,0.0,1.0,0.0,0.33647223662121295,1.9050881545350582,3.0828212313298744,2.976039640208255,3.8573767276481163,0.0,1.068153081183401,8.466804119675091,8.203840364624286,0.0,4.61015772749913,3.059936948631089
TJK,2021,0.041,0.843,-1.35433459281921,-0.645049810409546,-0.676811933517456,-1.15477156639099,-1.70138382911682,46.0291180173649,0.355796530971016,90.058,0.0,1.0,1.0,0.33647223662121295,1.9050881545350582,3.0803447571732967,2.9601050959108397,3.860898117911994,0.0,1.0438040521731147,8.44832188396865,8.290772394823417,0.0,4.611152257665639,3.0828212313298744
TJK,2022,0.041,0.847,-1.43427646160126,-0.757130861282349,-0.740999102592468,-1.19797742366791,-1.6736581325531,45.822686030494,0.353911014666171,92.694,0.0,1.0,0.0,0.33647223662121295,1.9080599249242156,3.0901742281130615,2.9927277645336923,3.9145398355524206,0.0,1.0508216248317612,8.481713567653317,8.41519925224875,0.0,4.61512051684126,3.0803447571732967
TKM,2003,0.014,0.905,-1.01513183116913,-1.41546761989594,0.0532155409455299,-1.74426674842834,-1.9572502374649,40.4006060738155,0.381617892970858,0.0,0.0,0.0,0.0,0.0,0.0,4.346327929474341,2.373043556642607,5.129685674480091,0.0,1.0986122886681096,10.449699624972375,8.420064879121698,0.0,4.611152257665639,4.216494512555034
TKM,2004,0.014,0.905,-1.27052068710327,-1.54980719089508,-0.115211933851242,-1.84140944480896,-1.98201262950897,38.9737092064638,0.381031024931202,0.0,0.0,0.0,0.0,0.0,0.0,4.394760603444135,2.463853240590168,5.2372129421447475,0.0,1.1537315878891892,10.538645332906116,8.476194759347205,0.0,4.61015772749913,4.346327929474341
TKM,2005,0.014,0.905,-1.3477623462677,-1.56691956520081,0.0727133899927139,-1.78907322883606,-2.0011305809021,38.5690264281404,0.380484592252858,0.0,0.0,0.0,0.0,0.0,0.0,4.3988278044200095,2.5305171610400525,5.171863724591607,0.0,1.1908875647772805,10.454120255970487,8.61074645088367,0.0,4.61015772749913,4.394760603444135
TKM,2006,0.014,0.905,-1.39920389652252,-1.51765394210815,-0.244654402136803,-2.08757138252258,-2.08871555328369,38.2942221617131,0.380539316245636,0.0,0.0,0.0,0.0,0.0,0.0,4.446866300231463,2.58851563240702,5.19872904854663,0.0,1.220829921392359,10.462538123623741,8.72661911385035,0.0,4.613138355637268,4.3988278044200095
TKM,2007,0.023,0.905,-1.40573811531067,-1.40627419948578,0.277233392000198,-2.0094952583313,-2.15612840652466,38.331436999522,0.379610143323874,0.0,0.0,0.0,0.0,0.0,0.0,4.499061114184719,2.668616131856803,5.117760252209561,0.0,1.269760544863939,10.362447265369424,8.839569049128036,0.0,4.611152257665639,4.446866300231463
TKM,2008,0.025,0.913,-1.39833152294159,-1.40183234214783,0.537688016891479,-1.95910382270813,-2.10970687866211,38.5464445257916,0.378371057319176,0.0,0.0,0.0,0.0,0.0,0.0,4.540061134068173,2.67827804276854,5.0492917455197235,0.0,1.264126727145683,10.274481843519501,8.976710521634999,0.0,4.611152257665639,4.499061114184719
TKM,2009,0.023,0.925,-1.43222260475159,-1.38866555690765,0.485472977161407,-1.9673525094986,-2.08251118659973,38.5800612726927,0.376559773727564,0.0,0.0,0.0,0.0,0.0,0.0,4.405223834568225,2.7350166493320245,5.427761040824202,0.0,1.2919836816486494,10.635229120340533,9.02232490722967,0.0,4.612145799724517,4.540061134068173
TKM,2010,0.023,0.925,-1.43577635288239,-1.52704012393951,0.334105610847473,-2.06142497062683,-2.04029369354248,38.7860929812322,0.375066161650224,0.0,0.0,0.0,0.0,0.0,0.0,4.488525884844112,2.7245795030534206,5.512480716281466,0.0,1.269760544863939,10.69983477410837,9.10193258335774,0.0,4.61512051684126,4.405223834568225
TKM,2011,0.023,0.925,-1.44598138332367,-1.51512265205383,0.234129071235657,-2.05092811584473,-2.16572093963623,38.7406459199164,0.375474372573618,0.0,0.0,0.0,0.0,0.0,0.0,4.561027994152642,2.7517480563679295,5.59090115593251,0.0,1.275362800412609,10.757387790609265,9.23831798489872,0.0,4.613138355637268,4.488525884844112
TKM,2012,0.023,0.925,-1.31468987464905,-1.12933874130249,0.428087890148163,-2.11408996582031,-2.25042843818665,39.5704706558436,0.374709185239927,0.0,0.0,0.0,1.0,0.0,0.0,4.600886898949908,2.7744619666214616,5.757550703864384,0.0,1.2781522025001875,10.902829833285503,9.308958825934,0.0,4.6141299273595635,4.561027994152642
TKM,2013,0.025,0.931,-1.28568112850189,-1.13669443130493,0.249095499515533,-2.13228559494019,-2.21650719642639,39.7975949839398,0.374288018676883,0.0,0.0,0.0,0.0,0.0,0.0,4.590597905671254,2.834389123145228,5.593413139483183,0.0,1.308332819650179,10.715862213927945,9.369376978536325,0.0,4.6141299273595635,4.600886898949908
TKM,2014,0.025,0.931,-1.17745840549469,-0.526086628437042,0.0742060318589211,-2.09784650802612,-2.25926470756531,40.4755777125547,0.374020565818503,0.0,0.0,0.0,0.0,0.0,0.0,4.57644400210019,2.900871992530031,5.651446531636271,0.0,1.3428648031925547,10.751474346982327,9.431685061174754,0.0,4.61512051684126,4.590597905671254
TKM,2015,0.025,0.931,-1.22591376304626,-0.599104762077332,-0.0895711407065392,-2.10210704803467,-2.23770475387573,40.3814974211677,0.372206410124467,0.0,0.0,0.0,1.0,0.0,0.0,4.634314284133525,3.012097627640255,5.7784198304711865,0.0,1.4134230285081433,10.856005945926901,9.450601672980042,0.0,4.61512051684126,4.57644400210019
TKM,2016,0.025,0.931,-1.39584314823151,-0.912186086177826,-0.195148065686226,-2.11545777320862,-2.17106986045837,39.5351628839467,0.371465361169527,0.0,0.0,0.0,0.0,0.0,0.0,4.615586640854224,3.012097627640255,5.856975553272595,0.0,1.3962446919730587,10.911849916685151,9.466560509309739,0.0,4.61512051684126,4.634314284133525
TKM,2017,0.027,0.911,-1.36912357807159,-1.01174581050873,-0.128823027014732,-1.99927318096161,-2.16016387939453,39.7856748052964,0.371545487290886,0.0,0.0,0.0,0.0,0.0,0.0,4.658096212546618,3.076851324838783,5.782516634246317,0.0,1.430311246536665,10.81431699870018,9.49396946986177,0.0,4.61512051684126,4.615586640854224
TKM,2018,0.03,0.911,-1.38282227516174,-1.08992314338684,-0.0128814298659563,-2.00086236000061,-2.15293836593628,39.7305163756665,0.372243896067894,0.0,0.0,0.0,0.0,0.0,0.0,4.675567070930565,3.1424266527047946,5.903747466622751,0.0,1.4655675420143985,10.913340282489541,9.572860549232235,0.0,4.61512051684126,4.658096212546618
TKM,2019,0.035,0.913,-1.39404201507568,-1.01773571968079,-0.178114116191864,-2.02918887138367,-2.18394660949707,39.7730388395196,0.371322147600708,0.0,0.0,0.0,0.0,0.0,0.0,4.667775290271453,3.0106208860477417,5.8627131406966155,0.0,1.3454723665996355,10.850138047350548,9.647221699584662,0.0,4.6141299273595635,4.675567070930565
TKM,2020,0.033,0.909,-1.43457841873169,-1.02376997470856,-0.20164081454277,-2.05459833145142,-2.02786159515381,39.5537483655914,0.372484069419212,0.0,0.0,0.0,0.0,0.0,0.0,4.700639943338969,3.159550358783386,6.098660627086388,0.0,1.4469189829363254,11.065454380461802,9.62191607214281,0.0,4.61512051684126,4.667775290271453
TKM,2021,0.034,0.909,-1.43960976600647,-0.961421966552734,-0.331976592540741,-2.0308940410614,-1.90989995002747,39.6175091865501,0.372539908125288,0.035,0.0,0.0,0.0,0.0,0.0,4.856460679132076,3.265759410767051,6.099863691454025,0.0,1.515127232962859,11.046415597425177,9.707176998750574,0.0,4.61512051684126,4.700639943338969
TKM,2022,0.032,0.909,-1.43713247776031,-1.15899753570557,-0.110257938504219,-2.06706070899963,-1.94626450538635,39.7618334041741,0.371705803261573,0.031,0.0,0.0,0.0,0.0,0.0,4.904625439375,3.202746442938317,6.158611127493287,0.0,1.449269160281279,11.085997493636604,9.816900337242473,0.0,4.61512051684126,4.856460679132076
TTO,2003,0.64,0.143,0.0605971701443195,0.473294764757156,-0.250032126903534,0.677086234092712,0.613744556903839,48.1153955657319,0.387880029681844,0.155,0.0,0.0,0.0,0.0,0.0,3.4372598680833866,2.0068708488450007,5.048470432399277,0.08617769624105233,1.75958057086382,11.658083353442727,9.838609876397253,0.0,4.581901559048737,3.2973467841713524
TTO,2004,0.64,0.143,-0.0189415775239468,0.408443540334702,-0.0683272704482079,0.629554688930511,0.574701726436615,48.1263397936603,0.387122437659814,0.311,0.0,0.0,0.0,0.0,0.0,3.503839595124199,2.005525858729668,5.14037617847946,0.08617769624105233,1.7544036826842861,11.74558707946597,9.936668226947038,0.0,4.582924577040772,3.4372598680833866
TTO,2005,0.639,0.143,0.0196533296257257,0.185300454497337,-0.121956370770931,0.596351504325867,0.613131701946259,49.3465607072872,0.387554191907929,0.284,0.0,0.0,0.0,0.0,0.0,3.694808979901778,2.085672091430472,5.237669931971393,0.08617769624105233,1.8261608959453874,11.838493263722897,10.06633007174328,0.0,4.564348191467836,3.503839595124199
TTO,2006,0.642,0.143,-0.125168323516846,0.115620285272598,-0.237762182950974,0.670382082462311,0.608323812484741,45.1203459634528,0.384872366147691,0.418,0.0,1.0,1.0,0.0,0.0,3.7931286403129847,2.1004689088719113,5.384247325682768,0.08617769624105233,1.8373699804801074,11.980875524584475,10.218092086669442,0.0,4.61512051684126,3.694808979901778
TTO,2007,0.642,0.143,-0.0488396696746349,0.243874251842499,-0.188574343919754,0.657228648662567,0.545622229576111,45.5854433211672,0.385268748460321,0.26,0.0,0.0,0.0,0.0,0.0,3.8126853813027752,2.1610215286722587,5.404369642884264,0.08617769624105233,1.891604804197771,11.996191058079209,10.287236189484785,0.0,4.61512051684126,3.7931286403129847
TTO,2008,0.646,0.143,-0.0788561478257179,0.230824679136276,-0.117300540208817,0.663967788219452,0.533641874790192,45.4741083086449,0.385819143461353,0.259,0.0,0.0,0.0,0.0,0.0,3.7892945533441784,2.166765369851511,5.389468911203503,0.08617769624105233,1.891604804197771,11.976321078038527,10.33553892149173,0.0,4.61512051684126,3.8126853813027752
TTO,2009,0.646,0.15,-0.0540622100234032,0.34997147321701,-0.14176744222641,0.571554780006409,0.554204344749451,45.4561013187579,0.386997282646721,0.255,0.0,0.0,0.0,0.0,0.0,3.7634408308717826,2.179286876649552,5.382162068243083,0.08617769624105233,1.900613874140137,11.963916386476168,10.295618131216226,0.0,4.605170185988092,3.7892945533441784
TTO,2010,0.654,0.161,-0.208101376891136,0.339617520570755,-0.0508231818675995,0.539660513401031,0.523346245288849,45.4449231535178,0.386446785958367,0.0,0.0,0.0,0.0,0.0,0.0,3.85347055747385,2.2491843162669305,5.457545136115578,0.08617769624105233,1.9629077254238845,12.034138668536588,10.334598078911938,0.0,4.61512051684126,3.7634408308717826
TTO,2011,0.659,0.161,-0.135050490498543,0.391060173511505,0.141080409288406,0.521160542964935,0.520742893218994,45.8975799423678,0.384769273589993,0.0,0.0,1.0,1.0,0.0,0.0,3.8488608842389276,2.278292400425001,5.444752644777583,0.019802627296179712,1.9851308622085946,12.015296823937936,10.344281096198708,0.0,4.590056548178043,3.85347055747385
TTO,2012,0.659,0.161,-0.182379499077797,0.481707990169525,0.104277603328228,0.245129808783531,0.501116394996643,46.3317628060316,0.374573131930209,0.0,0.0,0.0,0.0,0.0,0.0,3.771472288380162,2.3145136638593193,5.424597532458367,0.019802627296179712,2.0149030205422647,11.988750591371895,10.369866801279493,0.0,4.61512051684126,3.8488608842389276
TTO,2013,0.631,0.161,-0.253159582614899,0.416308283805847,0.0936860963702202,0.210611492395401,0.4822678565979,46.5563747391299,0.373568285613854,0.0,0.0,1.0,0.0,0.0,0.0,3.754948756967743,2.3513752571634776,5.436247196847744,0.019802627296179712,2.0451088625993306,11.994170169670099,10.365559976640691,0.0,4.61512051684126,3.771472288380162
TTO,2014,0.63,0.161,-0.464948713779449,0.334856331348419,0.247864335775375,0.145356744527817,0.473095655441284,46.2832702566143,0.373036964348084,0.0,0.0,0.0,0.0,0.0,0.0,3.7513282344796974,2.3427668826268775,5.437357309213687,0.019802627296179712,2.030776369698555,11.98930423599714,10.37435112741346,0.0,4.61512051684126,3.754948756967743
TTO,2015,0.645,0.161,-0.365587830543518,0.253430962562561,0.279361039400101,0.0581909343600273,0.48047286272049,46.8240462005844,0.373765778801013,0.104,0.0,0.0,1.0,0.0,0.0,3.7424436665284455,2.3580197998821464,5.405538150832741,0.019802627296179712,2.0412203288596382,11.95169054962181,10.30315129439032,0.0,4.61512051684126,3.7513282344796974
TTO,2016,0.638,0.097,-0.303713291883469,0.247078120708466,0.277257770299911,-0.0219570603221655,0.558126986026764,46.8073197493045,0.367920809900233,0.106,0.0,1.0,0.0,0.0,0.0,3.6615552096286312,2.343727036325221,5.282050780084091,0.019802627296179712,2.0228711901914416,11.822137187261763,10.248235524421775,0.0,4.61512051684126,3.7424436665284455
TTO,2017,0.634,0.118,-0.393758773803711,0.225861236453056,0.269299238920212,0.00984762702137232,0.554587185382843,46.5387785180686,0.367313506615646,0.107,0.0,0.0,0.0,0.0,0.0,3.6367935871828347,2.334083760053417,5.337860143217911,0.019802627296179712,2.0082140323914683,11.87251187048848,10.257141889081483,0.0,4.61512051684126,3.6615552096286312
TTO,2018,0.628,0.104,-0.379655539989471,0.206794902682304,0.230739146471024,-0.131842151284218,0.546069979667664,46.5030518717781,0.364700093642464,0.108,0.0,1.0,0.0,0.0,0.0,3.639866376919526,2.325324579963535,5.273199538566413,0.019802627296179712,1.9851308622085946,11.790202381051396,10.26375448637876,0.0,4.61512051684126,3.6367935871828347
TTO,2019,0.64,0.094,-0.256703823804855,0.0879577919840813,0.0815905556082726,-0.192311719059944,0.596668660640717,46.3427748701442,0.372842690728015,0.109,0.0,1.0,0.0,0.0,0.0,3.660370357949978,2.322387720290225,5.279149837534241,0.019802627296179712,1.9740810260220096,11.786457901817567,10.285916193941201,0.0,4.61512051684126,3.639866376919526
TTO,2020,0.632,0.098,-0.16006164252758,0.173967272043228,0.110414087772369,-0.177748173475266,0.641143441200256,46.5572565045639,0.37457124081302,0.108,0.0,1.0,0.0,0.0,0.0,3.5647758745545586,2.325324579963535,5.1378140513930015,0.019802627296179712,1.9782390361706734,11.646957028738306,10.193629932485413,0.0,4.61512051684126,3.660370357949978
TTO,2021,0.642,0.085,-0.29981392621994,0.154929414391518,0.239110738039017,-0.0954581275582314,0.663207054138184,46.1436490631406,0.374425098592601,0.108,0.0,1.0,0.0,0.0,0.0,3.529711480658033,2.329227023940467,5.159767689082761,0.019802627296179712,1.9782390361706734,11.664532395064827,10.32492837266707,0.0,4.61512051684126,3.5647758745545586
TTO,2022,0.627,0.085,-0.37944084405899,-0.0255433935672045,0.34842374920845,-0.0740921869874001,0.649312376976013,45.8843857627231,0.373851852665081,0.105,0.0,0.0,0.0,0.0,0.0,3.5262680835403226,2.3513752571634776,5.159377086515901,0.019802627296179712,1.9947003132247452,11.658638551066064,10.403652307939323,0.0,4.61512051684126,3.529711480658033
TUN,2003,0.095,0.873,0.123504690825939,0.470419079065323,0.317870795726776,-0.00807103421539068,-0.920870661735535,50.2625497288315,0.365969372675056,1.684,0.0,0.0,0.0,0.0,0.058268908123975775,3.11821647549113,2.506341930508065,4.575607483738942,0.636576829071551,0.7514160886839212,9.163388796566098,8.867768871230117,0.0,4.599152113662528,3.1310509774389663
TUN,2004,0.095,0.873,0.0678435117006302,0.417557060718536,0.148958027362823,-0.114593125879765,-0.866649389266968,50.3983478535337,0.363327185624398,1.593,0.0,1.0,1.0,0.0,0.058268908123975775,3.1854920057401532,2.5572273113676265,4.594958220911675,0.8153648132841945,0.7747271675523681,9.173594226553115,8.945442798143354,0.0,4.605170185988092,3.11821647549113
TUN,2005,0.095,0.873,-0.0780683010816574,0.339725077152252,0.0242274515330791,-0.0435877293348312,-0.950093030929565,50.280484799234,0.361326434386052,1.422,0.0,0.0,1.0,0.0,0.058268908123975775,3.2345717776463925,2.614471854142644,4.676541559927444,0.9783261227936076,0.8020015854720274,9.24723077591293,9.001833541751346,0.0,4.607168188650764,3.1854920057401532
TUN,2006,0.096,0.873,-0.0125321475788951,0.67924028635025,0.20851244032383,0.191378027200699,-1.29791927337646,51.192354199436,0.362242817660696,0.995,0.0,0.0,1.0,0.0,0.058268908123975775,3.287478691651721,2.644755350729896,4.619447774406223,2.157559320943788,0.8153648132841945,9.180757378442031,9.07448137263263,0.0,4.609162207257629,3.2345717776463925
TUN,2007,0.096,0.873,-0.109465233981609,0.477556079626083,0.158262476325035,0.0667113736271858,-1.37891387939453,51.163710344992,0.357764840854234,0.655,0.0,0.0,1.0,0.0,0.058268908123975775,3.3189918235015283,2.689886230474539,4.505802786788878,2.453587966530573,0.8415671856782186,9.056762178247482,9.156976581839663,0.0,4.609162207257629,3.287478691651721
TUN,2008,0.096,0.871,-0.165581718087196,0.306298166513443,0.0998212322592735,0.0878936722874641,-1.35054492950439,51.1200435198663,0.360416211819868,0.487,0.0,0.0,0.0,0.0,0.058268908123975775,3.3642836911471465,2.731766727719526,4.650449432186852,1.7934247485471162,0.8586616190375187,9.193275186465023,9.207939724853258,0.0,4.609162207257629,3.3189918235015283
TUN,2009,0.096,0.873,-0.0791570097208023,0.366235703229904,0.0596117079257965,-0.00624055694788694,-1.35833787918091,51.8570343232194,0.358136196625925,1.18,0.0,0.0,1.0,0.0,0.058268908123975775,3.3603461408848228,2.791165107812717,4.468422197088632,1.4973884086254774,0.8919980393051105,8.99914466011631,9.233870260030145,0.0,4.61015772749913,3.3642836911471465
TUN,2010,0.107,0.861,-0.118834763765335,0.158016294240952,-0.0639763623476028,-0.0873018652200699,-1.41616463661194,51.8089773419089,0.359041892153873,1.196,0.0,0.0,1.0,0.0,0.058268908123975775,3.42469742731996,2.827905162910489,4.4936686304623885,0.0,0.9082585601768908,9.013912629113074,9.264458100706713,0.0,4.61015772749913,3.3603461408848228
TUN,2011,0.248,0.334,-0.0224449206143618,-0.00149573176167905,-0.3537417948246,-0.266437083482742,-0.370504289865494,52.662752241476,0.360884479264614,0.982,0.0,1.0,1.0,0.0,0.058268908123975775,3.354731883372962,2.848970892158587,4.4474866061456675,0.058268908123975775,0.9162907318741551,8.956115125657671,9.253112048713833,0.0,4.61015772749913,3.42469742731996
TUN,2012,0.647,0.327,-0.0336579568684101,-0.0522028878331184,-0.721316933631897,-0.242597430944443,-0.171652227640152,52.5776152780717,0.358536472747598,1.738,0.0,0.0,0.0,0.0,0.058268908123975775,3.415752130956982,2.9338568698359033,4.538357079942504,0.0,0.9631743177730056,9.036714815136753,9.270073424810754,0.0,4.61015772749913,3.354731883372962
TUN,2013,0.637,0.345,-0.0415828749537468,-0.0587426014244556,-0.902563273906708,-0.285445630550385,-0.0844910442829132,52.4440581248752,0.363302552301195,2.37,0.0,0.0,1.0,0.0,0.058268908123975775,3.3995828763198244,2.9486406660201405,4.59335060918275,0.4054651081081644,0.9631743177730056,9.080381447623992,9.275432151986928,0.0,4.612145799724517,3.415752130956982
TUN,2014,0.637,0.341,-0.0190627872943878,-0.0663211718201637,-0.851661503314972,-0.339506477117538,0.192878887057304,53.030084796709,0.36576446565425,3.11,0.0,1.0,1.0,0.0,0.058268908123975775,3.457479077789309,2.989714201228428,4.687616157354789,1.0473189942805592,0.9858167945227653,9.163698139349288,9.300902349229489,0.0,4.613138355637268,3.3995828763198244
TUN,2015,0.626,0.323,-0.0771782845258713,-0.102187946438789,-0.960177004337311,-0.388389468193054,0.241306498646736,52.5444562865436,0.368216218103645,2.977,0.0,1.0,1.0,0.0,0.058268908123975775,3.45453914603071,3.0145540277945786,4.72042558541737,1.7351891177396608,0.9932517730102834,9.185522336520693,9.285776532391335,0.0,4.6141299273595635,3.457479077789309
TUN,2016,0.623,0.37,-0.163240566849709,-0.206498697400093,-1.13972234725952,-0.453965753316879,0.303652375936508,51.8153330426485,0.368953899119578,3.209,0.0,1.0,0.0,0.0,0.058268908123975775,3.407005323990041,3.0209125720842893,4.7180076792514605,0.18232155679395462,0.9895411936137477,9.172056403940164,9.305165329211093,0.0,4.61512051684126,3.45453914603071
TUN,2017,0.632,0.383,-0.159596651792526,-0.0507351271808147,-1.02349054813385,-0.36254346370697,0.161945834755898,51.6429650743896,0.370562528743485,2.915,0.0,1.0,1.0,0.0,0.058268908123975775,3.4071774320221198,3.070375816549757,4.775461333398073,0.8372475245337022,1.0152306797290587,9.219495337104926,9.331653171879337,0.0,4.61512051684126,3.407005323990041
TUN,2018,0.631,0.377,-0.114437341690063,-0.00653538247570395,-0.868207275867462,-0.494956314563751,0.191409721970558,51.6163275330328,0.373476642276695,2.629,0.0,1.0,0.0,0.0,0.06765864847381481,3.3730605567301506,3.0828269804049246,4.795319360226182,0.9477893989335261,1.0188473201992472,9.229696919401372,9.379442113977877,0.0,4.613138355637268,3.4071774320221198
TUN,2019,0.629,0.377,-0.139625027775764,-0.0353735610842705,-0.877084732055664,-0.385123878717422,0.266348570585251,51.8175215590111,0.374378225582761,3.134,0.0,1.0,0.0,0.0,0.06765864847381481,3.3959285558563215,3.129388658366665,4.810353411925308,0.8960880245566356,1.0438040521731147,9.235589512602923,9.433147112443628,0.0,4.61512051684126,3.3730605567301506
TUN,2020,0.618,0.372,-0.115354247391224,-0.186425104737282,-0.59432578086853,-0.303489238023758,0.283747613430023,52.0571084858126,0.375583586595581,3.134,0.0,0.0,0.0,0.0,0.06765864847381481,3.3352499043863935,3.0809921175048145,4.730303916744857,0.7514160886839212,1.007957920399979,9.146557938265794,9.385894599084532,0.0,4.6141299273595635,3.3959285558563215
TUN,2021,0.461,0.441,-0.262329339981079,-0.207107126712799,-0.75655198097229,-0.4002965092659,0.109903484582901,51.535127504767,0.37561529692514,3.105,0.0,1.0,1.0,0.0,0.06765864847381481,3.4303997134996225,3.175132901920282,4.818425004551931,0.76080582903376,1.0647107369924282,9.22921472542222,9.429100442074363,0.0,4.6141299273595635,3.3352499043863935
TUN,2022,0.195,0.415,-0.299796938896179,-0.262752622365952,-0.594559073448181,-0.414175897836685,-0.248100206255913,51.4491519951169,0.37751279964421,3.036,0.0,1.0,0.0,0.0,0.06765864847381481,3.4103077048083748,3.2180755046974316,4.814214812922799,0.7514160886839212,1.091923300517313,9.219120810851722,9.519260731249968,0.0,4.61512051684126,3.4303997134996225
TUR,2003,0.504,0.518,-0.209118396043777,0.0348631851375103,-0.766690611839294,0.015878489241004,-0.0332707948982716,46.3661698979662,0.401013534960614,25.484,0.0,0.0,1.0,2.231089091288976,2.60859812213055,5.44819870682264,4.949539728069669,6.81390383470561,0.32208349916911333,1.1216775615991057,9.503604212336596,9.156542725615365,0.0,4.613138355637268,5.399522891440015
TUR,2004,0.511,0.532,-0.19190439581871,-0.0198382139205933,-0.833764553070068,0.0306956954300404,0.0132019305601716,46.7050655915165,0.39810327541393,30.925,0.0,0.0,1.0,2.231089091288976,2.613739521630969,5.483540298942853,5.011101851907898,6.882274380776283,0.32208349916911333,1.1537315878891892,9.560889280015017,9.283755883542455,0.0,4.612145799724517,5.44819870682264
TUR,2005,0.494,0.532,-0.0352728292346001,0.144592627882957,-0.601551175117493,0.269054442644119,0.000233756712987088,48.075295111048,0.395049414090685,24.587,0.0,1.0,1.0,2.2834022735772717,2.6326080059353516,5.519223889175724,5.08431936689353,6.90486610934811,0.32208349916911333,1.199964782928397,9.572816556134097,9.376224271215706,0.0,4.612145799724517,5.483540298942853
TUR,2006,0.494,0.537,0.0266746040433645,0.10542806237936,-0.590213000774384,0.280463099479675,-0.0640953183174133,48.5224850394666,0.393131331902615,25.26,0.0,0.0,0.0,2.387844936944869,2.6433338863825186,5.640066915931386,5.168151731971239,7.0085512931348815,0.32208349916911333,1.2499017362143359,9.666322913569653,9.514821915155235,0.0,4.612145799724517,5.519223889175724
TUR,2007,0.471,0.551,0.11251862347126,0.326100617647171,-0.819362878799438,0.329305052757263,-0.0533245801925659,49.5582501755578,0.389966737028971,19.037,0.0,1.0,1.0,2.3942522815198695,2.667228206581955,5.730487142666452,5.252063982030575,7.068785100308469,0.4510756193602167,1.3056264580524357,9.716587872108196,9.612646244125004,0.0,4.612145799724517,5.640066915931386
TUR,2008,0.416,0.585,0.115325570106506,0.289960533380508,-0.823874354362488,0.269334226846695,-0.0412864089012146,50.21077559865,0.387946505971758,17.351,0.0,0.0,0.0,2.3942522815198695,2.696652156149841,5.7415507380334905,5.2935058095508145,7.071302529576495,0.4510756193602167,1.3270750014599193,9.707700136654628,9.689222520730347,0.0,4.612145799724517,5.730487142666452
TUR,2009,0.413,0.585,0.087655708193779,0.28977906703949,-1.03079056739807,0.288754820823669,-0.0555260591208935,50.403946229689,0.386581734996844,19.583,0.0,1.0,1.0,2.4309783077624445,2.744060638625243,5.7477984856099456,5.273409730841852,7.084845677092799,0.4510756193602167,1.3029127521808397,9.708721705756652,9.651985774670242,0.0,4.612145799724517,5.7415507380334905
TUR,2010,0.372,0.657,0.0254152249544859,0.315034985542297,-0.915285527706146,0.312994033098221,-0.0848165079951286,50.6770660008151,0.38347727671225,26.385,0.0,1.0,1.0,2.546315277916644,2.8231630082027146,5.779722888067707,5.353799376007041,7.134226886169717,0.4510756193602167,1.3532545070416904,9.746044308162435,9.768194590076932,0.0,4.61512051684126,5.7477984856099456
TUR,2011,0.357,0.675,0.0382425226271152,0.365056276321411,-0.959997057914734,0.393024772405624,-0.136850699782372,50.9915742436529,0.381153159151695,25.324,0.0,1.0,1.0,2.5922651681085,2.8981194446869907,5.838550295648951,5.443715569237393,7.198950672487417,0.4510756193602167,1.410986973710262,9.799045115315295,9.889299569003914,0.0,4.61512051684126,5.779722888067707
TUR,2012,0.35,0.693,0.161344781517982,0.432250022888184,-1.22053194046021,0.450981587171555,-0.206933528184891,51.9348312713256,0.379637810801334,27.229,0.0,1.0,1.0,2.5922651681085,3.0257763949023677,5.89022629311938,5.494541828510982,7.259848442577632,0.4510756193602167,1.4398351280479205,9.84683926150259,9.939832622914656,0.0,4.61512051684126,5.838550295648951
TUR,2013,0.297,0.716,0.0915075615048409,0.398709654808044,-1.24993252754211,0.463030308485031,-0.251418113708496,52.4057267496786,0.380239269633949,28.824,0.0,1.0,1.0,2.6063865473257097,3.1480240838962494,5.864099709576891,5.510804337673718,7.253603424081828,0.4510756193602167,1.4398351280479205,9.824682303894246,10.020216298305915,0.0,4.61512051684126,5.89022629311938
TUR,2014,0.259,0.782,-0.134328410029411,0.392252773046494,-1.08603596687317,0.432501822710037,-0.338507890701294,52.5684280390908,0.380631529917248,20.885,0.0,1.0,1.0,2.7186603802142257,3.204371138665319,5.928856865956165,5.553773207329493,7.2830051361000825,0.4510756193602167,1.4586150226995167,9.832954513456889,10.093840835732511,0.0,4.61512051684126,5.864099709576891
TUR,2015,0.233,0.785,-0.161549240350723,0.199524775147438,-1.49530971050262,0.273797631263733,-0.367835342884064,52.9723750152728,0.380782673370426,31.956,0.0,0.0,1.0,2.791165107812717,3.2910104226273997,5.974631171970851,5.586161925798122,7.371502502674228,0.4510756193602167,1.463255402256019,9.896474720007092,10.161920380384814,0.0,4.61512051684126,5.928856865956165
TUR,2016,0.145,0.829,-0.199177414178848,-0.00650703674182296,-2.00721478462219,0.193467319011688,-0.607129514217377,52.4935022215834,0.379381039952158,32.886,0.0,1.0,1.0,2.8986705607108596,3.3207101307494686,6.038940640411593,5.635789103502333,7.420722008943457,0.4510756193602167,1.4861396960896067,9.925459834232958,10.193607649583598,0.0,4.61512051684126,5.974631171970851
TUR,2017,0.104,0.843,-0.208805039525032,0.0138382893055677,-1.78637635707855,0.0434691049158573,-0.705634355545044,53.1613464280947,0.379914729538473,29.345,0.0,1.0,1.0,2.968874819384108,3.341801171705499,6.132587571105901,5.696119858320856,7.489044212610482,0.4510756193602167,1.5195132049061133,9.976438294643089,10.252542460038171,0.0,4.61512051684126,6.038940640411593
TUR,2018,0.109,0.839,-0.35130301117897,-0.0684682950377464,-1.31519985198975,0.01624720916152,-0.84590607881546,52.6378705346228,0.379286674377349,32.257,0.0,1.0,1.0,2.9856819377004897,3.377246160839642,6.151346335926779,5.70551430750096,7.489341091609313,0.4510756193602167,1.515127232962859,9.960827822061551,10.262606414113158,0.0,4.61512051684126,6.132587571105901
TUR,2019,0.113,0.851,-0.325921058654785,-0.0204638708382845,-1.37818169593811,-0.0204177498817444,-0.834213256835938,53.5690479342367,0.378492744768531,43.797,0.0,1.0,1.0,3.013080911888604,3.3843902633457743,6.142860008545332,5.705780477318874,7.523010645371095,0.4510756193602167,1.5062971535145868,9.98342097731543,10.275652843936168,0.0,4.61512051684126,6.151346335926779
TUR,2020,0.117,0.854,-0.36175400018692,-0.15879775583744,-1.14388263225555,-0.0247927252203226,-0.860594511032104,53.9231760727439,0.37713102785373,42.162,0.0,1.0,0.0,3.013080911888604,3.4651107074058083,6.187165510616221,5.711783712541687,7.508144968852814,0.4510756193602167,1.5040773967762742,9.95998602644139,10.282277723174126,0.0,4.61512051684126,6.142860008545332
TUR,2021,0.116,0.842,-0.408259898424149,-0.119116462767124,-1.13679277896881,-0.100666180253029,-0.85993480682373,54.1111767551464,0.375629745653325,35.4,0.0,1.0,1.0,3.027230940613362,3.4809323496810087,6.279927112368849,5.790051909808377,7.576570319473684,0.4510756193602167,1.5602476682433286,10.02156227897995,10.37681525841407,0.0,4.61512051684126,6.187165510616221
TUR,2022,0.114,0.847,-0.468106269836426,-0.199645325541496,-1.03223478794098,-0.244638904929161,-0.926404356956482,53.994046261682,0.374869483464347,41.911,0.0,1.0,1.0,3.091951131294534,3.4833916192881422,6.232184074934201,5.781638177191837,7.585814202120609,0.4510756193602167,1.5496879080283263,10.026525954531797,10.5946367603686,0.0,4.61512051684126,6.279927112368849
TZA,2003,0.376,0.479,-0.734542429447174,-0.499147057533264,-0.855547189712524,-0.61183363199234,-0.42732772231102,36.4552179503952,0.548996559482582,95.941,0.0,0.0,1.0,1.275362800412609,0.4574248470388754,4.474903289455601,1.324418957401803,2.9204158792445414,0.1906203596086497,0.06765864847381481,6.16155536238771,7.230170435952431,0.0,2.4932054526026954,4.454470799170813
TZA,2004,0.376,0.479,-0.565569579601288,-0.610386073589325,-0.671642243862152,-0.4958216547966,-0.533582329750061,37.0895545490154,0.549165047841533,78.927,0.0,0.0,0.0,1.4929040961781488,0.4574248470388754,4.49257931561383,1.297463147413275,3.1586161364554703,0.1906203596086497,0.06765864847381481,6.3841854584851765,7.301931647947382,0.0,2.517696472610991,4.474903289455601
TZA,2005,0.369,0.479,-0.607605695724487,-0.438366830348969,-0.583453714847565,-0.492080003023148,-0.363443344831467,36.4061964590636,0.54681957697502,50.0,0.0,1.0,1.0,0.7371640659767197,0.4510756193602167,4.512813180854042,1.5496879080283263,3.2804975964243708,0.1988508587451652,0.09531017980432487,6.483240370132759,7.377157149448583,0.0,2.6946271807700692,4.49257931561383
TZA,2006,0.394,0.472,-0.228577166795731,-0.451205492019653,-0.357518166303635,-0.407301127910614,-0.200293675065041,36.6517485135515,0.548769302322304,42.735,0.0,0.0,0.0,0.4510756193602167,0.4510756193602167,4.529814724305581,1.5195132049061133,3.333132650748026,0.1988508587451652,0.08617769624105233,6.509828188497221,7.442813972836661,0.0,2.766319109226186,4.512813180854042
TZA,2007,0.395,0.47,-0.335751265287399,-0.424296855926514,-0.38706237077713,-0.457430690526962,-0.142469882965088,36.3488622035633,0.547180458196452,60.849,0.0,0.0,0.0,0.6626879730752367,0.4510756193602167,4.52985944192168,1.667706820558076,3.3501496711515037,0.14842000511827327,0.09531017980432487,6.499558443100852,7.507141817109785,0.0,2.827313621929028,4.529814724305581
TZA,2008,0.395,0.47,-0.416348159313202,-0.53019917011261,-0.228933870792389,-0.543911099433899,-0.166212573647499,36.3283787065641,0.54153942398613,60.899,0.0,1.0,1.0,0.37156355643248307,0.4510756193602167,4.545176024184398,1.7047480922384253,3.3924256892750315,0.058268908123975775,0.10436001532424277,6.516271475336523,7.554530475174723,0.0,2.5257286443082556,4.52985944192168
TZA,2009,0.395,0.47,-0.447849065065384,-0.627837359905243,0.0891812443733215,-0.470705568790436,-0.160290315747261,36.0734126706997,0.543333182478748,56.25,0.0,0.0,1.0,0.0,0.4510756193602167,4.552428983190801,1.7681496035889213,3.379360687052981,0.058268908123975775,0.10436001532424277,6.478163960347663,7.587395574213485,0.0,2.501435951739211,4.545176024184398
TZA,2010,0.399,0.47,-0.542279362678528,-0.620883345603943,0.0144716212525964,-0.46234917640686,-0.130868017673492,35.1431442048083,0.543833179275633,52.158,0.0,1.0,1.0,0.0,0.4510756193602167,4.581505542200843,1.8547342683894434,3.5327225965905895,0.06765864847381481,0.11332868530700317,6.6108709957655565,7.635498000494718,0.0,2.760009940032921,4.552428983190801
TZA,2011,0.407,0.47,-0.603359639644623,-0.660571336746216,-0.0241334792226553,-0.449195504188538,-0.141483932733536,35.165524108683,0.544125738933504,40.039,0.0,0.0,0.0,0.0,0.4510756193602167,4.629520009497691,1.827769906751088,3.587344943289639,0.20701416938432615,0.10436001532424277,6.639070280697549,7.701863369707331,0.0,2.7212954278522306,4.581505542200843
TZA,2012,0.407,0.47,-0.764619529247284,-0.70156067609787,0.0514542907476425,-0.410142123699188,-0.176013678312302,34.8994394215479,0.540788743021267,32.451,0.0,1.0,1.0,0.0,0.4510756193602167,4.66223294869935,1.9065751436566365,3.794814804522605,0.2546422183735807,0.11332868530700317,6.822837708449084,7.642277035735959,0.0,2.791165107812717,4.629520009497691
TZA,2013,0.399,0.474,-0.781170845031738,-0.712978959083557,-0.162120848894119,-0.353273868560791,-0.203858226537704,34.9836078430955,0.539225946477019,30.05,0.0,1.0,1.0,0.0,0.4510756193602167,4.699593524112301,1.9530276168241771,3.8416434586655654,0.30010459245033805,0.11332868530700317,6.840548668323833,7.685802529293582,0.0,2.856470206220483,4.66223294869935
TZA,2014,0.397,0.474,-0.761549293994904,-0.657758951187134,-0.597118556499481,-0.363270282745361,-0.193490132689476,35.5664576074739,0.535755759687608,42.652,0.0,1.0,0.0,0.0,0.4510756193602167,4.714682975269002,1.9906103279732201,3.8563834375574673,0.26236426446749106,0.12221763272424921,6.824836606349797,7.706243834391724,0.0,3.1986731175506815,4.699593524112301
TZA,2015,0.392,0.442,-0.709870934486389,-0.653441548347473,-0.423460692167282,-0.427903473377228,-0.222135826945305,35.8487904034442,0.5319430679062,33.538,0.0,1.0,1.0,0.0,0.4574248470388754,4.746260114505717,2.028148247292285,3.9085770750238464,0.22314355131420976,0.12221763272424921,6.845474473951104,7.748580717718688,0.0,3.3032169733019514,4.714682975269002
TZA,2016,0.353,0.365,-0.531419515609741,-0.606901288032532,-0.448246777057648,-0.483072638511658,-0.223375126719475,37.229953119203,0.526489494097618,36.217,0.0,1.0,1.0,0.0,0.46373401623214017,4.764686544743526,2.0693912058263346,3.9994842811981406,0.1906203596086497,0.12221763272424921,6.904021316412589,7.797989448489657,0.0,3.520460802488973,4.746260114505717
TZA,2017,0.346,0.335,-0.486995428800583,-0.682187914848328,-0.570162117481232,-0.610115170478821,-0.278485029935837,37.3943868672181,0.524998528476549,34.795,0.0,0.0,0.0,0.0,0.46373401623214017,4.769817601580656,2.1016921506146558,3.896381309438189,0.10436001532424277,0.12221763272424921,6.765633955454964,7.8133866669940435,0.0,3.4995332823830174,4.764686544743526
TZA,2018,0.332,0.309,-0.475951611995697,-0.779476463794708,-0.580475687980652,-0.640993356704712,-0.380523890256882,37.5377138589584,0.520450905471502,31.737,0.0,1.0,0.0,0.0,0.4700036292457356,4.779241020084485,2.131796772013764,4.051576230371163,0.11332868530700317,0.12221763272424921,6.892112567226997,7.911646594112627,0.0,3.580737295494233,4.769817601580656
TZA,2019,0.33,0.318,-0.420570701360703,-0.854386746883392,-0.388420015573502,-0.668204069137573,-0.521158754825592,37.789119274772,0.518761208581183,33.205,0.0,0.0,0.0,0.0,0.4700036292457356,4.821727665851249,2.1838015570040787,4.141577959703281,0.11332868530700317,0.12221763272424921,6.953771122088872,8.000642715818525,0.0,3.655839600035736,4.779241020084485
TZA,2020,0.336,0.295,-0.405753612518311,-0.73927241563797,-0.480807662010193,-0.68933516740799,-0.735241413116455,37.8960121648957,0.518774219877417,41.379,0.0,0.0,0.0,0.0,0.4700036292457356,4.841163872100426,2.190535589185423,4.1015684073114205,0.12221763272424921,0.12221763272424921,6.883237151168411,8.09913204422763,0.0,3.7111300630487563,4.821727665851249
TZA,2021,0.328,0.319,-0.39461013674736,-0.648341059684753,-0.33555868268013,-0.640137732028961,-0.714553892612457,37.8734319802749,0.518465262051293,36.879,0.0,1.0,1.0,0.0,0.4700036292457356,4.868036005304834,2.281361456542419,4.22443671409911,0.12221763272424921,0.1310282624064041,6.977941571392298,8.158826247656364,0.0,3.7773481021015445,4.841163872100426
TZA,2022,0.346,0.252,-0.354882270097733,-0.460365831851959,-0.260344117879868,-0.563533365726471,-0.65319699048996,38.2216355383266,0.516134485970766,30.353,0.0,1.0,0.0,0.0,0.4700036292457356,4.8997775355341915,2.3767644911682972,4.354449866903647,0.12221763272424921,0.13976194237515868,7.080171270587593,8.242983242257694,0.0,3.845883202923601,4.868036005304834
UGA,2003,0.225,0.787,-0.948509097099304,-0.452729970216751,-1.56096339225769,-0.170014277100563,-0.702457308769226,33.8735158844063,0.567932260905828,99.444,0.0,0.0,0.0,0.0,0.26236426446749106,3.883674244238386,0.9516578757114464,2.1931049923752246,0.0,0.058268908123975775,5.714320091768903,7.186325905223351,0.0,2.4423470353692043,3.8226237362117805
UGA,2004,0.229,0.805,-0.811878681182861,-0.471558660268784,-1.3047730922699,-0.113614901900291,-0.724424123764038,33.927118801914,0.578384444788107,100.0,0.0,0.0,0.0,0.0,0.26236426446749106,3.935067683069888,1.0116009116784799,2.2513970562246124,0.0,0.058268908123975775,5.749606338943054,7.248676805949856,0.0,2.533696813957432,3.883674244238386
UGA,2005,0.25,0.798,-0.833648562431335,-0.572079658508301,-1.41722476482391,-0.268432378768921,-0.597283959388733,33.4203201272436,0.579389217977661,96.429,0.0,0.0,0.0,0.0,0.27002713721306015,3.995207009881919,1.0647107369924282,2.418855874659432,0.04879016416943201,0.06765864847381481,5.905209247855894,7.311558659425774,0.0,2.2925347571405443,3.935067683069888
UGA,2006,0.262,0.811,-0.787619292736053,-0.581117987632751,-1.14034521579742,-0.252237617969513,-0.445383280515671,32.5531827865564,0.577935846373282,76.25,0.0,0.0,0.0,0.0,0.27002713721306015,4.058605886071927,0.9555114450274365,2.4990560728924196,0.09531017980432487,0.058268908123975775,5.963520215906427,7.415009708197583,0.0,2.302585092994046,3.995207009881919
UGA,2007,0.266,0.809,-0.825754582881927,-0.451820909976959,-0.916478335857391,-0.250690668821335,-0.486063897609711,32.8637018415691,0.570553195973525,73.0,0.0,0.0,1.0,0.0,0.27002713721306015,4.126796705138342,1.095273387402595,2.6737347706870898,0.09531017980432487,0.06765864847381481,6.122602452626167,7.493058411811508,0.0,2.760009940032921,4.058605886071927
UGA,2008,0.263,0.809,-0.840163767337799,-0.620234608650208,-0.875740170478821,-0.255989253520966,-0.509934663772583,33.0250422906856,0.567788468405545,74.249,0.0,0.0,0.0,0.0,0.33647223662121295,4.28081910207911,1.1969481893889715,2.6941540959100987,0.18232155679395462,0.07696104113612832,6.115123618336519,7.566160224510892,0.0,2.827313621929028,4.126796705138342
UGA,2009,0.26,0.809,-0.909787476062775,-0.670799374580383,-0.991805791854858,-0.192969292402267,-0.509125173091888,32.636178070172,0.56839676495714,63.636,0.0,0.0,0.0,0.0,0.3435897043900769,4.33597781416739,1.2149127443642704,2.7499596041794194,0.13976194237515868,0.07696104113612832,6.145369482456825,7.608676559974628,0.0,2.3978952727983707,4.28081910207911
UGA,2010,0.26,0.793,-0.923493564128876,-0.572281301021576,-1.00055825710297,-0.201333165168762,-0.518370270729065,32.2975022382611,0.564806560383452,59.489,0.0,0.0,0.0,0.0,0.3576744442718159,4.3853039630932376,1.308332819650179,2.8724906166959525,0.15700374880966475,0.07696104113612832,6.24608738544881,7.646143299665254,0.0,2.5726122302071057,4.33597781416739
UGA,2011,0.257,0.802,-0.936401605606079,-0.559457004070282,-0.976101815700531,-0.176683008670807,-0.525404512882233,32.6612736656872,0.561556232257149,61.278,0.0,0.0,1.0,0.0,0.3576744442718159,4.427681797437137,1.2837077723447896,2.9206853992310795,0.15700374880966475,0.07696104113612832,6.267769646536424,7.726972266456895,0.0,2.747270914255491,4.3853039630932376
UGA,2012,0.254,0.797,-1.00157511234283,-0.5962153673172,-0.868966519832611,-0.262373745441437,-0.49354612827301,32.2575886696314,0.554381052633244,90.0,0.0,0.0,0.0,0.0,0.4574248470388754,4.464833042637803,1.3454723665996355,2.941487258701595,0.11332868530700317,0.07696104113612832,6.260684106409367,7.617241593603414,0.0,3.068052935133617,4.427681797437137
UGA,2013,0.252,0.789,-1.05630731582642,-0.611745774745941,-0.838690638542175,-0.27647203207016,-0.552047431468964,31.9854538648142,0.553897078327776,100.0,0.0,0.0,0.0,0.0,0.5247285289349821,4.4982854939294175,1.3887912413184778,3.001565228746435,0.09531017980432487,0.08617769624105233,6.295232790556067,7.623584185732233,0.0,2.7013612129514133,4.464833042637803
UGA,2014,0.251,0.793,-1.09778785705566,-0.540372133255005,-0.9411261677742,-0.256649404764175,-0.585888147354126,32.5101709876193,0.548355268806589,97.214,0.0,0.0,0.0,0.0,0.5247285289349821,4.538144590097099,1.410986973710262,3.156447076593887,0.1310282624064041,0.08617769624105233,6.427851605618835,7.666226217371272,0.0,3.0633909220278057,4.4982854939294175
UGA,2015,0.246,0.808,-1.08141160011292,-0.575544655323029,-0.804575800895691,-0.319013208150864,-0.567825973033905,32.6922142905841,0.547501550629929,97.746,0.0,0.0,1.0,0.0,0.5247285289349821,4.579725611364881,1.4996230464268938,3.1773452460280285,0.1310282624064041,0.08617769624105233,6.4189455177737855,7.6920973007585065,0.0,2.970414465569701,4.538144590097099
UGA,2016,0.23,0.807,-1.08673596382141,-0.632310152053833,-0.71827632188797,-0.272560328245163,-0.647819936275482,33.9824651197959,0.544002374206679,98.143,0.0,0.0,0.0,0.0,0.5247285289349821,4.6167311754268505,1.536867219599265,3.2166734013130007,0.1310282624064041,0.08617769624105233,6.426714969018838,7.680774811495506,0.0,3.3214324131932926,4.579725611364881
UGA,2017,0.223,0.818,-1.06944227218628,-0.632979094982147,-0.569948732852936,-0.263932079076767,-0.588559865951538,34.3607596373161,0.541093205618046,98.148,0.0,0.0,0.0,0.0,0.5306282510621704,4.638928654018698,1.501852701754163,3.2927209053260715,0.1310282624064041,0.08617769624105233,6.4708753522992195,7.6773807337176265,0.0,3.5085558999826545,4.6167311754268505
UGA,2018,0.221,0.805,-1.05122947692871,-0.692296266555786,-0.701696455478668,-0.286415815353394,-0.680526971817017,34.6327763955391,0.534134912333105,92.791,0.0,0.0,0.0,0.0,0.5538851132264376,4.6591196054860005,1.62924053973028,3.3641183734207347,0.09531017980432487,0.09531017980432487,6.510886119619087,7.74632553357582,0.0,3.758871825933971,4.638928654018698
UGA,2019,0.221,0.824,-1.17447352409363,-0.648660719394684,-0.694263935089111,-0.414516240358353,-0.645140945911407,34.1848332417473,0.531079098504703,96.943,0.0,1.0,0.0,0.0,0.6931471805599453,4.677018506087698,1.667706820558076,3.385169620584958,0.09531017980432487,0.09531017980432487,6.498789550847065,7.8007259813013565,0.0,3.744787086052232,4.6591196054860005
UGA,2020,0.23,0.768,-1.06589221954346,-0.616496086120605,-0.811038911342621,-0.482214450836182,-0.71228814125061,34.254822130807,0.535529791665836,97.391,0.0,1.0,0.0,0.0,0.6981347220709844,4.6857071738719895,1.6863989535702286,3.3425790791737438,0.09531017980432487,0.09531017980432487,6.421462905515527,7.837246302789136,0.0,3.763522997109702,4.677018506087698
UGA,2021,0.212,0.759,-1.02854359149933,-0.600672364234924,-0.937758684158325,-0.490780681371689,-0.820718884468079,34.325529472346,0.53752987294397,97.533,0.0,1.0,0.0,0.0,0.6981347220709844,4.7097914950249065,1.7749523509116738,3.437914964597318,0.09531017980432487,0.10436001532424277,6.487827082831849,7.895778726382042,0.0,3.832979798087693,4.6857071738719895
UGA,2022,0.215,0.716,-1.06119692325592,-0.605068683624268,-0.711015820503235,-0.490339338779449,-0.799532294273376,34.1402555680131,0.538961362643405,97.391,0.0,1.0,0.0,0.0,0.708035793053696,4.716160332654634,1.8468787684491346,3.477479179819314,0.09531017980432487,0.10436001532424277,6.498586320079335,7.979399768091416,0.0,3.8732821771117156,4.7097914950249065
UKR,2003,0.26,0.882,-0.966655313968658,-0.673910856246948,-0.363617956638336,-0.555056512355804,-0.589256763458252,44.5263624264963,0.409797421149601,5.133,0.0,1.0,1.0,3.2039652121324464,1.7351891177396608,6.140185773440086,5.17411376308873,7.373329111148487,0.36464311358790924,1.534714366238164,10.402741805473315,8.65956238074441,0.0,4.60816569496789,6.089699801926307
UKR,2004,0.27,0.844,-0.979341566562653,-0.666463196277618,-0.471536189317703,-0.347879618406296,-0.671051442623138,45.810391517741,0.405154787100736,6.457,0.0,0.0,0.0,3.2039652121324464,1.7351891177396608,6.111344269762503,5.182401336950694,7.369520061949082,0.32208349916911333,1.545432582458188,10.4059012853432,8.804545302210094,0.0,4.609162207257629,6.140185773440086
UKR,2005,0.288,0.829,-0.740642905235291,-0.671290218830109,-0.28536656498909,-0.510850071907043,-0.28532487154007,46.316644891537,0.400856568476572,6.653,0.0,1.0,1.0,3.2039652121324464,1.7351891177396608,6.083946840283758,5.187609244563615,7.381808821247945,0.3293037471426004,1.556037135706985,10.426441430786603,8.873903105446635,0.0,4.6141299273595635,6.111344269762503
UKR,2006,0.379,0.846,-0.772781848907471,-0.523428201675415,-0.0368776172399521,-0.486631006002426,0.0496412701904774,43.6786073297614,0.399280365409224,6.678,0.0,0.0,1.0,3.2039652121324464,1.7351891177396608,6.07359279142468,5.215859244107515,7.393528290365606,0.3576744442718159,1.5830939370944985,10.444637695016702,8.983715303340462,0.0,4.61015772749913,6.083946840283758
UKR,2007,0.396,0.847,-0.820174932479858,-0.724815309047699,0.172825917601585,-0.409717261791229,0.0641184598207474,43.9235692952095,0.397747495903896,5.335,0.0,0.0,0.0,3.2039652121324464,1.7351891177396608,6.105845062404698,5.236867404231814,7.389491066524828,0.32208349916911333,1.6054298910365616,10.445174489131636,9.093968827490253,0.0,4.613138355637268,6.07359279142468
UKR,2008,0.392,0.843,-0.862514138221741,-0.787461042404175,0.0425143949687481,-0.516110599040985,0.0906661003828049,43.9248404912104,0.396577848281848,6.138,0.0,0.0,1.0,3.2039652121324464,1.7404661748405044,6.100910953535408,5.230306155931493,7.354396238995647,0.412109650826833,1.6034198401085373,10.415248668592726,9.14042450211261,0.0,4.613138355637268,6.105845062404698
UKR,2009,0.396,0.864,-1.07173681259155,-0.844365835189819,-0.302319407463074,-0.55911248922348,0.0590889118611813,43.2041851878096,0.393883550457307,6.981,0.0,1.0,1.0,3.2039652121324464,1.715598108262491,5.926546347585934,5.137796439712935,7.194104964200138,0.6780335427498971,1.5325568680981427,10.259034035001646,8.986648635768118,0.0,4.6141299273595635,6.100910953535408
UKR,2010,0.265,0.881,-1.03196251392365,-0.820753991603851,0.0131317190825939,-0.454440265893936,-0.0839820206165314,43.1554219329081,0.388312714384106,7.091,0.0,1.0,0.0,3.2039652121324464,1.7227665977411035,5.97642586991352,5.224455517949581,7.263970617318393,0.3576744442718159,1.6054298910365616,10.332552058006412,9.042430443555364,0.0,4.61512051684126,5.926546347585934
UKR,2011,0.259,0.89,-1.0867133140564,-0.867093980312347,-0.0704314634203911,-0.563705265522003,-0.132440626621246,43.4506390048786,0.385168279632309,5.74,1.0,0.0,1.0,3.2039652121324464,1.724550719534605,6.075376592317892,5.245232995455582,7.296917548383243,0.2546422183735807,1.623340817603092,10.368715075573055,9.119058989486389,0.286842794181786,4.61512051684126,5.97642586991352
UKR,2012,0.257,0.89,-1.11753916740417,-0.59455281496048,-0.0922749042510986,-0.554683208465576,-0.2795430123806,43.6306334053354,0.379587590051605,5.647,1.0,0.0,0.0,3.2039652121324464,1.724550719534605,6.0443700975887795,5.238620439289909,7.275164701695225,0.4252677354043441,1.6213664832993742,10.349062145389734,9.16464343641674,0.286842794181786,4.6141299273595635,6.075376592317892
UKR,2013,0.25,0.884,-1.17666733264923,-0.664322078227997,-0.777284979820251,-0.585612416267395,-0.315425783395767,44.6830413816886,0.378345409080259,7.774,1.0,1.0,0.0,3.2039652121324464,1.728109442151599,6.053308812462933,5.22294705952326,7.22298053144009,0.4382549309311553,1.6094379124341003,10.298646669218067,9.296960648733066,0.286842794181786,4.61512051684126,6.0443700975887795
UKR,2014,0.212,0.803,-1.02474439144135,-0.39884689450264,-2.02083349227905,-0.586776256561279,-0.142272517085075,47.8023064509355,0.365971531267553,5.563,1.0,0.0,1.0,3.2039652121324464,1.7334238922150915,5.928457399936743,5.167012065770046,7.097855668719137,0.4574248470388754,1.5665304114228238,10.176780914709722,9.258629945841431,0.286842794181786,4.61512051684126,6.053308812462933
UKR,2015,0.224,0.783,-1.03961312770844,-0.554407000541687,-1.95953238010406,-0.618873357772827,-0.0868236571550369,48.1592764765768,0.365371598133894,4.338,0.0,0.0,1.0,3.2039652121324464,1.7404661748405044,5.773879524334039,5.095772694065048,6.912153592205911,0.8837675401685949,1.515127232962859,9.995003862892093,9.202593843387811,0.0,4.61512051684126,5.928457399936743
UKR,2016,0.236,0.76,-0.867796838283539,-0.609457552433014,-1.8533319234848,-0.410622745752335,0.00176708493381739,50.2449540260298,0.364424804088554,5.626,0.0,1.0,1.0,3.2039652121324464,1.7334238922150915,5.798428810753831,5.0865464015287944,6.957492613491705,1.0885619528146082,1.5107219394949427,10.044063033464258,9.293362381110724,0.0,4.61512051684126,5.773879524334039
UKR,2017,0.24,0.753,-0.832255303859711,-0.514022350311279,-1.86741781234741,-0.281774550676346,0.0149604445323348,50.3139883536842,0.367912802404119,6.96,1.0,1.0,1.0,3.2039652121324464,1.7404661748405044,5.690799218847182,5.022959043785088,6.883801668262606,1.0473189942805592,1.463255402256019,9.974273082916206,9.353321566532106,0.286842794181786,4.61512051684126,5.798428810753831
UKR,2018,0.245,0.744,-0.921338856220245,-0.459631830453873,-1.87217938899994,-0.256266981363297,-0.0306271463632584,50.3371533621266,0.369664291869611,8.151,1.0,1.0,1.0,3.131136910560194,1.7457155307266483,5.765589175844535,5.042069359585786,6.920660645354583,1.0116009116784799,1.4816045409242156,10.016178489882268,9.437941862522221,0.286842794181786,4.61512051684126,5.690799218847182
UKR,2019,0.313,0.664,-0.800639629364014,-0.334266752004623,-1.42837619781494,-0.216642439365387,0.0230735149234533,50.8718716015641,0.369554022931565,7.701,1.0,1.0,1.0,3.131136910560194,1.7613002617433464,5.728526411195915,5.017941869278694,6.865539605408907,0.7747271675523681,1.4678743481123135,9.96658192201349,9.562298251005375,0.286842794181786,4.61512051684126,5.765589175844535
UKR,2020,0.323,0.687,-0.832628607749939,-0.410091131925583,-1.16393649578094,-0.266943335533142,0.0889049544930458,50.5655196119483,0.367944131949858,11.469,1.0,1.0,1.0,3.122364924487357,1.7613002617433464,5.626155803561453,4.986137662495856,6.823777840397939,0.15700374880966475,1.4469189829363254,9.930966961327131,9.651303075113283,0.286842794181786,4.61512051684126,5.728526411195915
UKR,2021,0.321,0.667,-0.787211775779724,-0.439535766839981,-1.12698400020599,-0.290212571620941,0.070615366101265,50.5794534131898,0.368094532020618,13.852,1.0,1.0,1.0,3.122364924487357,1.7613002617433464,5.636374333871765,5.046002437933547,6.84154602962177,0.3920420877760237,1.501852701754163,9.957325479099328,9.789613577960951,0.286842794181786,4.61512051684126,5.626155803561453
UKR,2022,0.234,0.595,-0.634004473686218,-0.497119277715683,-1.94932460784912,-0.331597328186035,-0.0233073923736811,51.3427012658524,0.364919147649086,16.411,0.0,1.0,0.0,3.1126260250254902,1.7613002617433464,5.219818087189219,4.723930521708934,6.429366189833756,0.3920420877760237,1.3137236682850553,9.620811794221833,9.600425904314411,0.0,4.61512051684126,5.636374333871765
URY,2003,0.791,0.042,1.10140347480774,0.456945091485977,0.711256563663483,0.311726301908493,0.992518246173859,50.7358904412414,0.415537647560714,99.883,0.0,0.0,0.0,0.0,0.9321640810304452,3.3183202831981014,2.1838015570040787,3.447126313550555,0.009950330853168083,1.2237754316221157,9.134438977216476,9.240310133491008,0.0,4.594109238628667,3.2831908284922435
URY,2004,0.809,0.042,0.894058406352997,0.303184807300568,0.590961158275604,0.29997780919075,0.842710494995117,49.6488361888914,0.419161506791893,81.695,0.0,0.0,0.0,0.0,0.9321640810304452,3.38878293641463,2.222459048514761,3.614371401938875,0.009950330853168083,1.2556160374777745,9.306100541429068,9.315070822274729,0.0,4.59511985013459,3.3183202831981014
URY,2005,0.824,0.042,1.08176851272583,0.492236137390137,0.777662575244904,0.41782546043396,0.885737657546997,50.1556589473169,0.414615597464269,87.5,0.0,0.0,1.0,0.0,0.9321640810304452,3.3939734495429685,2.2428350885882717,3.6122143691784507,0.009950330853168083,1.269760544863939,9.303100849505041,9.417086238019898,0.0,4.59511985013459,3.38878293641463
URY,2006,0.827,0.042,1.13004350662231,0.379883676767349,0.898599565029144,0.401181012392044,1.03071081638336,49.9714373438961,0.413912552023359,64.632,0.0,0.0,1.0,0.0,0.9321640810304452,3.459940667252133,2.2449559801574095,3.655607014850364,0.009950330853168083,1.2725655957915476,9.346536137006103,9.486485254770466,0.0,4.600157644164547,3.3939734495429685
URY,2007,0.827,0.042,1.28093576431274,0.563164889812469,0.835530936717987,0.380375653505325,1.04552268981934,51.3427149124979,0.408281432324042,86.994,0.0,1.0,0.0,0.0,0.9321640810304452,3.433440584672883,2.321406847234633,3.6507621320008083,0.0,1.332366019094335,9.339842294679976,9.574860211751952,0.0,4.602165676967792,3.459940667252133
URY,2008,0.825,0.042,1.34595167636871,0.541956722736359,0.845082819461823,0.396923661231995,1.06214451789856,51.6741694559577,0.405099435025677,61.231,0.0,1.0,1.0,0.0,0.9321640810304452,3.543598152583802,2.3702437414678603,3.8835618006061106,0.009950330853168083,1.3711807233098425,9.576006226275357,9.66111246833375,0.0,4.603168183317418,3.433440584672883
URY,2009,0.827,0.042,1.25000429153442,0.624378561973572,0.789260983467102,0.50594687461853,1.10579407215118,51.8508827526151,0.405278591865369,68.166,0.0,1.0,1.0,0.0,0.9321640810304452,3.5256094093126458,2.388762789235098,3.907070763294077,0.08617769624105233,1.3837912309017721,9.597611502217598,9.70642404309948,0.0,4.6061696863211745,3.543598152583802
URY,2010,0.848,0.042,1.29770147800446,0.633332192897797,0.824986040592194,0.599306583404541,1.14654517173767,52.6856167489074,0.399970571962881,89.199,0.0,1.0,1.0,0.0,0.9321640810304452,3.4322024170103154,2.435366204227864,3.829792907159174,0.08617769624105233,1.420695787837223,9.51613703013622,9.791076516284786,0.0,4.60816569496789,3.5256094093126458
URY,2011,0.847,0.042,1.28997790813446,0.539623916149139,0.957096934318542,0.609196186065674,1.1214314699173,52.7019484517444,0.39892761885332,74.662,0.0,0.0,1.0,0.0,0.9321640810304452,3.4706951779128605,2.468099531471619,3.8930644218268484,0.08617769624105233,1.4469189829363254,9.578270715587264,9.859345662444467,0.0,4.607168188650764,3.4322024170103154
URY,2012,0.847,0.042,1.37811684608459,0.415858507156372,0.709167778491974,0.599089086055756,1.0609667301178,54.2038862755812,0.398605081446857,64.623,0.0,1.0,1.0,0.0,0.9321640810304452,3.488841591870087,2.4973291697865574,3.9393657618198534,0.173953307123438,1.4678743481123135,9.622938578936719,9.877986259313534,0.0,4.611152257665639,3.4706951779128605
URY,2013,0.846,0.05,1.39722573757172,0.397321581840515,0.804738223552704,0.715800821781158,1.08520102500916,55.0905469344387,0.395770160634446,84.134,0.0,1.0,1.0,0.0,0.9321640810304452,3.4517041053875577,2.5217206229107165,3.8940423173921968,0.16551443847757338,1.4861396960896067,9.573726445820581,9.936069902601943,0.0,4.611152257665639,3.488841591870087
URY,2014,0.845,0.05,1.38809323310852,0.435041129589081,0.99187958240509,0.723710596561432,1.10781645774841,55.7938959838449,0.394418630019933,94.761,0.0,0.0,0.0,0.0,0.9321640810304452,3.4566362610580126,2.542389085201363,3.8585378369544934,0.16551443847757338,1.501852701754163,9.534184711260357,9.992816755889455,0.0,4.612145799724517,3.4517041053875577
URY,2015,0.833,0.044,1.3004002571106,0.454686135053635,0.994889318943024,0.588026165962219,1.14334154129028,55.4593214152973,0.393747261204814,93.159,0.0,1.0,1.0,0.0,0.9321640810304452,3.470536469490521,2.5967461315435356,3.9102614548084853,0.07696104113612832,1.545432582458188,9.583519519190501,10.006477775121056,0.0,4.612145799724517,3.4566362610580126
URY,2016,0.833,0.044,1.24705672264099,0.504967212677002,1.04852175712585,0.681275367736816,1.16300630569458,55.1496787353221,0.391574863070466,96.828,0.0,1.0,1.0,0.0,0.9321640810304452,3.4769541544436393,2.647592232065096,3.9151182103354483,0.07696104113612832,1.5851452198650557,9.58514632133924,10.036336555816389,0.0,4.612145799724517,3.470536469490521
URY,2017,0.826,0.044,1.25341796875,0.404940634965897,1.04009222984314,0.644548296928406,1.1673538684845,55.321344654963,0.390644651728059,98.467,0.0,1.0,0.0,0.0,0.9321640810304452,3.4498405242797503,2.6311691567662523,3.8481242795779145,0.07696104113612832,1.5686159179138452,9.514026542910203,10.069325150690116,0.0,4.613138355637268,3.4769541544436393
URY,2018,0.839,0.044,1.20765292644501,0.504864871501923,1.02414608001709,0.623031616210938,1.19108092784882,55.7690179836488,0.383987575322915,97.536,0.0,1.0,0.0,0.0,0.9321640810304452,3.4385724025011437,2.6693093727857793,3.8498709677057197,0.07696104113612832,1.601405740736836,9.514009861881368,10.101825773650779,0.0,4.613138355637268,3.4498405242797503
URY,2019,0.838,0.044,1.19539678096771,0.643020868301392,1.02829706668854,0.61363160610199,1.22502756118774,56.1724026581556,0.375626576138855,98.258,0.0,1.0,0.0,0.0,0.9321640810304452,3.456921179601259,2.6433338863825186,3.9041319528053746,0.06765864847381481,1.5769147207285403,9.56863154910611,10.157497362450119,0.0,4.6141299273595635,3.4385724025011437
URY,2020,0.81,0.056,1.36466670036316,0.730210959911346,1.05496430397034,0.687180042266846,1.30677044391632,57.0058045846845,0.371738954870943,94.031,0.0,1.0,0.0,0.0,0.9321640810304452,3.4367562704746635,2.6347624053323777,3.7994812104417317,0.06765864847381481,1.5706970841176697,9.461199707829348,10.155267469785754,0.0,4.61512051684126,3.456921179601259
URY,2021,0.795,0.066,1.58596456050873,0.799662232398987,1.04597175121307,0.719142973423004,1.28641426563263,58.0546723824024,0.373815701751837,84.615,0.0,1.0,0.0,0.0,0.9321640810304452,3.510803162984036,2.653241964607215,3.834342505543629,0.06765864847381481,1.5871923034867808,9.49752437040969,10.289867865942039,0.0,4.61512051684126,3.4367562704746635
URY,2022,0.748,0.083,1.61050200462341,0.849587678909302,1.08582961559296,0.713579416275024,1.28492343425751,58.230203441601,0.373671050086178,90.781,0.0,1.0,0.0,0.0,0.9321640810304452,3.497863846349817,2.6741486494265287,3.88003685957029,0.06765864847381481,1.6054298910365616,9.545896260307085,10.40432098118117,0.0,4.61512051684126,3.510803162984036
USA,2003,0.795,0.057,1.7044905424118,1.54012453556061,0.0804403498768806,1.568514585495,1.33822762966156,66.2442570888519,0.317031775438418,9.025,0.0,1.0,1.0,5.815234399950344,4.378144107409657,8.706129380602064,8.262651847954611,10.180516228542038,4.152298955482657,2.6651427000909336,11.41868062948507,10.583835733993064,0.0,4.61512051684126,8.699789417921663
USA,2004,0.799,0.057,1.81070196628571,1.74025785923004,-0.233039826154709,1.55983471870422,1.327751994133,66.751954288499,0.317247522719073,8.733,0.0,0.0,1.0,5.8152940337985335,4.364880475838911,8.735837109585646,8.285074483611744,10.19988591502285,4.129711706059392,2.6769034721053733,11.428172078618102,10.638871115656093,0.0,4.61512051684126,8.706129380602064
USA,2005,0.801,0.057,1.53672695159912,1.53101277351379,-0.0605432577431202,1.60669600963593,1.29452359676361,66.8122802016814,0.317202079106229,8.749,0.0,1.0,1.0,5.8157411743422545,4.363608049149864,8.729892163522225,8.309127889785923,10.200385676422925,4.124712098838497,2.689886230474539,11.41871300045596,10.694768188409387,0.0,4.61512051684126,8.735837109585646
USA,2006,0.807,0.057,1.34489262104034,1.5816855430603,0.49083548784256,1.64094340801239,1.1016218662262,69.5502587176243,0.317069547351601,9.418,0.0,0.0,1.0,5.816634856072323,4.367166771766858,8.704246308113621,8.310503529373708,10.192454911153657,4.116106054003613,2.681706225762608,11.400643048133432,10.742961766038958,0.0,4.61512051684126,8.729892163522225
USA,2007,0.841,0.057,1.37706923484802,1.64327275753021,0.374478042125702,1.49368762969971,1.10981047153473,69.9039976193814,0.316557469705778,8.398,0.0,1.0,1.0,5.812756453883862,4.368054477106998,8.72646929500546,8.336826522583076,10.206096820481168,4.083452121055677,2.696652156149841,11.403915241669091,10.780022958550749,0.0,4.61512051684126,8.704246308113621
USA,2008,0.842,0.057,1.43763339519501,1.60507559776306,0.582659542560577,1.53245806694031,1.14426684379578,70.3676242452717,0.314880888299999,9.181,0.0,1.0,1.0,5.815532533635696,4.368561383720311,8.694445359604368,8.328777100621085,10.181431740316453,4.107096246147264,2.6796507265805123,11.368946197166457,10.790783147474976,0.0,4.61512051684126,8.72646929500546
USA,2009,0.85,0.055,1.28647637367249,1.50298464298248,0.447313606739044,1.39833772182465,1.09722805023193,69.8180094869306,0.314812301493412,10.548,0.0,1.0,1.0,5.819608040161791,4.376008562348319,8.625811884769815,8.287747322151116,10.131082262727958,4.0963425648847736,2.631888840136646,11.308634052616537,10.762063364701394,0.0,4.61512051684126,8.694445359604368
USA,2010,0.85,0.055,1.26525807380676,1.55227208137512,0.438403934240341,1.4438453912735,1.1336270570755,71.0225002045023,0.313211872231201,10.318,0.0,0.0,1.0,5.829739420112677,4.426163130161966,8.667958320064677,8.328673264353881,10.164102094824488,4.103139109903596,2.6609585935683597,11.331836084734848,10.792276168640141,0.0,4.61512051684126,8.625811884769815
USA,2011,0.848,0.055,1.26211905479431,1.5137984752655,0.591247260570526,1.45509660243988,1.12696576118469,71.0600594227491,0.312287329601153,12.467,0.0,1.0,1.0,5.8321756894246,4.424247650107844,8.620835515846025,8.325335106141102,10.155416325402083,4.006059647354529,2.6490076604684267,11.313417370092704,10.820295775130406,0.0,4.61512051684126,8.667958320064677
USA,2012,0.847,0.054,1.40279400348663,1.5213223695755,0.632442116737366,1.29439389705658,1.16158699989319,71.8167991380628,0.311226761464513,12.184,0.0,1.0,1.0,5.813204730268699,4.425564936688365,8.579489338045663,8.316038601118084,10.128563914767316,3.928486731458811,2.6311691567662523,11.277026394313083,10.853394747305911,0.0,4.61512051684126,8.620835515846025
USA,2013,0.85,0.054,1.30592489242554,1.51647663116455,0.643072605133057,1.26038861274719,1.10298919677734,71.6198308739746,0.310888380097752,12.831,0.0,1.0,1.0,5.798213480221301,4.4309358393767555,8.612553725259994,8.322270168613843,10.155398486205648,3.8661884690843467,2.6282852326333477,11.29446030290681,10.883661333713611,0.0,4.61512051684126,8.579489338045663
USA,2014,0.847,0.054,1.37137806415558,1.46162545681,0.582419633865356,1.27628946304321,1.0712331533432,68.5537260351725,0.310315196548275,13.35,0.0,1.0,1.0,5.784440377673656,4.436633184164753,8.614158030299523,8.330916623867848,10.165733117651438,3.8251570724064843,2.6275629501895237,11.295452915584619,10.917891695457017,0.0,4.61512051684126,8.612553725259994
USA,2015,0.848,0.054,1.35772120952606,1.43219923973083,0.662890195846558,1.24220669269562,1.10990250110626,68.4265720439644,0.310548399216006,13.626,0.0,1.0,1.0,5.712312655659576,4.436633184164753,8.606813974862606,8.331263533246071,10.156128778010007,3.699324711975475,2.6195832197798796,11.276572590928108,10.948179762861615,0.0,4.61512051684126,8.614158030299523
USA,2016,0.832,0.07,1.33089566230774,1.44050490856171,0.385635316371918,1.48562073707581,1.11048436164856,67.7172025130987,0.310518159341771,15.288,0.0,1.0,1.0,5.661466308862253,4.4405313640464446,8.568830872195681,8.3320821476185,10.155337154252848,3.6354786773868213,2.611539300721366,11.266463413415694,10.967812494503553,0.0,4.61512051684126,8.606813974862606
USA,2017,0.745,0.104,1.34053254127502,1.51742815971375,0.262138307094574,1.61945760250092,1.0074782371521,67.8384420568828,0.307305605698839,17.452,0.0,1.0,0.0,5.630135934487902,4.440177611315912,8.555020791784614,8.321085845794904,10.15902688775987,3.6270040503958487,2.5930133911138515,11.261005104578105,11.002911496270308,0.0,4.61512051684126,8.568830872195681
USA,2018,0.742,0.101,1.2927473783493,1.53697216510773,0.38623908162117,1.61313998699188,0.995457410812378,67.4242480076124,0.30970265586233,17.45,0.0,1.0,0.0,5.567810009799607,4.441238494305727,8.59288678044331,8.353970484913749,10.195036688251317,3.5773890780805733,2.6152036507358583,11.288467963301208,11.048930406268004,0.0,4.61512051684126,8.555020791784614
USA,2019,0.735,0.097,1.18035709857941,1.45341503620148,0.118298575282097,1.33457458019257,0.905181586742401,66.8287118179924,0.310248851274995,18.295,0.0,1.0,1.0,5.503744912056467,4.440177611315912,8.580662789373823,8.342463543017882,10.187895295216206,3.555633734966574,2.5974910105351463,11.273201070584921,11.085658768818323,0.0,4.61512051684126,8.59288678044331
USA,2020,0.725,0.088,1.03783190250397,1.27459323406219,-0.0278997328132391,1.2384375333786,0.856265664100647,66.2985228194835,0.311741033207543,20.316,0.0,1.0,1.0,5.455107417312226,4.442180557493629,8.462134915456994,8.31666448587304,10.11177712775674,3.4388142452334622,2.5687881337687024,11.192219689903265,11.072907846667107,0.0,4.61512051684126,8.580662789373823
USA,2021,0.752,0.068,1.01927757263184,1.2975310087204,-0.0144246527925134,1.44095718860626,0.87688934803009,66.244623924511,0.310526150336051,20.743,0.0,1.0,1.0,5.417166500386418,4.447228997919515,8.520804370004008,8.341393520812325,10.164228500137455,3.45883716110857,2.5900171341906173,11.2425380801758,11.174769435753669,0.0,4.61512051684126,8.462134915456994
USA,2022,0.763,0.059,1.10414469242096,1.25549554824829,0.00870068650692701,1.42443990707397,0.860348105430603,66.3804234702153,0.311794137223254,22.35,0.0,1.0,1.0,5.347488410554486,4.44886719159269,8.54742058398801,8.37311494719828,10.185409693385427,3.5316406776874447,2.6152036507358583,11.259692727911007,11.262692168652581,0.0,4.61512051684126,8.520804370004008
UZB,2003,0.035,0.855,-0.91487193107605,-1.18841135501862,-1.29919517040253,-1.4239000082016,-1.76460289955139,46.5773673893358,0.367633984368523,16.762,0.0,0.0,0.0,1.275362800412609,0.9555114450274365,5.131992678957874,3.906608372726647,6.317446235556352,2.2596775919827694,1.0647107369924282,9.97651238473407,8.022322464778956,0.0,4.61015772749913,5.206030688653868
UZB,2004,0.035,0.857,-1.06881201267242,-1.20203280448914,-1.45551669597626,-1.58119010925293,-1.78085947036743,45.4521972429888,0.368319832684567,12.274,0.0,1.0,0.0,1.275362800412609,1.0116009116784799,5.139143869493036,3.920982746799618,6.322290516377349,2.180417459019838,1.0647107369924282,9.96907016904138,8.108381452784862,0.0,4.61015772749913,5.131992678957874
UZB,2005,0.032,0.867,-1.22963762283325,-1.2245956659317,-1.95789563655853,-1.51382398605347,-1.93023896217346,44.1164837867505,0.367805942923728,18.733,0.0,0.0,0.0,1.275362800412609,0.9969486348916095,5.172072428387166,3.8792931808052273,6.332679092614536,2.0320878452963655,1.0296194171811583,9.966969406222232,8.193912920055714,0.0,4.609162207257629,5.139143869493036
UZB,2006,0.033,0.865,-1.01633596420288,-1.18593215942383,-1.78465950489044,-1.62845742702484,-2.07179737091064,43.0013661560506,0.363223096166527,9.428,0.0,0.0,0.0,1.275362800412609,0.9969486348916095,5.2416379834199835,3.910021002757473,6.264899991574852,1.925707441737794,1.0402767116551463,9.886175561030011,8.283235583586938,0.0,4.61015772749913,5.172072428387166
UZB,2007,0.034,0.865,-1.03378558158875,-1.13997316360474,-1.36203336715698,-1.50605273246765,-2.11763787269592,43.1275973127062,0.361732149666825,9.527,0.0,0.0,0.0,1.275362800412609,0.9969486348916095,5.21292543770939,3.932021691934835,6.325299380264819,1.6448050562713916,1.0473189942805592,9.93266380588702,8.386430382540569,0.0,4.61015772749913,5.2416379834199835
UZB,2008,0.034,0.865,-1.06285727024078,-0.899454832077026,-1.20710647106171,-1.36384046077728,-2.10014271736145,43.4118518355206,0.358671959999572,8.941,0.0,0.0,0.0,1.275362800412609,1.007957920399979,5.282568325370191,3.938080539747436,6.262094555992506,1.3737155789130306,1.0402767116551463,9.853997210799584,8.47659182740435,0.0,4.61015772749913,5.21292543770939
UZB,2009,0.034,0.851,-1.27607345581055,-0.647138357162476,-0.950552523136139,-1.46917331218719,-2.10261058807373,42.755458765444,0.35679411061854,12.934,0.0,1.0,0.0,1.275362800412609,1.007957920399979,5.181759722516296,3.9328055446106744,6.263762005952795,1.1249295969854831,1.0260415958332743,9.839628693709125,8.544120270891067,0.0,4.61015772749913,5.282568325370191
UZB,2010,0.036,0.849,-1.30798542499542,-0.733642399311066,-0.720438122749329,-1.5364773273468,-2.08567190170288,42.1049486418103,0.354044950989855,15.759,0.0,0.0,0.0,1.275362800412609,1.0260415958332743,5.264120547386253,3.9473901492654373,6.266558976554152,0.9001613499442714,1.0260415958332743,9.826588797460182,8.613567600966,0.0,4.611152257665639,5.181759722516296
UZB,2011,0.036,0.849,-1.38756489753723,-0.698397278785706,-0.599719345569611,-1.55778133869171,-2.12443065643311,41.7415374316781,0.354600718437807,10.795,0.0,0.0,0.0,1.275362800412609,1.0260415958332743,5.286993108274071,3.9716117968398037,6.3116640262485895,0.712949807856125,1.0331844833456545,9.856475187145556,8.691227860528691,0.0,4.612145799724517,5.264120547386253
UZB,2012,0.037,0.849,-1.31068003177643,-0.926168859004974,-0.518739342689514,-1.5799834728241,-2.0335488319397,42.290536342237,0.354392809563666,12.547,0.0,0.0,0.0,1.275362800412609,1.0367368849500223,5.225230942609248,3.9764990246125107,6.299788967721082,0.5538851132264376,1.0260415958332743,9.8294732375349,8.727314341742641,0.0,4.612145799724517,5.286993108274071
UZB,2013,0.037,0.849,-1.27343332767487,-0.931166350841522,-0.536078989505768,-1.60398280620575,-1.9666668176651,43.0376984616206,0.355648560588523,10.438,0.0,1.0,0.0,1.275362800412609,1.0367368849500223,5.224779631918059,4.0024120051558265,6.30369348982292,0.412109650826833,1.0331844833456545,9.817715153151207,8.766195328077101,0.0,4.613138355637268,5.225230942609248
UZB,2014,0.038,0.849,-1.19475960731506,-0.637559771537781,-0.273108631372452,-1.72982561588287,-1.91344571113586,44.3655045453223,0.356174375103511,10.888,0.0,0.0,0.0,1.275362800412609,1.0543120297715298,5.164995889629727,4.024815832903268,6.340657319281432,0.3074846997479606,1.0367368849500223,9.83809741554336,8.796454988558372,0.0,4.613138355637268,5.224779631918059
UZB,2015,0.036,0.852,-1.28585171699524,-0.752948343753815,-0.374532461166382,-1.6880589723587,-1.95627927780151,44.5629128519114,0.353469592143548,11.879,0.0,1.0,1.0,1.275362800412609,1.0577902941478545,5.137492964253276,4.0451543180313285,6.2937057442808415,0.23111172096338664,1.0402767116551463,9.773799109171202,8.824762200613266,0.0,4.6141299273595635,5.164995889629727
UZB,2016,0.038,0.853,-1.20056760311127,-0.661517918109894,-0.280753701925278,-1.63551414012909,-1.88692986965179,46.6771803041603,0.351275618483288,11.685,0.0,0.0,1.0,1.2499017362143359,1.0577902941478545,5.198040381131608,4.064057161283644,6.257154046080931,0.23111172096338664,1.0402767116551463,9.71992606734858,8.842213642533778,0.0,4.6141299273595635,5.137492964253276
UZB,2017,0.052,0.798,-1.18715500831604,-0.630247414112091,-0.244978666305542,-1.29147446155548,-1.79745352268219,46.888421981896,0.350539693270788,13.051,0.0,1.0,1.0,1.2499017362143359,1.0508216248317612,5.232027743516951,4.11414718951828,6.289240504464991,0.23111172096338664,1.0612565021243408,9.735127834085814,8.964313371550315,0.0,4.61512051684126,5.198040381131608
UZB,2018,0.066,0.799,-1.08264088630676,-0.61695796251297,-0.304401099681854,-1.13866889476776,-1.62735140323639,48.6156491786707,0.355223466760842,9.359,0.0,1.0,0.0,1.2499017362143359,1.068153081183401,5.221444477059659,4.15512603448196,6.2915839542633964,0.5481214085096876,1.0784095813505903,9.720206455530674,9.003286091760762,0.0,4.61512051684126,5.232027743516951
UZB,2019,0.077,0.784,-1.04705107212067,-0.600097477436066,-0.296637773513794,-1.05532276630402,-1.65221631526947,49.0183392964622,0.355007499668333,10.179,0.0,1.0,1.0,1.2499017362143359,1.068153081183401,5.240030870501679,4.187683102652602,6.2996309997037665,0.7514160886839212,1.0885619528146082,9.71017133536671,9.05311098898681,0.0,4.61512051684126,5.221444477059659
UZB,2020,0.085,0.777,-1.0734041929245,-0.615506291389465,-0.43669804930687,-0.999216437339783,-1.53147614002228,49.0026101624685,0.356543026752724,7.53,0.0,0.0,1.0,1.2499017362143359,1.1052568313867783,5.279351753834521,4.249209272783016,6.293082808198522,0.5423242908253616,1.1184149159642893,9.684928600866268,9.042244159614299,0.0,4.61512051684126,5.240030870501679
UZB,2021,0.081,0.789,-0.829755306243896,-0.264640539884567,-0.252933233976364,-0.595436334609985,-1.39758455753326,50.1788400512823,0.358322584952239,7.027,0.0,1.0,1.0,1.2499017362143359,1.11514159061932,5.3324702645987845,4.331127999240345,6.357698408674056,1.085189268335969,1.1600209167967532,9.730276667249383,9.132232206464641,0.0,4.6141299273595635,5.279351753834521
UZB,2022,0.08,0.826,-0.757770240306854,-0.329937309026718,-0.20133601129055,-0.55031543970108,-1.33092367649078,50.7615857837899,0.35982365840373,9.218,0.0,1.0,0.0,1.2499017362143359,1.172482137234565,5.2952845922804865,4.361823927356363,6.386074281601971,1.0885619528146082,1.169381359556317,9.738599760674544,9.239270913092206,0.0,4.61512051684126,5.3324702645987845
ZAF,2003,0.627,0.433,0.275540828704834,0.599580049514771,-0.312842577695847,0.819586336612701,0.700217008590698,46.9370483021691,0.409466291055405,0.538,0.0,0.0,1.0,3.6916256797819615,0.8501509293696101,6.128589613677042,5.451724913177349,7.138039673678524,0.29266961396282,1.7561322915849038,10.163467823702296,9.120396871990456,0.0,4.379523504455763,6.104199316640896
ZAF,2004,0.637,0.433,0.397753119468689,0.559140086174011,-0.131729558110237,0.692467272281647,0.715736925601959,47.534660892642,0.407513079979406,0.556,0.0,0.0,1.0,3.6916256797819615,0.5306282510621704,6.218298566252866,5.48963995887241,7.225316248070853,0.29266961396282,1.7783364488959144,10.240733561147138,9.181390693104225,0.0,4.401829261970061,6.128589613677042
ZAF,2005,0.647,0.433,0.483857184648514,0.567057847976685,-0.162092119455338,0.715097188949585,0.649010360240936,47.3976219353793,0.411870793335461,0.731,0.0,0.0,1.0,3.6916256797819615,0.5306282510621704,6.283824042797795,5.49548648409001,7.170367205086645,0.29266961396282,1.7749523509116738,10.175619381727287,9.253555741500609,0.0,4.404277243608702,6.218298566252866
ZAF,2006,0.648,0.436,0.37827143073082,0.325101375579834,0.0470300763845444,0.746972680091858,0.651613116264343,47.0434808501743,0.406652283224497,1.316,0.0,0.0,1.0,3.6916256797819615,0.5306282510621704,6.2820087891860945,5.528833672191659,7.190722001625356,0.29266961396282,1.7950872593207297,10.185772499171168,9.328228251547095,0.0,4.403054001865957,6.283824042797795
ZAF,2007,0.651,0.436,0.197672486305237,0.283431172370911,0.215346544981003,0.595666348934174,0.578765213489532,46.4295411483748,0.407210322656221,1.264,0.0,0.0,1.0,3.6916256797819615,0.5306282510621704,6.303333391267631,5.565822241561,7.217585021085341,0.8671004876833832,1.8164520818184267,10.202104854332655,9.396621172879842,0.0,4.418840607796598,6.2820087891860945
ZAF,2008,0.648,0.437,0.153828725218773,0.332178503274918,0.049528993666172,0.656967222690582,0.575648128986359,46.2610631534599,0.407698309167665,0.681,0.0,1.0,1.0,3.6916256797819615,0.5306282510621704,6.379916322909732,5.5439657732023155,7.2866689980448385,0.8671004876833832,1.7884205679625405,10.259704151450826,9.435582761586037,0.0,4.417635062141249,6.303333391267631
ZAF,2009,0.65,0.461,0.125426694750786,0.310807675123215,-0.114492610096931,0.449182033538818,0.570525586605072,46.4347315847622,0.407433895857732,0.781,0.0,1.0,1.0,3.6916256797819615,0.5423242908253616,6.290294945557992,5.516649360865024,7.282220827456095,1.2296405510745139,1.7561322915849038,10.243314655295416,9.414293894153872,0.0,4.426043520090656,6.379916322909732
ZAF,2010,0.662,0.468,0.0653930976986885,0.191702410578728,-0.0294270031154156,0.445573270320892,0.602090120315552,45.7148323056849,0.406422016520693,0.616,0.0,1.0,1.0,3.6916256797819615,0.5481214085096876,6.321299671305738,5.55346333398774,7.289603012890556,1.2296405510745139,1.776645831418007,10.238872769994597,9.444486470476814,0.0,4.428433007488037,6.290294945557992
ZAF,2011,0.658,0.468,-0.00423370534554124,0.217559650540352,0.0240315701812506,0.446406275033951,0.590838611125946,45.5368295938163,0.403822905231616,1.367,0.0,1.0,1.0,3.6916256797819615,0.5538851132264376,6.272408981538623,5.562487691413844,7.277395607887251,1.2296405510745139,1.7749523509116738,10.214294704762363,9.48373536868605,0.0,4.437934266612178,6.321299671305738
ZAF,2012,0.661,0.468,-0.184170603752136,0.170115306973457,-0.0253867004066706,0.398661673069,0.5821533203125,45.2921524321444,0.401159295880016,0.609,0.0,1.0,1.0,3.6916256797819615,0.5538851132264376,6.307493305847629,5.536940488710632,7.262000072495802,1.2296405510745139,1.7404661748405044,10.184141535724667,9.471765554685215,0.0,4.456670177669648,6.272408981538623
ZAF,2013,0.645,0.459,-0.138074696063995,0.30602103471756,-0.0462945364415646,0.380482465028763,0.600654542446136,46.034586494168,0.401917599563915,0.726,0.0,1.0,1.0,3.6916256797819615,0.5538851132264376,6.314631405586496,5.531965550507332,7.266526324564095,1.2296405510745139,1.7227665977411035,10.17214493526981,9.500801444724228,0.0,4.456670177669648,6.307493305847629
ZAF,2014,0.637,0.461,-0.125287011265755,0.165043815970421,-0.146388962864876,0.230833724141121,0.640296518802643,46.7313418491964,0.39935232071188,1.688,0.0,1.0,0.0,3.6916256797819615,0.5481214085096876,6.352759170905327,5.533784667551078,7.278659997739079,1.2296405510745139,1.7119945007591926,10.167672965398067,9.500016084705432,0.0,4.464758032271346,6.314631405586496
ZAF,2015,0.649,0.472,-0.0708397477865219,0.0873290970921516,-0.220544874668121,0.208593904972076,0.648553431034088,46.7177798090543,0.398014539067049,2.744,0.0,1.0,1.0,3.7111300630487563,0.5596157879354227,6.348465834317791,5.520860737790214,7.255885016417945,1.2296405510745139,1.6845453849209058,10.124784800480745,9.502899791907758,0.0,4.457829598089382,6.352759170905327
ZAF,2016,0.646,0.472,0.0170262884348631,0.101402580738068,-0.149085000157356,0.119783155620098,0.648330509662628,47.9960620742293,0.396398148237373,3.331,0.0,1.0,1.0,3.7111300630487563,0.5596157879354227,6.31269939262776,5.5137512747921935,7.300514001805806,1.2296405510745139,1.6714733033535532,10.160037833121603,9.51194927758269,0.0,4.441474093317302,6.348465834317791
ZAF,2017,0.627,0.48,-0.12777316570282,0.0707959234714508,-0.284803628921509,0.13887757062912,0.630274713039398,46.9900443450962,0.395716292250498,4.866,0.0,1.0,1.0,3.74926875412672,0.5596157879354227,6.372255589755955,5.520700628915837,7.29718720649498,1.2296405510745139,1.6714733033535532,10.15017093517046,9.528025705076896,0.0,4.447346100794524,6.31269939262776
ZAF,2018,0.639,0.486,-0.136797428131104,0.103647440671921,-0.237546816468239,-0.0407781675457954,0.63723361492157,46.7438953136678,0.397539192450871,4.88,0.0,1.0,0.0,3.7679216614538893,0.5596157879354227,6.381405862114592,5.53192596771001,7.251954017731288,1.2296405510745139,1.665818245870208,10.088085557920362,9.49914907074142,0.0,4.450852825603734,6.372255589755955
ZAF,2019,0.617,0.444,-0.0312809906899929,0.127971157431602,-0.2832210958004,0.00850539095699787,0.643925607204437,47.0337274236925,0.397174617695005,5.028,1.0,1.0,1.0,3.803992261214441,0.5596157879354227,6.343203961971015,5.515040350059324,7.294858161916724,1.2296405510745139,1.6389967146756448,10.114522611040082,9.500206442435484,0.29437106060257756,4.454347296253507,6.381405862114592
ZAF,2020,0.606,0.404,-0.0594757050275803,0.0465345233678818,-0.252867221832275,0.0204948224127293,0.690293967723846,46.8603147135462,0.396480621339519,5.842,1.0,1.0,1.0,3.821660565347755,0.5596157879354227,6.274137835560559,5.46653999896249,7.244653853279955,1.2296405510745139,1.5871923034867808,10.04806423325997,9.44715691987741,0.29437106060257756,4.51085950651685,6.343203961971015
ZAF,2021,0.607,0.424,-0.0341691114008427,-0.0701303705573082,-0.750981450080872,-0.0907086357474327,0.783295750617981,47.4197726276826,0.396159191866837,7.308,1.0,1.0,1.0,3.855875844805145,0.5596157879354227,6.2903523791579925,5.488234999963619,7.2489662699505235,1.2296405510745139,1.5933085305042167,10.036974850438492,9.523906163063556,0.29437106060257756,4.5031374604229395,6.274137835560559
ZAF,2022,0.605,0.448,-0.33009460568428,-0.109027646481991,-0.681386351585388,-0.185125753283501,0.723274409770966,46.3955255180428,0.395066723036513,9.751,0.0,1.0,1.0,3.847804433101495,0.5596157879354227,6.215353194916943,5.473656267914107,7.205760632534476,1.2296405510745139,1.5706970841176697,9.97960050266324,9.599001602747805,0.0,4.471638793363569,6.2903523791579925
ZMB,2003,0.402,0.265,-0.641858518123627,-1.00848138332367,0.218379899859428,-0.640948832035065,-0.366780430078506,38.3009330986675,0.517032520445362,99.279,0.0,0.0,0.0,0.0,1.0043016091968684,-3.557851744002336,2.175887439948088,2.859797996313158,0.08617769624105233,0.5364933705145685,7.312822974799164,7.572099204291994,0.0,2.970414465569701,-3.6043544141187494
ZMB,2004,0.402,0.265,-0.604488134384155,-0.931252717971802,0.190814405679703,-0.629703283309937,-0.444224864244461,37.9456441629565,0.511033646884036,99.412,0.0,0.0,0.0,0.0,1.0043016091968684,-3.5178044538939015,2.2278615467981093,2.8941424177923576,0.08617769624105233,0.5481214085096876,7.317454742872281,7.634790365331221,0.0,3.0587070727153796,-3.557851744002336
ZMB,2005,0.419,0.207,-0.59244042634964,-0.936883449554443,0.108463242650032,-0.742618680000305,-0.430345922708511,37.8480655841425,0.506803596307428,99.329,0.0,0.0,0.0,0.0,1.0043016091968684,-3.4523558576722637,2.272125885509337,2.9451755499368386,0.08617769624105233,0.5538851132264376,7.338344776370399,7.70247120701553,0.0,3.190476350346503,-3.5178044538939015
ZMB,2006,0.419,0.207,-0.551735699176788,-0.877598881721497,0.363792210817337,-0.65560656785965,-0.207338288426399,37.5674099240812,0.506576426919341,99.897,0.0,0.0,1.0,0.0,1.0043016091968684,-3.375112883494694,2.3194422100604686,2.958549482426275,0.08617769624105233,0.5653138090500605,7.318022173373124,7.774432314745986,0.0,3.2228678461377385,-3.4523558576722637
ZMB,2007,0.422,0.202,-0.398109436035156,-0.746833682060242,0.363629281520844,-0.567137718200684,-0.206985205411911,38.2070431444149,0.506671281713627,99.896,0.0,1.0,0.0,0.0,0.9820784724121581,-3.310837193980716,2.3513752571634776,2.8641988835921413,0.08617769624105233,0.5653138090500605,7.183084366517741,7.846077280840158,0.0,2.970414465569701,-3.375112883494694
ZMB,2008,0.422,0.344,-0.389601320028305,-0.761386632919312,0.472572863101959,-0.508774042129517,-0.161100178956985,38.4140797758293,0.505259968518541,99.895,0.0,1.0,1.0,0.0,0.9820784724121581,-3.183357883878613,2.3702437414678603,2.944965156500338,0.08617769624105233,0.5596157879354227,7.232834287131049,7.904337867806251,0.0,3.2846635654062037,-3.310837193980716
ZMB,2009,0.422,0.378,-0.46949765086174,-0.81895786523819,0.569586157798767,-0.542492091655731,-0.300323873758316,38.0856657696961,0.505694513208793,99.899,0.0,0.0,0.0,0.0,0.9858167945227653,-3.0067587116730685,2.3331142980288684,2.9530335190208756,0.08617769624105233,0.5247285289349821,7.205971422768544,7.963273613510513,0.0,3.3178157727231046,-3.183357883878613
ZMB,2010,0.425,0.346,-0.518319189548492,-0.862070262432098,0.515351355075836,-0.524832308292389,-0.243015319108963,37.6257592387673,0.505610460469804,99.904,0.0,1.0,1.0,0.0,1.0612565021243408,-2.784848313345221,2.387844936944869,2.990015966557882,0.08617769624105233,0.5364933705145685,7.210319067352163,8.03872633144917,0.0,3.1354942159291497,-3.0067587116730685
ZMB,2011,0.42,0.311,-0.410753279924393,-0.682568550109863,0.509773790836334,-0.467423737049103,-0.170420810580254,38.3622341253679,0.502867877480326,99.913,0.0,1.0,0.0,0.0,1.0612565021243408,-2.982398501844192,2.5321082512722946,3.1222768148789473,0.08617769624105233,0.5877866649021191,7.315779775725885,8.080078624213755,0.0,3.3775875160230218,-2.784848313345221
ZMB,2012,0.419,0.21,-0.291441261768341,-0.509467363357544,0.660962522029877,-0.444079786539078,-0.132826566696167,38.8793229210586,0.501552544274584,99.838,0.0,1.0,0.0,0.0,1.0647107369924282,-2.7179310170859425,2.529720665577793,3.219635536214443,0.08617769624105233,0.5709795465857378,7.3849430404412795,8.109114607813735,0.0,3.407841924380824,-2.982398501844192
ZMB,2013,0.389,0.258,-0.315815895795822,-0.520099937915802,0.435933291912079,-0.494722932577133,-0.106101609766483,39.0554467278667,0.499443430290279,99.85,0.0,0.0,0.0,0.0,1.1817271953786161,-2.5446920309689793,2.587011872725154,3.2604399439458933,0.06765864847381481,0.5877866649021191,7.395398044904296,8.154293711694624,0.0,3.4372078191851885,-2.7179310170859425
ZMB,2014,0.384,0.258,-0.34807288646698,-0.534005224704742,0.156212016940117,-0.533904850482941,-0.109524846076965,39.8427893454073,0.497722413226082,97.176,0.0,1.0,0.0,0.0,1.1817271953786161,-2.359868818654351,2.658859956911438,3.3533367853106553,0.1310282624064041,0.6097655716208943,7.460058106571879,8.143899482299354,0.0,3.3638415951183864,-2.5446920309689793
ZMB,2015,0.368,0.296,-0.368724584579468,-0.643124341964722,0.144709780812263,-0.495386928319931,-0.0665627419948578,39.2117966220629,0.497209141369562,97.039,0.0,1.0,1.0,0.0295588022415444,1.184789984909162,-2.1679359821913353,2.647592232065096,3.3810967099551523,0.1310282624064041,0.5877866649021191,7.457608712681394,8.113268816432067,0.0,3.4688560301359703,-2.359868818654351
ZMB,2016,0.33,0.324,-0.427309334278107,-0.737501263618469,0.132928282022476,-0.539625227451324,-0.300710409879684,39.909523098729,0.496988109886863,94.308,0.0,1.0,1.0,0.2851789422336624,1.220829921392359,-2.027898898382824,2.6504210882655737,3.408636310759154,0.1310282624064041,0.5766133643039938,7.4551729717338695,8.106017171761641,0.0,3.594568774642695,-2.1679359821913353
ZMB,2017,0.293,0.367,-0.567571640014648,-0.70034521818161,0.142043307423592,-0.516228199005127,-0.335766673088074,39.5160890656927,0.495387105042532,86.332,0.0,1.0,1.0,0.2851789422336624,1.2237754316221157,-1.6816754647401533,2.7245795030534206,3.5598521883776995,0.18232155679395462,0.598836501088704,7.580410424659093,8.129360028414977,0.0,3.720862499966987,-2.027898898382824
ZMB,2018,0.294,0.439,-0.678888440132141,-0.653517723083496,0.0826330557465553,-0.527298510074615,-0.336247116327286,39.3144193260271,0.494953510406787,84.644,0.0,1.0,0.0,0.2851789422336624,1.2237754316221157,-1.3068424616141032,2.785628335747585,3.6432019406172835,0.173953307123438,0.6151856390902335,7.636013296404273,8.144177772410444,0.0,3.7184382563554808,-1.6816754647401533
ZMB,2019,0.305,0.542,-0.67217880487442,-0.741789400577545,-0.116989657282829,-0.613412022590637,-0.30962148308754,39.5156305147751,0.489835319244313,84.652,0.0,1.0,1.0,0.2851789422336624,1.2237754316221157,-0.8188907953419875,2.7087166456453704,3.619770504461604,0.173953307123438,0.5653138090500605,7.582365710683602,8.120409541065161,0.0,3.784189633918261,-1.3068424616141032
ZMB,2020,0.293,0.44,-0.731881856918335,-0.824682414531708,-0.13097919523716,-0.687793910503387,-0.429177761077881,39.3293456736483,0.488454398332421,85.489,0.0,1.0,0.0,0.2851789422336624,1.2237754316221157,-0.49852193901438124,2.7093826463359885,3.676174081616382,0.173953307123438,0.5538851132264376,7.6112131215078005,8.057789216620199,0.0,3.8199077165203406,-0.8188907953419875
ZMB,2021,0.339,0.468,-0.757704794406891,-0.840983033180237,0.0524137951433659,-0.570348262786865,-0.372968107461929,39.3235046754847,0.488155859866661,91.986,0.0,1.0,1.0,0.2851789422336624,1.3110318766193438,0.3988225848899388,2.808800104202353,3.7445979428702802,0.173953307123438,0.5877866649021191,7.653178445929649,8.161670416100169,0.0,3.8649313978942956,-0.49852193901438124
ZMB,2022,0.439,0.378,-0.504948019981384,-0.638017058372498,0.161331877112389,-0.529057919979095,-0.0794507637619972,40.3754149387943,0.486409004727241,88.906,0.0,1.0,0.0,0.2851789422336624,1.4279160358107101,1.4928734719492318,2.8581928595319295,3.714547200862514,0.173953307123438,0.598836501088704,7.594784784670837,8.253676634643854,0.0,3.8877303128591016,0.3988225848899388
ZWE,2003,0.156,0.811,-1.18886756896973,-0.935435831546783,-1.08758056163788,-1.85519170761108,-1.43119192123413,33.5856744390467,0.526667786260722,60.751,0.0,1.0,0.0,0.6678293725756554,0.5128236264286637,3.497722932852195,2.5626389983283526,3.7774396310934164,0.0,0.6830968447064438,8.158247958033865,7.904330992588103,0.0,3.586292865338835,3.5569942208999765
ZWE,2004,0.151,0.811,-1.25356316566467,-1.0071257352829,-1.20470404624939,-1.97493207454681,-1.55357718467712,33.3129549622097,0.527278962444413,56.584,0.0,0.0,0.0,0.6678293725756554,0.5128236264286637,3.5099217875769013,2.546315277916644,3.680090948080857,0.0,0.6678293725756554,8.047671685930162,7.860192794447613,0.0,3.6000482404073204,3.497722932852195
ZWE,2005,0.151,0.811,-1.31461668014526,-1.35831820964813,-1.26764357089996,-2.20154404640198,-1.67494142055511,33.0708651605133,0.523748547646841,52.457,0.0,0.0,0.0,0.6678293725756554,0.5128236264286637,3.5826849454226353,2.590767040487478,3.7498804756713353,0.0,0.688134638736401,8.109723174821555,7.822813578668708,0.0,3.6136169696133895,3.5099217875769013
ZWE,2006,0.15,0.811,-1.3729487657547,-1.26054012775421,-0.931996047496796,-1.93442177772522,-1.53924381732941,32.0789037705264,0.525567098586667,67.794,0.0,0.0,1.0,0.6678293725756554,0.5128236264286637,3.5869115557971765,2.5556757206762075,3.7449761934658063,0.0,0.6626879730752367,8.092529361624186,7.805782818889735,0.0,3.6428355156125294,3.5826849454226353
ZWE,2007,0.15,0.811,-1.40475797653198,-1.2986204624176,-1.1103447675705,-2.07525968551636,-1.57152092456818,32.2976835032557,0.519475794537076,71.579,0.0,0.0,0.0,0.6678293725756554,0.5128236264286637,3.6211589286574526,2.4449523342809676,3.7185838768202673,0.0,0.598836501088704,8.05232419734035,7.782131065346495,0.0,3.6428355156125294,3.5869115557971765
ZWE,2008,0.147,0.811,-1.34883809089661,-1.54632294178009,-1.21233808994293,-2.06489610671997,-1.54903090000153,31.7917372214992,0.520489592130994,75.885,0.0,0.0,0.0,0.6678293725756554,0.5596157879354227,3.5837577394556868,2.277267285009756,3.4693854849655987,0.0,0.5187937934151676,7.7841082086561055,7.594838523287205,0.0,3.655839600035736,3.6211589286574526
ZWE,2009,0.177,0.802,-1.35787522792816,-1.55316436290741,-1.16718089580536,-2.08098173141479,-1.53921008110046,31.7142123638158,0.514264430729419,75.72,0.0,0.0,0.0,0.6678293725756554,0.5596157879354227,3.6329364702764924,2.258633205464863,3.474045036139574,0.0,0.5007752879124893,7.774868371628094,7.711482985014978,0.0,3.793239469438179,3.5837577394556868
ZWE,2010,0.197,0.789,-1.37328672409058,-1.53839468955994,-1.10401391983032,-2.00182390213013,-1.47518157958984,30.8667583452051,0.518763969698638,67.94,0.0,0.0,1.0,0.6678293725756554,0.5596157879354227,3.7432209437185504,2.3389170222414357,3.595639629644188,0.0,0.5306282510621704,7.883948678008516,7.886970041616172,0.0,3.686376323895818,3.6329364702764924
ZWE,2011,0.197,0.789,-1.42562651634216,-1.42085576057434,-0.945328533649445,-1.8921492099762,-1.46376252174377,30.7561696744539,0.511557169282433,57.688,0.0,1.0,1.0,0.6678293725756554,0.5596157879354227,3.8863196576633454,2.3767644911682972,3.7310765028137247,0.009950330853168083,0.5423242908253616,8.005179195148605,8.022344943133632,0.0,3.6349511120883804,3.7432209437185504
ZWE,2012,0.196,0.788,-1.38180339336395,-1.37375247478485,-0.778662025928497,-1.87189054489136,-1.47196817398071,31.3751910488421,0.506888747253479,60.219,0.0,1.0,1.0,0.6678293725756554,0.5596157879354227,3.823798516535806,2.3702437414678603,3.825353388213809,0.009950330853168083,0.5306282510621704,8.085407002983585,8.152913899000305,0.0,3.8066624897703196,3.8863196576633454
ZWE,2013,0.206,0.743,-1.42002665996552,-1.30847012996674,-0.665949761867523,-1.85489869117737,-1.38633239269257,31.2042194370063,0.510694715857151,53.774,0.0,0.0,0.0,0.6678293725756554,0.5653138090500605,3.8265483679308323,2.4042387467205457,3.85925493988949,0.009950330853168083,0.5423242908253616,8.105959476845205,8.238786987976187,0.0,3.728100167267218,3.823798516535806
ZWE,2014,0.209,0.743,-1.40475881099701,-1.2813538312912,-0.713570177555084,-1.892657995224,-1.25700736045837,31.4394604014649,0.512113336816543,55.172,0.0,1.0,0.0,0.6678293725756554,0.5653138090500605,3.776295207735618,2.3758355547336385,3.8215948889354148,0.009950330853168083,0.5247285289349821,8.053781229319096,8.269866566796304,0.0,3.505557396986398,3.8265483679308323
ZWE,2015,0.208,0.743,-1.33777570724487,-1.24957311153412,-0.619207262992859,-1.65623307228088,-1.16633772850037,31.5940930903438,0.516161147136235,52.555,0.0,0.0,1.0,0.6678293725756554,0.5709795465857378,3.8002791623347774,2.3504224224082058,3.847847085209582,0.009950330853168083,0.5068176023684519,8.067208950286084,8.305706100674934,0.0,3.5467396869528134,3.776295207735618
ZWE,2016,0.201,0.762,-1.28866481781006,-1.25887811183929,-0.620809733867645,-1.69492197036743,-1.1791604757309,32.421994404885,0.519079573666197,44.909,0.0,0.0,0.0,0.6678293725756554,0.5766133643039938,3.757402889247936,2.3045830956567186,3.757495587977514,0.009950330853168083,0.4824261492442927,7.960946471791299,8.360878353272318,0.0,3.7727609380946383,3.8002791623347774
ZWE,2017,0.221,0.739,-1.29811477661133,-1.28023886680603,-0.710430860519409,-1.57755374908447,-1.1963711977005,32.5083110221753,0.518045813144562,54.702,0.0,1.0,0.0,0.6678293725756554,0.5766133643039938,3.7446836784880766,2.3767644911682972,3.676098119749203,0.009950330853168083,0.5068176023684519,7.863108634591023,9.283353393047419,0.0,3.8066624897703196,3.757402889247936
ZWE,2018,0.211,0.762,-1.24637961387634,-1.29795515537262,-0.721012055873871,-1.52565240859985,-1.13737499713898,32.9652354798895,0.513800278705801,55.673,0.0,1.0,0.0,0.6678293725756554,0.7323678937132266,3.790426969774206,2.4379897300002487,3.7970385500902015,0.009950330853168083,0.5306282510621704,7.972100086961745,8.29252115222812,0.0,3.8372994592322094,3.7446836784880766
ZWE,2019,0.197,0.765,-1.29033386707306,-1.3104350566864,-0.943302512168884,-1.48651528358459,-1.1648313999176,33.2178833610712,0.505822383876541,51.651,0.0,1.0,0.0,0.6678293725756554,0.7323678937132266,3.7545198303800094,2.359910159613315,3.7078238701148742,0.009950330853168083,0.48858001481867097,7.865142271762084,8.334844997072846,0.0,3.8649313978942956,3.790426969774206
ZWE,2020,0.192,0.795,-1.30878782272339,-1.34236812591553,-1.05274343490601,-1.43441534042358,-1.11459863185883,33.2292968725814,0.507918458404159,58.569,0.0,1.0,0.0,0.6678293725756554,0.7323678937132266,3.7144986144160814,2.2710944259026746,3.5434489759037304,0.009950330853168083,0.44468582126144574,7.6797450627628745,8.33796737692869,0.0,3.983413001514819,3.7545198303800094
ZWE,2021,0.188,0.826,-1.27714729309082,-1.29056119918823,-0.954442739486694,-1.38610911369324,-1.14104509353638,33.5813330118251,0.505453254341861,70.712,0.0,1.0,1.0,0.6678293725756554,0.7323678937132266,3.770319557871681,2.425687290128029,3.6541844843170495,0.009950330853168083,0.5007752879124893,7.776297583890193,8.48220595272155,0.0,3.912023005428146,3.7144986144160814
ZWE,2022,0.18,0.806,-1.25996947288513,-1.25122380256653,-0.894974112510681,-1.42596733570099,-1.10950314998627,33.8217375133489,0.502217314006228,67.338,0.0,1.0,0.0,0.6931471805599453,0.7323678937132266,3.7903037867319425,2.47232786758114,4.083957469335614,0.009950330853168083,0.5187937934151676,8.198107685770196,8.593571895991488,0.0,3.933784497209659,3.770319557871681
