iso_alpha_3,year,total_emissions_excl_lulucf,total_emissions
ABW,2000,0.34803314619048,0.34803314619048
ABW,2001,0.3510933622658,0.3510933622658
ABW,2002,0.37648610365328,0.37648610365328
ABW,2003,0.42681025852753,0.42681025852753
ABW,2004,0.44115869321368,0.44115869321368
ABW,2005,0.47827319877944,0.47827319877944
ABW,2006,0.48773812420836,0.48773812420836
ABW,2007,0.52282749914674,0.52282749914674
ABW,2008,0.51530151916293,0.51530151916293
ABW,2009,0.5507351851186,0.5507351851186
ABW,2010,0.5289147747881,0.5289147747881
ABW,2011,0.34091756471299,0.34091756471299
ABW,2012,0.40571470348903,0.40571470348903
ABW,2013,0.44053677564782,0.44053677564782
ABW,2014,0.46992312834595,0.46992312834595
ABW,2015,0.49151642823956,0.49151642823956
ABW,2016,0.5150733614816,0.5150733614816
ABW,2017,0.49668832510882,0.49668832510882
ABW,2018,0.49496691759112,0.49496691759112
ABW,2019,0.54001348922373,0.54001348922373
ABW,2020,0.51908072717292,0.51908072717292
ABW,2021,0.53833479944398,0.53833479944398
ABW,2022,0.56749202966932,0.56749202966932
ABW,2023,0.56950278847654,0.56950278847654
AFG,2000,14.36494047162,24.910940471620002
AFG,2001,12.628446199973,23.174446199972998
AFG,2002,15.22857195038,25.77457195038
AFG,2003,15.857564956621,26.403564956620997
AFG,2004,15.993336269049,26.539336269049
AFG,2005,16.14491309459,26.690913094589998
AFG,2006,16.338498178131,26.884498178131
AFG,2007,17.511647293268,28.057647293267998
AFG,2008,20.859991932454,31.405991932454
AFG,2009,23.862502192454,34.408502192453994
AFG,2010,27.768531219617,38.314531219616995
AFG,2011,31.898807267665,42.444807267665
AFG,2012,29.759348225404,40.305348225404
AFG,2013,28.131944212952,38.677944212952
AFG,2014,28.354538031038,38.900538031037996
AFG,2015,28.09308461619,38.639084616190004
AFG,2016,27.164741407716,37.710741407716
AFG,2017,30.474594817225,41.020594817225
AFG,2018,31.935810418147,42.481810418147
AFG,2019,32.43616844578,42.98216844578
AFG,2020,32.400167958631,42.946167958631
AFG,2021,32.835845915722,43.381845915721996
AFG,2022,31.91213908326,42.45813908326
AFG,2023,32.4351067419,42.9811067419
AGO,2000,68.933003919726,108.99560891972601
AGO,2001,67.211380261429,107.273985261429
AGO,2002,64.921622157878,104.984227157878
AGO,2003,65.375925232362,105.43853023236198
AGO,2004,70.639252424552,110.701857424552
AGO,2005,68.698807817794,108.761412817794
AGO,2006,61.220942950481,101.128339950481
AGO,2007,59.728509631686,99.881866631686
AGO,2008,63.036149427156,103.101555427156
AGO,2009,64.538423691257,104.77228969125699
AGO,2010,71.664962622102,111.854848622102
AGO,2011,70.561935977477,141.114296977477
AGO,2012,72.492007002206,142.88416200220598
AGO,2013,77.026251777733,147.443633777733
AGO,2014,78.997615616043,149.430094616043
AGO,2015,83.536857859532,153.897299859532
AGO,2016,80.62550776334,151.05647176334
AGO,2017,75.433642680212,145.840326680212
AGO,2018,70.465116025569,140.874706025569
AGO,2019,71.208749443621,141.61833944362098
AGO,2020,63.159221101756,133.568811101756
AGO,2021,66.601919421159,137.011509421159
AGO,2022,68.035237043701,138.444827043701
AGO,2023,68.280785052324,138.690375052324
AIA,2000,0.01788997799324,0.01788997799324
AIA,2001,0.018437401879825,0.018437401879825
AIA,2002,0.013278011326023,0.013278011326023
AIA,2003,0.016661254167253,0.016661254167253
AIA,2004,0.016071790095026,0.016071790095026
AIA,2005,0.016328907231431,0.016328907231431
AIA,2006,0.015512027314156,0.015512027314156
AIA,2007,0.01506413999675,0.01506413999675
AIA,2008,0.018104828438473,0.018104828438473
AIA,2009,0.023189188167567,0.023189188167567
AIA,2010,0.027190600881657,0.027190600881657
AIA,2011,0.029273999145927,0.029273999145927
AIA,2012,0.029319386547653,0.029319386547653
AIA,2013,0.031312684926867,0.031312684926867
AIA,2014,0.031292951744315,0.031292951744315
AIA,2015,0.031417667438233,0.031417667438233
AIA,2016,0.03181268102582,0.03181268102582
AIA,2017,0.032560698188558,0.032560698188558
AIA,2018,0.031682045383717,0.031682045383717
AIA,2019,0.031036684467285,0.031036684467285
AIA,2020,0.026124833006615,0.026124833006615
AIA,2021,0.025313813010737,0.025313813010737
AIA,2022,0.025155856380511,0.025155856380511
AIA,2023,0.025157583778709,0.025157583778709
ALB,2000,7.1976816905021,13.0352216905021
ALB,2001,7.3853745388141,13.222914538814099
ALB,2002,8.0069214744988,13.8444614744988
ALB,2003,8.195193892095,14.032733892094999
ALB,2004,8.4032652571337,14.240805257133701
ALB,2005,7.9928831795349,13.8304231795349
ALB,2006,8.0376910968768,13.8752310968768
ALB,2007,7.9927804202399,13.8303204202399
ALB,2008,7.7800718045485,13.617611804548499
ALB,2009,7.7631700125032,13.6007100125032
ALB,2010,8.0714879880719,9.713447988071898
ALB,2011,8.5046158779579,12.876155877957899
ALB,2012,8.1771543499761,13.5307343499761
ALB,2013,8.4377162678676,9.7826462678676
ALB,2014,8.9187607426059,10.1433707426059
ALB,2015,8.7633432036849,10.035193203684901
ALB,2016,8.3753887273751,9.7209587273751
ALB,2017,9.1946570256507,10.540227025650701
ALB,2018,9.191052348976,10.536622348976
ALB,2019,8.666245019669,10.011815019669001
ALB,2020,7.9971952854319,9.3427652854319
ALB,2021,8.4962829093712,9.8418529093712
ALB,2022,7.6976185509826,9.0431885509826
ALB,2023,7.2612471504801,8.6068171504801
ANT,2000,5.8861424369801,5.8861424369801
ANT,2001,5.8853413593818,5.8853413593818
ANT,2002,5.6254343217576,5.6254343217576
ANT,2003,5.6363745444351,5.6363745444351
ANT,2004,5.8551906979961,5.8551906979961
ANT,2005,6.1380761277358,6.1380761277358
ANT,2006,5.9961158288398,5.9961158288398
ANT,2007,6.483448643498,6.483448643498
ANT,2008,6.4160381604317,6.4160381604317
ANT,2009,6.0842401627396,6.0842401627396
ANT,2010,4.4403869372282,4.4403869372282
ANT,2011,5.7135142519207,5.7135142519207
ANT,2012,5.8003136240628,5.8003136240628
ANT,2013,5.3301914308806,5.3301914308806
ANT,2014,5.8713775695455,5.8713775695455
ANT,2015,5.9369467262092,5.9369467262092
ANT,2016,5.1617289447695,5.1617289447695
ANT,2017,4.161296735615,4.161296735615
ANT,2018,3.3689648128614,3.3689648128614
ANT,2019,2.6105129067609,2.6105129067609
ANT,2020,2.1936295977255,2.1936295977255
ANT,2021,2.3337414590687,2.3337414590687
ANT,2022,2.4101833527464,2.4101833527464
ANT,2023,2.4044571947322,2.4044571947322
ARE,2000,117.22602166017,116.15232166017
ARE,2001,129.74346713382,128.66976713382
ARE,2002,131.31441845415,130.24071845415
ARE,2003,139.41055000609,138.33685000609
ARE,2004,146.05180828036,144.97810828036
ARE,2005,155.51923290448,154.44553290448
ARE,2006,162.32498210109,161.25128210109
ARE,2007,172.83580578118,171.76210578118
ARE,2008,200.39141813479,199.31771813479
ARE,2009,201.4993130935,200.4256130935
ARE,2010,209.69325990118,208.61955990118
ARE,2011,217.38200154843,216.30830154843
ARE,2012,226.7172740012,225.6435740012
ARE,2013,238.5774506472,237.5037506472
ARE,2014,242.04974213197,240.97604213197
ARE,2015,254.20725548047,253.13355548047
ARE,2016,262.18945675797,261.11575675797
ARE,2017,254.2672090996,253.1935090996
ARE,2018,238.77950243206,237.70580243206
ARE,2019,251.89382791671,250.82012791671
ARE,2020,249.74903598251,248.67533598251
ARE,2021,255.3524567284,254.2787567284
ARE,2022,255.59272957856,254.51902957856
ARE,2023,254.30732072143,253.23362072143
ARG,2000,288.44532743907,373.64419822907
ARG,2001,285.50069655993,368.36762323993
ARG,2002,284.54133535089,382.12735471089
ARG,2003,305.89949656291,402.00647197291
ARG,2004,324.6532995456,429.1492381456
ARG,2005,329.38456757398,422.58690029398
ARG,2006,342.68152704837,452.83037944837
ARG,2007,354.36305793046,471.69049933046
ARG,2008,357.01589729525,450.38515712525
ARG,2009,333.4521471041,403.4170609341
ARG,2010,337.31050946061,412.44917691061
ARG,2011,343.82549654953,396.80282511953
ARG,2012,351.325161647,442.179587947
ARG,2013,360.02368212078,445.36633781078
ARG,2014,359.81270629699,417.02688047698996
ARG,2015,366.04081420398,402.65031027398
ARG,2016,369.18272108148,398.87172386148
ARG,2017,372.69642735553,408.81165720552997
ARG,2018,372.51051459041,409.82296148041
ARG,2019,369.60200289539,377.38909534239
ARG,2020,354.15827230152,422.04272166152003
ARG,2021,371.31818034915,423.12665930915
ARG,2022,383.5353557076,430.5683074076
ARG,2023,377.67454464453,424.70749634453
ARM,2000,5.8624767057011,5.4446993407011
ARM,2001,5.9983794418202,5.6012692698202
ARM,2002,5.5471873248885,5.1402443468885
ARM,2003,5.9939654232972,6.504789638297201
ARM,2004,6.4778987621579,6.0389901701579
ARM,2005,7.22003180908,6.75259041108
ARM,2006,7.18926183286,6.7221188948599995
ARM,2007,8.1343789849869,7.625034505986901
ARM,2008,8.6113741149986,8.1085280959986
ARM,2009,7.3395963175701,6.8481487585701
ARM,2010,7.0714426791935,6.5808935801935
ARM,2011,7.6980368916612,7.2114702576612
ARM,2012,8.5676428946668,8.103360008666801
ARM,2013,8.6110695948695,8.1341969768695
ARM,2014,8.9684956588992,8.488247719899201
ARM,2015,8.8965283311445,8.4176090921445
ARM,2016,8.7313130572345,8.2456252542345
ARM,2017,8.9353274636354,8.4647474636354
ARM,2018,9.0795484439027,8.6089684439027
ARM,2019,9.5602776177122,9.0896976177122
ARM,2020,10.28177646652,9.81119646652
ARM,2021,10.908034824019,10.437454824019
ARM,2022,11.221545290367,10.750965290367
ARM,2023,10.725980572744,10.255400572744
ATG,2000,0.22542416170431,0.41696384670430997
ATG,2001,0.22287634600222,0.41441603100222
ATG,2002,0.24070309409146,0.43224277909146
ATG,2003,0.25508573842032,0.44662542342031997
ATG,2004,0.25875799261609,0.45029767761608996
ATG,2005,0.26519152520914,0.45673121020914
ATG,2006,0.28869655200843,0.48023623700843
ATG,2007,0.30700016378066,0.49853984878065993
ATG,2008,0.3227411578867,0.5142808428867
ATG,2009,0.35736821254483,0.5489078975448299
ATG,2010,0.34738744250501,0.53892712750501
ATG,2011,0.27968214037708,0.47122182537708
ATG,2012,0.29398703258385,0.48552671758385
ATG,2013,0.32736605908619,0.51890574408619
ATG,2014,0.34774555825121,0.53928524325121
ATG,2015,0.35929734203255,0.55083702703255
ATG,2016,0.38416016361128,0.57569984861128
ATG,2017,0.3461337803687,0.5376734653687
ATG,2018,0.35569091905981,0.5472306040598099
ATG,2019,0.40990747243611,0.60144715743611
ATG,2020,0.39310344165528,0.58464312665528
ATG,2021,0.39907232418691,0.59061200918691
ATG,2022,0.41119534532045,0.60273503032045
ATG,2023,0.41508311176289,0.60662279676289
AUS,2000,545.7081563403,591.1136102403
AUS,2001,555.24698943247,609.32695088247
AUS,2002,564.95228992365,619.32967242365
AUS,2003,553.80864331105,606.93899662105
AUS,2004,575.6458189302,598.6125472502
AUS,2005,577.2283023703,627.3718764503
AUS,2006,584.42883934315,663.82218236315
AUS,2007,592.23531046011,645.35677517011
AUS,2008,590.4227159003,631.3440240103
AUS,2009,597.63173305717,630.62922106717
AUS,2010,598.75253711609,638.04302845609
AUS,2011,610.73500026582,616.74858628582
AUS,2012,614.85106164754,595.8013847375399
AUS,2013,604.92496641787,596.39824479687
AUS,2014,597.20025034585,577.34320024585
AUS,2015,600.75015979938,569.09322546938
AUS,2016,595.96812484303,514.8984708330299
AUS,2017,612.94252351322,562.4289859532199
AUS,2018,608.06561376246,530.47061843246
AUS,2019,605.15397736552,522.87161930552
AUS,2020,579.54744945301,499.45408443301005
AUS,2021,576.18905701419,467.36322921418997
AUS,2022,571.78075901171,467.4483336117099
AUS,2023,587.51310255114,491.68860090114003
AUT,2000,83.681447056724,65.402078416724
AUT,2001,88.575865769381,63.933142939381
AUT,2002,90.362865145808,74.258605565808
AUT,2003,95.153160788905,83.972418188905
AUT,2004,95.934273345782,79.903097595782
AUT,2005,96.426707087273,80.979665007273
AUT,2006,93.988559264152,85.287024411152
AUT,2007,91.004822399421,82.778626570421
AUT,2008,90.597590132794,80.57959358279399
AUT,2009,82.997006593206,73.26827592320599
AUT,2010,89.121049972085,77.163505342085
AUT,2011,87.329958577193,76.080247717193
AUT,2012,83.977444652649,74.599050628649
AUT,2013,84.490327154482,79.250518179482
AUT,2014,80.820636868119,70.774669638119
AUT,2015,82.26171288877,77.95895067477001
AUT,2016,82.700769000088,74.359738234088
AUT,2017,84.857673908439,80.211524190439
AUT,2018,81.792608228701,83.40921628970099
AUT,2019,83.134227923679,88.92266020567901
AUT,2020,76.972656221693,75.810363342693
AUT,2021,80.078093887628,76.505953163628
AUT,2022,76.079223287114,75.663859355114
AUT,2023,71.596342390156,78.91963878015599
AZE,2000,39.687771799907,34.155708752906996
AZE,2001,39.027722930733,33.495659883733
AZE,2002,38.874515763668,33.342452716668
AZE,2003,41.690140689862,36.158077642862
AZE,2004,41.665368722754,36.133305675754
AZE,2005,44.539416467196,39.007353420196
AZE,2006,46.218149758188,40.686086711188
AZE,2007,46.628332996815,41.096269949814996
AZE,2008,51.141854431772,45.609791384772
AZE,2009,45.504918688916,39.972855641916
AZE,2010,44.48502821178,38.95296516478
AZE,2011,46.923786694465,41.391723647465
AZE,2012,50.028597303283,44.496534256283
AZE,2013,51.262495538053,45.730432491053
AZE,2014,53.094151315178,47.562088268178
AZE,2015,52.971488415917,47.439425368917
AZE,2016,52.698744335705,47.166681288705
AZE,2017,52.425939852341,46.893876805341
AZE,2018,53.136455410568,47.604392363567996
AZE,2019,55.943296378449,50.411233331449
AZE,2020,54.333823357534,48.801760310534
AZE,2021,56.596086854995,51.205034215995
AZE,2022,59.236259541654,54.021618204654004
AZE,2023,60.991823697597,55.777182360596996
BDI,2000,3.0518117524204,1.6457977524204
BDI,2001,3.0341287794939,1.6281147794939
BDI,2002,3.0029571955494,1.5969431955494
BDI,2003,3.0436387587801,1.6376247587801
BDI,2004,3.195369879333,1.789355879333
BDI,2005,3.3102253239455,1.9042113239455
BDI,2006,3.5148837768241,-0.10890722317590029
BDI,2007,3.7863113796794,-2.1364536203206
BDI,2008,3.7713400874834,-4.209156912516599
BDI,2009,4.0097086203476,-5.5783073796524
BDI,2010,4.3631004268381,-5.8253585731619
BDI,2011,4.6339210948771,-6.2440529051229
BDI,2012,4.6310599788445,-6.8989840211555
BDI,2013,5.7504980097421,-6.386873990257899
BDI,2014,5.7038426100427,-7.0942193899573
BDI,2015,5.6911532065326,-7.5022567934674
BDI,2016,6.0258659005015,-7.878271099498501
BDI,2017,6.7135389540461,-7.7024290459539
BDI,2018,7.0172793172276,-7.920470682772399
BDI,2019,6.7573856666908,-8.6610623333092
BDI,2020,6.7616793169036,-8.656768683096399
BDI,2021,7.9047153881196,-7.5137326118804
BDI,2022,7.7098607100523,-7.7085872899477
BDI,2023,8.1871617238876,-7.2312862761123995
BEL,2000,151.90659418171,150.15409343171
BEL,2001,152.15828303563,150.56386941463
BEL,2002,144.52462699628,142.32534449428002
BEL,2003,148.30472238908,146.19815364908
BEL,2004,147.11966450835,145.27842407735002
BEL,2005,143.91548087625,142.01586811825
BEL,2006,140.46892930192,138.58161583892002
BEL,2007,137.89501151747,136.29873134047
BEL,2008,139.58554027039,138.05271361239
BEL,2009,132.05216790435,130.67437802735
BEL,2010,140.49500561619,139.96634158819
BEL,2011,129.90501177248,129.41377823348
BEL,2012,128.05885380979,127.51581254979001
BEL,2013,129.23146934623,128.26044985123
BEL,2014,122.51203155875,121.49593255975
BEL,2015,127.19241434933,126.28815895733
BEL,2016,126.1031205245,125.2714150375
BEL,2017,124.08057711915,123.36687979915001
BEL,2018,124.6967165339,124.0189793479
BEL,2019,124.39261191808,123.95009112807999
BEL,2020,115.67212252909,115.21755786509
BEL,2021,119.52141780107,119.13388749307
BEL,2022,111.98838236631,111.41546144231
BEL,2023,107.22626360404,106.86296139904
BEN,2000,5.9744833621231,3.2199733621231
BEN,2001,6.505452817921,4.282342817921
BEN,2002,6.955437172497,5.263727172496999
BEN,2003,7.3192359028033,6.1589259028033
BEN,2004,7.6367678553836,7.0078578553836
BEN,2005,8.0821333654428,6.9487133654428
BEN,2006,9.3405608142395,8.7055408142395
BEN,2007,10.051853933632,9.915233933631999
BEN,2008,10.163393023881,10.525173023880999
BEN,2009,10.688803133621,11.548983133621
BEN,2010,11.548751093892,6.769041093892
BEN,2011,11.643952559085,7.900882559085
BEN,2012,11.591279292659,7.540979292658999
BEN,2013,12.313743837679,8.643873837679001
BEN,2014,12.941472116405,8.841772116405
BEN,2015,13.499583759925,9.539773759925001
BEN,2016,15.17497138726,11.21516138726
BEN,2017,15.519991761275,11.560181761275
BEN,2018,16.930608348221,12.970798348220999
BEN,2019,17.138117495656,13.178307495656
BEN,2020,17.664303213584,13.704493213583998
BEN,2021,16.185292329311,12.225482329311
BEN,2022,17.053138688302,13.093328688301998
BEN,2023,17.353939838087,13.394129838087
BFA,2000,14.1809705691,40.1764637091
BFA,2001,15.852935979338,42.818518729337995
BFA,2002,16.240777264529,44.176449614529005
BFA,2003,19.548610269781,48.454372229781
BFA,2004,19.809262840751,49.685114410751
BFA,2005,20.476723435691,51.322664615691
BFA,2006,20.953179043135,52.769209823135
BFA,2007,21.823115116808,54.609235506808005
BFA,2008,22.970249252495,56.726459252495005
BFA,2009,23.475468423366,58.064478423366
BFA,2010,24.323587397167,60.440647397167
BFA,2011,24.990540899531,62.143180899530996
BFA,2012,25.954513565974,62.388023565973995
BFA,2013,26.970503110511,65.842383110511
BFA,2014,27.292332949981,65.384262949981
BFA,2015,29.009977351585,69.14894735158501
BFA,2016,29.87290023867,70.01187023867
BFA,2017,30.999998718028,71.138968718028
BFA,2018,32.602615316954,72.741585316954
BFA,2019,33.774748066878,73.913718066878
BFA,2020,30.195243999549,70.33421399954901
BFA,2021,35.436888043558,75.575858043558
BFA,2022,35.742635183246,75.881605183246
BFA,2023,34.592117105478,74.731087105478
BGD,2000,100.35259674761,100.72684974760999
BGD,2001,106.95225301032,107.32650601032
BGD,2002,110.02427627957,110.39852927957
BGD,2003,112.99362144608,113.36787444608
BGD,2004,115.58669580632,115.96094880631999
BGD,2005,119.67306757523,120.04732057522999
BGD,2006,124.19894758876,124.57320058876
BGD,2007,128.73064441462,129.10489741462
BGD,2008,135.77094764098,136.14520064098002
BGD,2009,140.71325935395,141.08751235395002
BGD,2010,148.33055185486,148.70480485486001
BGD,2011,153.31061476031,153.68486776031
BGD,2012,158.70518141398,159.07943441398
BGD,2013,161.79844031997,162.17269331997002
BGD,2014,168.31196590247,168.68621890247002
BGD,2015,177.46228473433,177.83653773433002
BGD,2016,186.20981415314,186.58406715314
BGD,2017,195.4505584334,195.82481143340001
BGD,2018,200.53895831822,200.91321131822002
BGD,2019,205.74436622847,206.11861922847
BGD,2020,202.74290375336,203.11715675336
BGD,2021,219.36498332053,219.73923632053
BGD,2022,222.97935593664,223.35360893664
BGD,2023,215.83365300259,216.20790600259002
BGR,2000,60.864563261271,43.838446051271006
BGR,2001,62.849972301778,48.715631801778
BGR,2002,59.561280619477,45.234150479477
BGR,2003,65.69688784226,51.714819782259994
BGR,2004,64.062472790019,49.439482400019
BGR,2005,64.977377364672,49.32049339467199
BGR,2006,66.251875674929,53.641935074928995
BGR,2007,70.034193530343,56.426271750343005
BGR,2008,66.924755692547,54.963005302546996
BGR,2009,58.664133277253,46.536272907253
BGR,2010,61.639710296362,50.045419966362
BGR,2011,67.301944242538,58.956939418538
BGR,2012,62.435322578005,54.496066089005
BGR,2013,57.046422115546,50.114543490546
BGR,2014,60.525743948467,52.33518848346701
BGR,2015,62.718580296611,54.949146033611
BGR,2016,60.308891699671,50.731812034671
BGR,2017,62.568289887658,53.019888331657995
BGR,2018,59.359613111776,49.743981600775996
BGR,2019,57.793553510028,48.447461597027996
BGR,2020,52.582537944264,43.194939536263995
BGR,2021,59.171939452796,49.859396229796005
BGR,2022,62.743196861313,53.458991646313
BGR,2023,49.664665669557,40.924179768557
BHR,2000,37.586490340719,37.561490340719004
BHR,2001,38.609688481391,38.584688481391
BHR,2002,38.113018034645,38.088018034645
BHR,2003,37.759711148252,37.734711148252
BHR,2004,37.69489601664,37.66989601664
BHR,2005,41.152325342781,41.127325342781
BHR,2006,42.769667814562,42.744667814562
BHR,2007,43.879910096195,43.854910096195
BHR,2008,47.369200041008,47.344200041008
BHR,2009,47.952160317787,47.927160317787
BHR,2010,48.294225450841,48.269225450841
BHR,2011,48.662514821549,48.637514821549004
BHR,2012,52.425621784877,52.400621784877
BHR,2013,56.994919369767,56.969919369767
BHR,2014,58.815698080059,58.790698080059
BHR,2015,59.005311102471,58.980311102471
BHR,2016,59.239528442802,59.214528442802
BHR,2017,59.075912746387,59.050912746387
BHR,2018,59.128788872265,59.103788872265
BHR,2019,63.037208581836,63.012208581836
BHR,2020,63.246346657119,63.221346657119
BHR,2021,63.506174391957,63.481174391957005
BHR,2022,64.91335029678,64.88835029677999
BHR,2023,64.902212992832,64.877212992832
BHS,2000,1.2584175477869,3.6360175477869
BHS,2001,1.2590662054754,3.6366662054754
BHS,2002,1.3598983721659,3.7374983721659003
BHS,2003,1.0811094638073,3.4587094638073
BHS,2004,1.1552052835517,3.5328052835517
BHS,2005,1.1453281715915,2.1009981715915
BHS,2006,1.3885591927671,2.3442291927671
BHS,2007,1.6169034409311,2.5725734409311
BHS,2008,1.6691067074005,2.6247767074004997
BHS,2009,1.4365083752577,2.3921783752577
BHS,2010,1.5927715968166,4.6356015968166
BHS,2011,1.1705058759569,4.2133358759569
BHS,2012,1.3374978304451,4.3803278304451
BHS,2013,1.4200715959485,4.4629015959485
BHS,2014,1.4666480921653,4.5094780921653
BHS,2015,1.4538505207747,4.432960520774699
BHS,2016,1.5845632487264,4.5636732487264
BHS,2017,1.721603635957,4.700713635956999
BHS,2018,1.553922765175,4.533032765175
BHS,2019,1.8063857177591,4.7854957177591
BHS,2020,1.5307314713295,4.5098414713295
BHS,2021,1.8152164012946,4.7943264012946
BHS,2022,1.7800257524139,4.7591357524139
BHS,2023,1.7890647430399,4.7681747430399
BIH,2000,19.867544185565,19.886756003564997
BIH,2001,19.405127608551,12.192927608550999
BIH,2002,20.50384524908,15.78484524908
BIH,2003,20.920765514351,15.932765514351
BIH,2004,22.433762281932,15.126822281932
BIH,2005,23.181145522991,15.766895522991
BIH,2006,25.355918228407,18.263668228407
BIH,2007,26.612745242481,18.968555242481003
BIH,2008,28.07494678231,20.67828678231
BIH,2009,27.860500477702,19.861030477702002
BIH,2010,28.409020352206,22.723020352206
BIH,2011,31.696360368184,25.793360368184
BIH,2012,29.639329544899,22.092989544898998
BIH,2013,29.402945873915,23.261945873915003
BIH,2014,27.885981291524,21.487981291524
BIH,2015,27.846371118654,21.448371118654002
BIH,2016,31.252501916794,24.854501916794
BIH,2017,31.852241974498,25.454241974498
BIH,2018,32.255901890459,25.857901890459
BIH,2019,30.552975378733,24.154975378733
BIH,2020,30.474856360556,24.076856360556
BIH,2021,30.351713528234,23.953713528234
BIH,2022,30.0732974993,23.6752974993
BIH,2023,28.199449532339,21.801449532339
BLR,2000,84.980255321756,55.505990591756
BLR,2001,83.599152599353,55.053489169353
BLR,2002,83.451780802703,56.409800772702994
BLR,2003,83.825460790579,59.515722860579004
BLR,2004,87.235783400446,60.430195400445996
BLR,2005,87.962431115115,59.029168945114996
BLR,2006,90.829136427768,59.15383405776801
BLR,2007,89.579345377436,55.731016577436
BLR,2008,96.342708069759,62.152958769758996
BLR,2009,93.483943325791,56.137932995791004
BLR,2010,98.522142268855,57.34482419885501
BLR,2011,96.136354068603,55.607464198603
BLR,2012,97.816119377749,58.865227177749006
BLR,2013,98.195728847844,56.95499091784399
BLR,2014,97.473913701615,56.75776853161501
BLR,2015,92.587981004122,53.928182874122
BLR,2016,91.703380233599,57.21076476359901
BLR,2017,93.459125691843,62.622358761843
BLR,2018,96.677538745184,63.20287451518399
BLR,2019,94.428171211498,65.328977511498
BLR,2020,91.71811316281,61.17402746281
BLR,2021,91.891571065497,55.349680035497
BLR,2022,89.203033970223,53.947681650223004
BLR,2023,86.933053671496,45.623544241496
BLZ,2000,0.47111145343819,-13.237404546561809
BLZ,2001,0.49274045902232,-8.97269820797768
BLZ,2002,0.50545047533012,-8.63531485766988
BLZ,2003,0.53461731512597,-11.36584568487403
BLZ,2004,0.51392792933231,-12.389191400667691
BLZ,2005,0.5377011276251,-12.4539395423749
BLZ,2006,0.63153339493291,-10.73590960506709
BLZ,2007,0.65947876720019,-10.967033562799811
BLZ,2008,0.67127095476251,-11.28959271523749
BLZ,2009,0.72925506778734,-9.51455693221266
BLZ,2010,0.77092961121977,-11.633883718780229
BLZ,2011,0.74141000934586,-3.45317065765414
BLZ,2012,0.71632886097896,-7.27272913902104
BLZ,2013,0.78082158300657,-5.373812702993431
BLZ,2014,0.73660972093513,-8.99264685006487
BLZ,2015,0.79041943456353,-5.71819642243647
BLZ,2016,0.81471928552655,-6.00218285747345
BLZ,2017,0.85625791909773,-6.26893050990227
BLZ,2018,0.8568755851237,-10.390993124876301
BLZ,2019,0.99106396768016,-7.89206503231984
BLZ,2020,0.91754012846781,-7.965588871532191
BLZ,2021,0.94225127144978,-7.940877728550221
BLZ,2022,0.9733959035653,-7.9097330964347
BLZ,2023,1.0011666940305,-7.8819623059695
BMU,2000,0.1775697980107,0.1775697980107
BMU,2001,0.17602967648245,0.17602967648245
BMU,2002,0.19320824428924,0.19320824428924
BMU,2003,0.19884569693163,0.19884569693163
BMU,2004,0.2008548330664,0.2008548330664
BMU,2005,0.21427194600719,0.21427194600719
BMU,2006,0.26097162388715,0.26097162388715
BMU,2007,0.30754324761194,0.30754324761194
BMU,2008,0.30944344386871,0.30944344386871
BMU,2009,0.27348542658665,0.27348542658665
BMU,2010,0.33890710916938,0.33890710916938
BMU,2011,0.17968456468111,0.17968456468111
BMU,2012,0.20431424158067,0.20431424158067
BMU,2013,0.22475059339902,0.22475059339902
BMU,2014,0.30078115079467,0.30078115079467
BMU,2015,0.2585776585229,0.2585776585229
BMU,2016,0.34106247303125,0.34106247303125
BMU,2017,0.31407936122507,0.31407936122507
BMU,2018,0.32899126289323,0.32899126289323
BMU,2019,0.33002360875592,0.33002360875592
BMU,2020,0.23998145548339,0.23998145548339
BMU,2021,0.27075122681624,0.27075122681624
BMU,2022,0.28368499610795,0.28368499610795
BMU,2023,0.29678539652536,0.29678539652536
BOL,2000,29.995323468541,70.695323468541
BOL,2001,28.588179012108,69.288179012108
BOL,2002,29.755529624401,70.45552962440101
BOL,2003,30.782079442664,71.482079442664
BOL,2004,32.109386144058,72.80938614405801
BOL,2005,32.704651159511,73.404651159511
BOL,2006,33.837754554091,74.53775455409101
BOL,2007,35.846935616622,79.211935616622
BOL,2008,37.058308305556,73.194308305556
BOL,2009,38.458757388099,74.594757388099
BOL,2010,41.820609205103,77.956609205103
BOL,2011,42.677327164238,78.813327164238
BOL,2012,44.506838713507,80.642838713507
BOL,2013,46.311532987302,82.447532987302
BOL,2014,47.367151862129,83.503151862129
BOL,2015,48.384075897101,84.52007589710101
BOL,2016,50.110860789723,86.246860789723
BOL,2017,50.772904349726,86.908904349726
BOL,2018,51.474005514947,87.610005514947
BOL,2019,52.395667511837,88.531667511837
BOL,2020,49.243059468713,85.379059468713
BOL,2021,53.385624564763,89.521624564763
BOL,2022,55.432030608113,91.568030608113
BOL,2023,57.212834838355,93.348834838355
BRA,2000,870.33407681088,1978.4139338108798
BRA,2001,882.10051670947,1937.61582770947
BRA,2002,904.52604445741,2159.08899745741
BRA,2003,934.41984185592,3224.74487885592
BRA,2004,983.41868069267,3458.52643269267
BRA,2005,1000.6448674827,2474.8536174827
BRA,2006,1004.579138526,2132.415437526
BRA,2007,1024.210210615,1815.804408315
BRA,2008,1057.6067051268,1955.7888549268
BRA,2009,1032.2057891079,1334.5139442079
BRA,2010,1110.0270883422,1349.3285258422
BRA,2011,1146.6495469864,1437.6399731864
BRA,2012,1180.0087898784,1325.9035847784
BRA,2013,1215.9430902852,1590.4799390852
BRA,2014,1248.6092966895,1477.6280985895
BRA,2015,1233.2232042414,1571.0568939414
BRA,2016,1208.3075995997,1606.6778930997002
BRA,2017,1219.2388585129,1498.7284176128999
BRA,2018,1195.9213743544,1522.0967910544
BRA,2019,1200.3060407939,1723.1686307938999
BRA,2020,1196.0099876051,1812.6889924051
BRA,2021,1277.1870414328,2102.5593191328
BRA,2022,1278.5421699747,2030.0091171747001
BRA,2023,1297.1707496717,2048.6376968717
BRB,2000,0.83928519986541,0.79837215686541
BRB,2001,0.80107819789073,0.7480781978907299
BRB,2002,0.82920815499527,0.77720815499527
BRB,2003,0.85834463091944,0.80634463091944
BRB,2004,0.85295699414237,0.79995699414237
BRB,2005,0.86662049255795,0.81362049255795
BRB,2006,0.90414402290359,0.8501440229035899
BRB,2007,0.87236578131461,0.8173657813146099
BRB,2008,0.99404032373918,0.93704032373918
BRB,2009,1.0034051968744,0.9454051968744
BRB,2010,1.0212373111947,0.9622373111947
BRB,2011,0.88002187609841,0.82102187609841
BRB,2012,0.83988299992872,0.7808829999287199
BRB,2013,0.92401986660053,0.86501986660053
BRB,2014,0.86085576003012,0.8018557600301199
BRB,2015,0.91260360904892,0.8536036090489201
BRB,2016,0.96737267819955,0.90837267819955
BRB,2017,0.87778558288832,0.8187855828883199
BRB,2018,0.97655819864781,0.9175581986478101
BRB,2019,1.0672491327361,1.0082491327361
BRB,2020,0.86547721575829,0.80647721575829
BRB,2021,0.85113582309136,0.79213582309136
BRB,2022,0.89075734817446,0.83175734817446
BRB,2023,0.88888011823082,0.82988011823082
BRN,2000,8.4861697885941,4.4819999925941
BRN,2001,8.7297945204979,4.725624724497901
BRN,2002,7.8976741551786,3.8935043591786
BRN,2003,8.9121171793105,4.907947383310499
BRN,2004,8.41028880675,4.4061190107499995
BRN,2005,8.0908404123945,4.086670616394501
BRN,2006,11.323594218671,7.319424422670999
BRN,2007,10.808777023866,6.804607227866
BRN,2008,12.90579008751,8.90162029151
BRN,2009,11.018418032499,7.014248236498999
BRN,2010,9.9790501373019,5.9748803413019
BRN,2011,10.677933448945,6.336002939945
BRN,2012,10.34150204035,6.265753158350001
BRN,2013,10.278764994167,6.043124075167
BRN,2014,10.487161680063,6.4355647940630005
BRN,2015,9.7772350496438,6.2534293576438
BRN,2016,10.185274821718,6.775977827718
BRN,2017,10.182884741014,5.621784501014
BRN,2018,10.411959012167,6.330985419166999
BRN,2019,10.082144992559,6.681941335558999
BRN,2020,12.755638930939,8.587677249938999
BRN,2021,12.534260682919,8.074974690919
BRN,2022,11.906791577557,7.443874155556999
BRN,2023,12.061242736152,7.5983253141519995
BTN,2000,1.3503547850293,-10.6603030049707
BTN,2001,1.3646594638368,-10.6459983261632
BTN,2002,1.4037827891931,-10.6068750008069
BTN,2003,1.435564566026,-10.575093223974
BTN,2004,1.4476521843018,-10.5630056056982
BTN,2005,1.5783549246954,-10.4323028653046
BTN,2006,1.6645112934498,-10.3461464965502
BTN,2007,1.6866103278566,-10.3240474621434
BTN,2008,1.727774975537,-10.282882814463
BTN,2009,1.8856401245988,-10.1250176654012
BTN,2010,2.0083165869506,-10.0023412030494
BTN,2011,2.2328330262851,-9.7778247637149
BTN,2012,2.1786220891032,-9.8320357008968
BTN,2013,2.296131423682,-9.714526366318
BTN,2014,2.3412318564088,-9.6694259335912
BTN,2015,2.5308824273815,-9.4797753626185
BTN,2016,2.6836480389136,-9.3270097510864
BTN,2017,2.769377591623,-9.241280198377
BTN,2018,3.0685515740842,-8.9421062159158
BTN,2019,3.115900869274,-8.894756920726
BTN,2020,2.7174092379235,-8.7054946920765
BTN,2021,2.8540981472597,-8.8570045527403
BTN,2022,2.7995287317068,-8.5309882082932
BTN,2023,2.7927123378223,-8.537804602177701
BWA,2000,10.949601272516,8.128601272516
BWA,2001,10.247112327652,7.426112327652
BWA,2002,10.038683735674,7.217683735674001
BWA,2003,9.4688385651937,6.6478385651937
BWA,2004,9.4273404929408,6.6063404929408005
BWA,2005,10.135533403516,7.314533403516
BWA,2006,10.019284655047,7.198284655047001
BWA,2007,10.19765810362,7.3766581036200005
BWA,2008,10.896960604478,8.075960604478
BWA,2009,10.274069440103,7.453069440103
BWA,2010,10.65108545623,7.83008545623
BWA,2011,11.328507390456,8.507507390456
BWA,2012,9.9088327935629,7.0878327935628995
BWA,2013,11.812689826852,8.991689826852001
BWA,2014,12.854809703841,10.033809703841
BWA,2015,13.198307421464,10.377307421464
BWA,2016,12.378407040793,9.557407040793
BWA,2017,12.84337752044,10.022377520440001
BWA,2018,13.753052821302,10.932052821302
BWA,2019,12.420453340138,9.599453340138
BWA,2020,10.95154740553,8.13054740553
BWA,2021,12.256474398378,9.435474398378
BWA,2022,12.532074498997,9.711074498997
BWA,2023,12.607696837403,9.786696837403
CAF,2000,9.1683034691285,-159.82020713087152
CAF,2001,9.6033498524625,-159.3851607475375
CAF,2002,8.5607624036959,-160.42774819630412
CAF,2003,9.6962928942938,-159.2922177057062
CAF,2004,9.0428230019391,-159.9456875980609
CAF,2005,9.752543339927,-159.235967260073
CAF,2006,9.8164221174915,-159.1720884825085
CAF,2007,10.858212742374,-158.130297857626
CAF,2008,10.892409025044,-158.096101574956
CAF,2009,10.251402448648,-158.737108151352
CAF,2010,10.922752712108,-158.065757887892
CAF,2011,11.843823589634,-154.09912791036598
CAF,2012,11.578664220742,-154.05781317925798
CAF,2013,11.525476602297,-157.925194297703
CAF,2014,11.456124918385,-159.906735281615
CAF,2015,11.878578041951,-156.92499235804902
CAF,2016,12.649902076815,-151.61486462318499
CAF,2017,12.141511966398,-148.28302963360198
CAF,2018,12.469420330272,-147.902716969728
CAF,2019,12.274546364393,-148.097590935607
CAF,2020,12.602897457649,-147.769239842351
CAF,2021,12.756293249512,-147.615844050488
CAF,2022,13.078996465871,-147.293140834129
CAF,2023,12.777664749913,-147.594472550087
CAN,2000,724.38900676769,777.46477270769
CAN,2001,715.45804527003,750.97888053003
CAN,2002,737.71922747112,804.54611215112
CAN,2003,757.21962987757,821.34844098757
CAN,2004,745.88439063277,807.44785689277
CAN,2005,767.17294137536,831.62528480536
CAN,2006,763.16157371932,809.66295265932
CAN,2007,784.75105186479,828.7516394647901
CAN,2008,760.7636664819,800.1827052419001
CAN,2009,720.439799182,730.832613812
CAN,2010,741.34005452078,780.44928055078
CAN,2011,758.56296529785,801.45537338785
CAN,2012,754.66539323911,782.11636395911
CAN,2013,765.4783478238,795.6352003338001
CAN,2014,776.27389200964,782.89748108064
CAN,2015,768.75448920582,812.8750498758201
CAN,2016,765.24495954731,792.6034347273101
CAN,2017,785.92463434561,805.84913904561
CAN,2018,809.05959365771,831.85070846771
CAN,2019,805.49962381971,819.05547641971
CAN,2020,728.511226705,752.505698535
CAN,2021,742.93013429329,756.6784236132901
CAN,2022,761.36260620929,811.26918883929
CAN,2023,755.23925203285,758.51439831585
CHE,2000,53.516290026226,57.384796349226
CHE,2001,55.025343067098,54.817805894098
CHE,2002,53.390153514826,50.635336027826
CHE,2003,54.643261801085,52.539007452085
CHE,2004,55.228616400265,50.349886352264996
CHE,2005,55.928590261555,53.476054247555
CHE,2006,55.264341360577,54.641825448577
CHE,2007,53.239083428981,51.618462108981
CHE,2008,54.821662020374,52.902046675374
CHE,2009,53.349211823832,51.028952791832
CHE,2010,55.136216487828,52.869384551828
CHE,2011,51.125541151671,47.709129332671004
CHE,2012,52.487791073157,52.005670645157
CHE,2013,53.746214458908,53.458178148908
CHE,2014,50.090764211503,46.037842816503
CHE,2015,49.448320710527,50.566460751526996
CHE,2016,49.949194207208,46.680501817208004
CHE,2017,49.042535887092,47.161712208092
CHE,2018,47.752476452981,48.815943283981
CHE,2019,47.555392173302,44.354936785302
CHE,2020,45.172527532167,43.894190222167005
CHE,2021,46.919912321765,46.473147439765
CHE,2022,43.68577646591,42.19326140591
CHE,2023,42.874886975355,44.114586525354994
CHL,2000,80.963598749094,3.1275040290939984
CHL,2001,79.237910145394,1.2709706053939982
CHL,2002,79.796138801282,15.269222051282
CHL,2003,81.960810841378,5.928770971378
CHL,2004,87.434592096553,17.484024976553002
CHL,2005,88.087176798786,19.646455648786002
CHL,2006,89.455777471636,18.993317441635995
CHL,2007,98.218349129403,39.813531719402995
CHL,2008,102.60009674557,47.33443561557
CHL,2009,98.962704778091,40.43556057809099
CHL,2010,101.60410261281,36.03709811281
CHL,2011,112.20788122907,47.18142141906999
CHL,2012,116.22959764827,57.24034836827
CHL,2013,118.72584631688,53.87667282688
CHL,2014,110.95091917502,49.46163296502
CHL,2015,116.64241676846,66.50688964846
CHL,2016,121.92107158082,57.968098980819995
CHL,2017,124.59915002215,136.35169429215
CHL,2018,126.78671818273,73.72862170273
CHL,2019,133.29766366996,82.72837856996
CHL,2020,126.15609430078,70.84488367078
CHL,2021,127.20985080964,64.54225364964
CHL,2022,129.52820065792,72.06514270791999
CHL,2023,116.83740980471,59.37435185471001
CHN,2000,5063.8922004881,4335.2249783881
CHN,2001,5255.0744978104,4526.4072757104
CHN,2002,5584.831119702,4856.163897602
CHN,2003,6292.8849076484,5564.2176855484
CHN,2004,7131.5342696974,6402.8670475974
CHN,2005,7974.3960493985,7245.7288272985
CHN,2006,8759.3388854779,7989.740905577901
CHN,2007,9356.3433930604,8545.814655260401
CHN,2008,9576.2958707087,8724.8363751087
CHN,2009,10196.872228987,9304.481975587
CHN,2010,11062.044556854,10128.723545654
CHN,2011,12056.806000927,11082.554231827
CHN,2012,12419.566977539,11404.384450538999
CHN,2013,12948.607991222,11892.494706222
CHN,2014,13095.197441381,11998.153398381
CHN,2015,12931.041648438,11793.066848438
CHN,2016,12913.087021679,11734.181463679
CHN,2017,13160.593470949,11940.757154948999
CHN,2018,13740.929919565,12480.162845565
CHN,2019,14052.862249565,12751.164417565
CHN,2020,14230.229554452,12887.600964452
CHN,2021,14866.493579587,13519.994523587
CHN,2022,14857.401090352,13510.902034351999
CHN,2023,15411.783436584,14065.284380584
CIV,2000,16.324105875046,87.840140515046
CIV,2001,16.53203745338,86.68003613338
CIV,2002,17.309918134011,87.038302954011
CIV,2003,15.851384372973,87.009201822973
CIV,2004,16.658894952666,87.888209632666
CIV,2005,17.595768421501,89.388539661501
CIV,2006,17.748174015343,92.19075969534299
CIV,2007,18.159115816998,91.688366766998
CIV,2008,19.018118364989,92.580368694989
CIV,2009,18.416821500466,94.744506740466
CIV,2010,19.820327157725,94.978316547725
CIV,2011,20.444484581403,97.13884365140301
CIV,2012,23.025069287947,99.591016877947
CIV,2013,24.339416004428,101.906307954428
CIV,2014,25.286808791322,103.393701431322
CIV,2015,26.375052012701,93.515332472701
CIV,2016,27.502053381712,91.456863351712
CIV,2017,28.425436451337,89.22317103133699
CIV,2018,27.906539431991,85.661495911991
CIV,2019,29.810581571347,87.565538051347
CIV,2020,30.140620788144,87.895577268144
CIV,2021,35.056125870319,89.73292820031901
CIV,2022,36.520837077694,91.197639407694
CIV,2023,36.728828389278,91.40563071927801
CMR,2000,30.692924045612,-45.909075954388
CMR,2001,30.810404952385,-45.791595047615004
CMR,2002,29.61255399608,-46.98944600392001
CMR,2003,30.355209999191,-46.246790000809
CMR,2004,30.109821076742,-46.492178923258
CMR,2005,30.305190601685,-46.296809398315006
CMR,2006,29.593375929285,-47.008624070715
CMR,2007,30.400991232963,-46.201008767037
CMR,2008,30.189855379362,-46.412144620638
CMR,2009,31.069625070866,-45.53237492913401
CMR,2010,30.500421389757,-46.101578610243
CMR,2011,30.193393962067,-46.408606037933005
CMR,2012,30.969385023518,-45.632614976482
CMR,2013,32.889617505268,-43.712382494732005
CMR,2014,35.292466449735,-41.309533550265
CMR,2015,38.553460122724,-38.048539877276006
CMR,2016,38.979242762882,-37.622757237118
CMR,2017,37.754640941301,-38.847359058699006
CMR,2018,38.16957040827,-38.432429591730006
CMR,2019,38.891898755973,-37.710101244027
CMR,2020,39.594725602089,-37.007274397911004
CMR,2021,39.836205655317,-36.765794344683
CMR,2022,40.348450612803,-36.253549387197005
CMR,2023,40.358043083049,-36.24395691695101
COD,2000,26.349049001005,442.69473400100503
COD,2001,24.366935967041,440.712620967041
COD,2002,23.23550640607,439.58119140607
COD,2003,24.507560953473,440.853245953473
COD,2004,25.034610705486,441.380295705486
COD,2005,25.669678763557,442.015363763557
COD,2006,26.236202531458,442.581887531458
COD,2007,27.004448287214,443.350133287214
COD,2008,27.682345186735,444.028030186735
COD,2009,27.674250156629,444.019935156629
COD,2010,28.802807429307,445.148492429307
COD,2011,29.878623620886,552.9450106208859
COD,2012,36.802196998936,559.868583998936
COD,2013,38.760122251005,561.826509251005
COD,2014,40.734680409619,563.801067409619
COD,2015,42.257046658535,44.589758658535004
COD,2016,42.751251229887,45.083963229887004
COD,2017,44.424352097502,46.757064097502
COD,2018,45.108591846286,47.441303846286
COD,2019,46.792635287617,49.125347287617004
COD,2020,49.627779909128,51.960491909128
COD,2021,52.844035735655,55.176747735655
COD,2022,55.977968255537,58.310680255537
COD,2023,57.201028579943,59.533740579943
COG,2000,21.669680041858,6.817880041858
COG,2001,20.209072119711,4.872472119710999
COG,2002,13.245354844477,-2.5760451555230013
COG,2003,14.971799640293,-1.3344003597070007
COG,2004,16.161654353087,-0.6293456469130021
COG,2005,19.767828986347,2.492028986346998
COG,2006,21.764295683285,4.003695683284999
COG,2007,18.708580925426,0.4631809254259984
COG,2008,18.528063702332,-0.20213629766800167
COG,2009,20.203369853573,0.9883698535730012
COG,2010,22.004105352944,2.3043053529439987
COG,2011,21.125323114434,0.9407231144340003
COG,2012,20.359624331474,-0.3097756685260009
COG,2013,19.778768357845,-1.3754316421550001
COG,2014,20.212240246218,-1.426759753782001
COG,2015,20.050350814537,-5.695649185462997
COG,2016,19.751841902108,-10.101158097892
COG,2017,21.421595710674,-8.331404289325999
COG,2018,25.101548053479,-4.380451946520999
COG,2019,26.268698187585,-3.2133018124150006
COG,2020,25.154414606251,9.846414606250999
COG,2021,23.297999367495,5.052599367494999
COG,2022,24.421010691158,6.175610691157999
COG,2023,24.416633406909,6.171233406909
COK,2000,0.073816523867573,-0.09118347613242701
COK,2001,0.073628961312169,-0.091371038687831
COK,2002,0.04589081883241,-0.11910918116759
COK,2003,0.043010391090651,-0.12198960890934901
COK,2004,0.062668509127401,-0.102331490872599
COK,2005,0.094920169080512,-0.07007983091948801
COK,2006,0.097834008720143,-0.067165991279857
COK,2007,0.08568759740655,-0.07931240259345
COK,2008,0.087527317789641,-0.07747268221035901
COK,2009,0.079233874559241,-0.08576612544075901
COK,2010,0.096504600218452,-0.068495399781548
COK,2011,0.10715955484262,-0.05784044515738
COK,2012,0.11212062355927,-0.052879376440730014
COK,2013,0.11722089490377,-0.04777910509623001
COK,2014,0.12420663815353,-0.040793361846470005
COK,2015,0.11316963743617,-0.05183036256383
COK,2016,0.11866637862497,-0.04633362137503001
COK,2017,0.11366546012703,-0.051334539872970014
COK,2018,0.12228239815023,-0.04271760184977001
COK,2019,0.12217240784344,-0.04282759215656001
COK,2020,0.086325323666681,-0.07867467633331901
COK,2021,0.097218247447805,-0.06778175255219501
COK,2022,0.10711086297954,-0.05788913702046
COK,2023,0.1075029245548,-0.05749707544520001
COL,2000,153.07252967977,257.43258407977
COL,2001,153.85387536346,237.84671770346
COL,2002,152.60714098007,236.56745720007
COL,2003,153.2679317871,252.3860923171
COL,2004,153.866474191,251.744735941
COL,2005,157.56634042269,240.12548371268997
COL,2006,156.40889510988,236.80076740988
COL,2007,161.21390453942,243.31741230942
COL,2008,162.34200236275,240.49411988275
COL,2009,167.79374482966,238.93192919966
COL,2010,173.79823254232,245.37512702232
COL,2011,177.25466698152,259.07295238152
COL,2012,175.2878486521,256.4915579521
COL,2013,185.40222052234,248.90173378234
COL,2014,185.35139224063,254.27130476063
COL,2015,187.04439301576,248.38626370576
COL,2016,190.77260580193,278.94900085193
COL,2017,187.12576748371,298.68951078371003
COL,2018,195.87830528146,301.85325958146
COL,2019,201.09332846844,289.25386632844004
COL,2020,199.64551722584,297.68584833584
COL,2021,212.69888567241,308.70812985241
COL,2022,209.76076348353,305.77000766353
COL,2023,215.47661935261,311.48586353261
COM,2000,0.4194010001091,-1.9405989998909
COM,2001,0.42404321199643,-1.89595678800357
COM,2002,0.4358424454761,-1.8441575545238997
COM,2003,0.46018104299333,-1.7798189570066703
COM,2004,0.479461159043,-1.7205388409570002
COM,2005,0.48438212657772,-1.6956178734222802
COM,2006,0.51538729660607,-1.6446127033939302
COM,2007,0.46508706905412,-1.6749129309458801
COM,2008,0.47127224366493,-1.6487277563350702
COM,2009,0.50607150145791,-1.59392849854209
COM,2010,0.53504216764884,-1.5249578323511601
COM,2011,0.52901780645775,-1.49098219354225
COM,2012,0.54247694514199,-1.43752305485801
COM,2013,0.58196119205338,-1.35803880794662
COM,2014,0.57048257054652,-1.32951742945348
COM,2015,0.59263437725975,-1.32736562274025
COM,2016,0.63249655814867,-1.3075034418513298
COM,2017,0.70221153584893,-1.25778846415107
COM,2018,0.65680103504561,-1.3231989649543898
COM,2019,0.69216677286988,-1.30783322713012
COM,2020,0.74524135909571,-1.5547586409042897
COM,2021,0.87592659441439,-1.2640734055856102
COM,2022,0.91950198867091,-1.2204980113290902
COM,2023,0.93689596414486,-1.2031040358551401
CPV,2000,0.52915666132472,0.50382666132472
CPV,2001,0.56569064602996,0.53669864602996
CPV,2002,0.60616347068201,0.5735094706820101
CPV,2003,0.54387642457611,0.50756042457611
CPV,2004,0.5805348356846,0.5405568356846
CPV,2005,0.8030059941697,0.7593659941697
CPV,2006,0.85471192601593,0.80819592601593
CPV,2007,0.94128554791236,0.89189354791236
CPV,2008,0.91721665934203,0.86494865934203
CPV,2009,0.90833615700496,0.85319215700496
CPV,2010,0.95586417948247,0.8978441794824701
CPV,2011,1.0802545724533,1.0277625724533
CPV,2012,0.95680288342389,0.90983888342389
CPV,2013,0.94274079880355,0.90130479880355
CPV,2014,0.98928310513318,0.9533751051331799
CPV,2015,1.0092450448583,0.9788650448583
CPV,2016,1.055018903092,1.0174895780920001
CPV,2017,1.0987161809081,1.0540375309081
CPV,2018,1.003850124488,0.952022149488
CPV,2019,1.0508936509656,0.9919163509655999
CPV,2020,0.84416988593557,0.78519258593557
CPV,2021,0.87258365874284,0.81360635874284
CPV,2022,0.9098127024477,0.8508354024477
CPV,2023,0.88304039943934,0.82406309943934
CRI,2000,10.988073832694,28.569873832694
CRI,2001,11.137422024842,26.270822024841998
CRI,2002,11.151765531605,23.836765531605
CRI,2003,11.584122186409,21.820722186409
CRI,2004,11.85626567798,19.64446567798
CRI,2005,12.262374796819,17.602174796819
CRI,2006,12.83173094579,17.84645094579
CRI,2007,13.941919016096,18.631559016096
CRI,2008,14.123072558477,18.487632558477
CRI,2009,13.948231643614,17.987711643614
CRI,2010,14.106786414905,17.821186414905
CRI,2011,14.527613608704,17.543813608704
CRI,2012,14.128325380875,18.261625380875
CRI,2013,14.47252405185,19.25532405185
CRI,2014,14.692409985608,13.312809985608
CRI,2015,14.490792125701,14.818392125701001
CRI,2016,15.171875426787,13.527775426787
CRI,2017,15.51893921605,12.445639216050001
CRI,2018,15.998293292845,12.924993292845
CRI,2019,15.852932488955,12.779632488955
CRI,2020,14.347653510813,11.274353510813
CRI,2021,15.427772353322,12.354472353322
CRI,2022,15.685039253825,12.611739253825
CRI,2023,16.726718362,13.653418362
CUB,2000,46.02786189535,28.57853595535
CUB,2001,44.457096434386,26.424690934386003
CUB,2002,43.060714234956,24.820653984956003
CUB,2003,42.151622094824,23.352740714823998
CUB,2004,41.309979603339,22.023654793339002
CUB,2005,41.511861951061,21.668748901061
CUB,2006,42.843634741321,22.705509811320997
CUB,2007,43.846134967568,22.521395497567998
CUB,2008,43.267656686909,21.919708026909
CUB,2009,43.749147347546,21.315604267546
CUB,2010,44.540775216467,21.194281306466998
CUB,2011,44.365676313055,21.321750943054997
CUB,2012,45.492353699521,21.802424119520996
CUB,2013,46.009716039593,20.836670089593003
CUB,2014,44.113426076353,18.064310586353002
CUB,2015,46.213801062955,19.910199702955
CUB,2016,44.140763213636,17.427108503636
CUB,2017,43.109804134505,15.685274494504998
CUB,2018,43.453037504848,15.317544904847999
CUB,2019,38.999650523631,11.703429833630999
CUB,2020,34.483964845756,6.242774085756
CUB,2021,37.742251571502,9.043459271502002
CUB,2022,34.996992806992,7.230928396991999
CUB,2023,35.099949896185,7.333885486185004
CYM,2000,0.15122822028423,0.15122822028423
CYM,2001,0.15086149390469,0.15086149390469
CYM,2002,0.16386122835437,0.16386122835437
CYM,2003,0.17213691853781,0.17213691853781
CYM,2004,0.16135262196212,0.16135262196212
CYM,2005,0.16918974359186,0.16918974359186
CYM,2006,0.18739608820825,0.18739608820825
CYM,2007,0.23049528895788,0.23049528895788
CYM,2008,0.24913880198647,0.24913880198647
CYM,2009,0.253244048308,0.253244048308
CYM,2010,0.27345009640092,0.27345009640092
CYM,2011,0.22512857924567,0.22512857924567
CYM,2012,0.21639864424799,0.21639864424799
CYM,2013,0.2427472289965,0.2427472289965
CYM,2014,0.25883105765482,0.25883105765482
CYM,2015,0.2783586792764,0.2783586792764
CYM,2016,0.29148534001544,0.29148534001544
CYM,2017,0.30985491552388,0.30985491552388
CYM,2018,0.33891426825909,0.33891426825909
CYM,2019,0.42541374776828,0.42541374776828
CYM,2020,0.36328229016326,0.36328229016326
CYM,2021,0.34577378708337,0.34577378708337
CYM,2022,0.39121953456236,0.39121953456236
CYM,2023,0.39272670534022,0.39272670534022
CYP,2000,8.3371228494882,8.1876796904882
CYP,2001,8.2625192946883,8.0913579256883
CYP,2002,8.489635614872,8.287220161872
CYP,2003,9.1693327489768,8.9544662519768
CYP,2004,9.1238350938336,8.9080175848336
CYP,2005,9.2335410038361,9.0116799748361
CYP,2006,9.3520519019972,9.1280931009972
CYP,2007,9.665153161639,9.476544664638999
CYP,2008,9.8766584416924,9.6255893006924
CYP,2009,9.6836837701103,9.4046478511103
CYP,2010,9.3535098851227,9.0862362781227
CYP,2011,9.1366996066167,8.8338349116167
CYP,2012,8.6039705110521,8.308122210052101
CYP,2013,7.9245811696753,7.6257495956753
CYP,2014,8.3397058689177,8.0390062639177
CYP,2015,8.4064757378929,8.109042080892898
CYP,2016,8.8287000627848,8.624528415784798
CYP,2017,9.0329485599461,8.724351580946099
CYP,2018,8.9344400386437,8.6301949376437
CYP,2019,8.9768700599922,8.6781131689922
CYP,2020,8.6129084147312,8.3125384297312
CYP,2021,8.7563372373692,8.5116143023692
CYP,2022,9.0554263581847,8.7546946931847
CYP,2023,9.10776435639,8.79589385839
CZE,2000,158.1380646175,147.8092874175
CZE,2001,158.19369502034,147.86928628034
CZE,2002,152.42682872138,142.29812748138
CZE,2003,155.50172069869,145.78911369069002
CZE,2004,156.2949694036,146.85734775359998
CZE,2005,153.14573672698,143.63749682498002
CZE,2006,154.85289213496,146.22440985396
CZE,2007,156.69098392466,148.27482063866
CZE,2008,150.34017572123,140.92085263323
CZE,2009,143.23211412531,134.15711194131
CZE,2010,145.06872256391,136.62498868191
CZE,2011,142.57957389458,133.55375459658
CZE,2012,138.26925657633,128.99933328633
CZE,2013,133.77776472723,125.19017792922999
CZE,2014,131.91134668607,123.43429578507
CZE,2015,133.52596516873,124.99258568273001
CZE,2016,134.68525768485,127.03565015285
CZE,2017,135.47861173571,129.24541405171
CZE,2018,133.85902352583,132.57341964483
CZE,2019,128.1938797923,132.93818572630002
CZE,2020,118.24765737874,125.68890400574
CZE,2021,123.5248968198,127.9363860598
CZE,2022,121.91621526589,123.32932113689
CZE,2023,108.83311329713,105.25519163013
DEU,2000,1033.1249977011,1029.9690069161
DEU,2001,1041.65238895,1029.7240854499998
DEU,2002,1021.9460653117,1040.0662446417
DEU,2003,1024.375599237,1054.365552057
DEU,2004,1007.1599480203,1024.0544066203
DEU,2005,980.81668039396,994.1195700839601
DEU,2006,987.456886714,991.784796351
DEU,2007,959.37790169002,954.06951411102
DEU,2008,958.30795510982,947.56837251982
DEU,2009,892.94034222117,885.52399207317
DEU,2010,939.30620305091,936.28910193191
DEU,2011,910.54293550338,901.1825331963801
DEU,2012,921.43537497475,915.5775845017499
DEU,2013,938.53720711025,930.06765379025
DEU,2014,899.22316491628,901.56382542528
DEU,2015,904.24434935404,901.78492767604
DEU,2016,906.92101336254,908.0247077125399
DEU,2017,890.45648529721,885.33588956821
DEU,2018,859.3059440003,935.1804143703
DEU,2019,806.04325378077,870.42253639077
DEU,2020,747.0267869605,816.1209009805
DEU,2021,773.68859129479,828.56938024479
DEU,2022,758.38718342957,826.5480666595699
DEU,2023,685.65835961194,745.55292757194
DJI,2000,1.8682117247794,0.3682117247793999
DJI,2001,1.881406153964,0.3814061539639999
DJI,2002,1.9158219344491,0.4158219344491001
DJI,2003,1.9755585185094,0.4755585185094
DJI,2004,1.9559686457189,0.45596864571890006
DJI,2005,1.9348616260897,0.4348616260897
DJI,2006,1.9140560615927,0.41405606159270003
DJI,2007,1.9505013391647,0.4505013391646999
DJI,2008,2.0403928549402,0.5403928549402002
DJI,2009,1.9345344057083,0.43453440570830004
DJI,2010,2.0146250737883,-4.9853749262116995
DJI,2011,1.8430952606386,-5.1569047393614
DJI,2012,2.0372909254873,-4.9627090745127
DJI,2013,2.1360950270709,-4.863904972929101
DJI,2014,2.1581433686647,-4.8418566313353
DJI,2015,2.0957645073878,-4.9042354926122
DJI,2016,2.0777637415243,-4.922236258475699
DJI,2017,2.0224005250146,-4.9775994749854
DJI,2018,2.0927153223503,-4.9072846776497006
DJI,2019,2.2215680716459,-4.778431928354101
DJI,2020,2.1626205231597,-4.8373794768403
DJI,2021,2.2601871389853,-4.7398128610147
DJI,2022,2.3451528499679,-4.6548471500321
DJI,2023,2.3883531920742,-4.6116468079257995
DMA,2000,0.11390979112552,-0.023690208874480007
DMA,2001,0.11417021303568,-0.023429786964320007
DMA,2002,0.1088451457777,-0.02375485422229999
DMA,2003,0.11622883204337,-0.015371167956629989
DMA,2004,0.12040055754552,-0.009199442454479997
DMA,2005,0.11959126603086,-0.008008733969139994
DMA,2006,0.12355485304691,-0.004045146953089995
DMA,2007,0.13751805551359,0.009918055513590013
DMA,2008,0.13579923343804,0.008199233438040021
DMA,2009,0.13760811668736,0.010008116687360014
DMA,2010,0.14046517246614,0.012865172466139996
DMA,2011,0.12450588486744,-1.32029411513256
DMA,2012,0.12009095704615,-1.3247090429538502
DMA,2013,0.12570862992039,-1.31909137007961
DMA,2014,0.13338430054751,-1.3114156994524901
DMA,2015,0.13882502858544,-1.30597497141456
DMA,2016,0.14447312479913,-1.30032687520087
DMA,2017,0.13550510335645,-2.62649489664355
DMA,2018,0.13791579503061,-2.62408420496939
DMA,2019,0.15326241548198,-2.60873758451802
DMA,2020,0.14406641809472,-2.61793358190528
DMA,2021,0.1437878600291,-2.6182121399709
DMA,2022,0.14881881912821,-2.61318118087179
DMA,2023,0.14927497543071,-2.61272502456929
DNK,2000,69.52347417769,74.12773265969001
DNK,2001,71.100208823762,75.19797514376201
DNK,2002,70.265053505683,75.436077616683
DNK,2003,75.768550386263,80.700275434263
DNK,2004,69.687659969399,74.42398776539899
DNK,2005,65.970917947487,70.473483967487
DNK,2006,73.174731407787,78.13003292178699
DNK,2007,68.677066954691,73.793150987691
DNK,2008,64.976293764322,68.586569381322
DNK,2009,62.742585173429,65.631330081429
DNK,2010,63.129205606312,64.992885532312
DNK,2011,57.817043244082,58.939421811082
DNK,2012,52.959777871074,53.507742499074006
DNK,2013,54.554243077379,54.727134002378996
DNK,2014,50.384964759007,50.865479940007
DNK,2015,48.238523329447,47.771298481447
DNK,2016,49.983956993417,50.398017575417
DNK,2017,47.703040832768,47.976094241767996
DNK,2018,47.66809862171,49.74136996971
DNK,2019,44.030439700907,45.089670945907
DNK,2020,41.874224296563,42.679968253563
DNK,2021,43.256276246017,42.981762389017
DNK,2022,41.553504228974,40.704341392974
DNK,2023,38.946056059571,38.007124268571
DOM,2000,27.61603923494,29.81653323494
DOM,2001,28.231433152757,30.431927152756998
DOM,2002,30.623877312107,32.824371312107
DOM,2003,28.32485590028,30.52534990028
DOM,2004,27.775044768282,29.975538768282
DOM,2005,28.967989346391,31.168483346391
DOM,2006,31.196367198796,33.396861198796
DOM,2007,32.302439729512,34.502933729512
DOM,2008,32.561252120288,34.761746120288
DOM,2009,32.129434492351,34.329928492351
DOM,2010,33.534093098554,35.734587098554
DOM,2011,33.900640227145,36.101134227144996
DOM,2012,34.788212466427,36.988706466427
DOM,2013,34.486938513236,36.687432513236
DOM,2014,34.999873034485,37.200367034485
DOM,2015,37.411383373908,39.611877373908
DOM,2016,38.795050991273,40.995544991273
DOM,2017,38.038086783672,40.238580783672
DOM,2018,40.384690768341,42.585184768341
DOM,2019,43.59509902934,45.79559302934
DOM,2020,42.512872127351,44.713366127351
DOM,2021,45.820340978362,48.020834978362
DOM,2022,48.846827443696,51.047321443696
DOM,2023,49.801773913648,52.002267913648
DZA,2000,153.67618649858,145.93035366158
DZA,2001,142.93411658996,133.43902169796002
DZA,2002,142.31880278096,132.57524215096
DZA,2003,155.93634684928,146.21237827228
DZA,2004,153.91694666628,144.86160677928
DZA,2005,158.96405194278,149.75444945578
DZA,2006,167.19788111493,157.34604017093
DZA,2007,166.84751333041,158.10539445541002
DZA,2008,174.85894715926,165.24890923826
DZA,2009,170.94136099985,160.95954393985
DZA,2010,178.73936187176,168.48243052176
DZA,2011,185.31489956791,174.51056965791
DZA,2012,201.46905116592,193.01972709592002
DZA,2013,206.29204741005,194.65445835005
DZA,2014,218.97971297929,207.91072415929003
DZA,2015,228.83340989641,216.44294233641
DZA,2016,226.68757741776,214.71663947776
DZA,2017,231.71541868264,220.98821703264
DZA,2018,240.5805887437,229.2344043937
DZA,2019,247.08992922285,235.35622709285
DZA,2020,233.83105005476,222.54697942476
DZA,2021,245.87622098272,235.33206343272002
DZA,2022,255.86334801048,244.33519928048
DZA,2023,258.93895957405,247.41081084405
ECU,2000,42.726125848726,85.30040997872601
ECU,2001,46.675447975401,88.803171005401
ECU,2002,46.875245968848,88.556407898848
ECU,2003,48.951810611906,90.18641144190599
ECU,2004,52.709456048587,93.497495778587
ECU,2005,53.567912261366,93.983817741366
ECU,2006,56.086405125195,95.981322655195
ECU,2007,56.322024501767,95.01874549176699
ECU,2008,57.915508130651,95.414032580651
ECU,2009,62.05559740944,98.35592531943999
ECU,2010,66.046757041885,101.148888411885
ECU,2011,66.623054826297,100.47744744629699
ECU,2012,66.962873941701,99.56952780170101
ECU,2013,70.253571563882,102.035864853882
ECU,2014,72.194819144033,103.15275186403301
ECU,2015,70.910668059378,100.409547249378
ECU,2016,70.110174000186,98.14999966018601
ECU,2017,68.626177825459,92.78434497545899
ECU,2018,69.314972972065,89.591481612065
ECU,2019,69.753591338886,90.040287568886
ECU,2020,63.962622918768,84.259506738768
ECU,2021,68.466690751486,93.048108161486
ECU,2022,70.856512207292,96.651631457292
ECU,2023,73.199767914986,98.994887164986
EGY,2000,205.51787914024,205.51787914024
EGY,2001,219.47270976881,219.47270976881
EGY,2002,225.65170456722,225.65170456722
EGY,2003,230.89764446897,230.89764446897
EGY,2004,245.70409530388,245.70409530388
EGY,2005,264.58869984353,264.58869984353
EGY,2006,276.77986559259,276.77986559259
EGY,2007,291.11988890522,291.11988890522
EGY,2008,294.11354333809,294.11354333809
EGY,2009,301.72063870058,301.72063870058
EGY,2010,301.70433053404,301.70433053404
EGY,2011,311.47540406692,311.47540406692
EGY,2012,326.25029568592,326.25029568592
EGY,2013,320.18962611841,320.18962611841
EGY,2014,325.13765840647,325.13765840647
EGY,2015,331.5431729058,331.5431729058
EGY,2016,344.76205791414,344.76205791414
EGY,2017,357.55413930484,357.55413930484
EGY,2018,352.98561964348,352.98561964348
EGY,2019,326.42487160026,326.42487160026
EGY,2020,335.72421813677,335.72421813677
EGY,2021,352.54795739785,352.54795739785
EGY,2022,350.40040612342,350.40040612342
EGY,2023,369.72616918545,369.72616918545
ERI,2000,5.4322787810002,5.202278781000199
ERI,2001,5.3509743591597,5.1209743591597
ERI,2002,5.3056699151135,5.075669915113499
ERI,2003,5.4240771020812,5.1940771020811995
ERI,2004,5.4954491159115,5.265449115911499
ERI,2005,5.4644897946942,5.237489794694199
ERI,2006,5.3164406501906,5.0894406501906
ERI,2007,5.5336868726869,5.3066868726869
ERI,2008,5.4812842349671,5.254284234967099
ERI,2009,5.5425750623028,5.315575062302799
ERI,2010,5.5367005727963,5.3157005727963
ERI,2011,5.8191661188222,5.5981661188222
ERI,2012,5.8893248157115,5.6683248157115
ERI,2013,5.9200660257489,5.6990660257489
ERI,2014,5.9738002808504,5.7528002808503995
ERI,2015,6.0065704152253,5.794570415225301
ERI,2016,6.0938990376548,5.8818990376548
ERI,2017,6.0952208060076,5.8832208060076
ERI,2018,6.2093923470414,5.997392347041401
ERI,2019,6.2722487043714,6.0602487043714
ERI,2020,6.309533273989,6.097533273989001
ERI,2021,6.4029139211978,6.1909139211978
ERI,2022,6.4950197363487,6.283019736348701
ERI,2023,6.5370067416552,6.3250067416552005
ESH,2000,0.56351802919638,0.56351802919638
ESH,2001,0.57944688508306,0.57944688508306
ESH,2002,0.58537338612657,0.58537338612657
ESH,2003,0.60139002950908,0.60139002950908
ESH,2004,0.60931841692275,0.60931841692275
ESH,2005,0.61404570870481,0.61404570870481
ESH,2006,0.61819948339545,0.61819948339545
ESH,2007,0.61646009526975,0.61646009526975
ESH,2008,0.62222016333785,0.62222016333785
ESH,2009,0.62261116898907,0.62261116898907
ESH,2010,0.62208243245747,0.62208243245747
ESH,2011,0.6124722557534,0.6124722557534
ESH,2012,0.61698832395317,0.61698832395317
ESH,2013,0.61858522132356,0.61858522132356
ESH,2014,0.6163942020112,0.6163942020112
ESH,2015,0.62397361911375,0.62397361911375
ESH,2016,0.62841633846976,0.62841633846976
ESH,2017,0.60407284255875,0.60407284255875
ESH,2018,0.61700843591143,0.61700843591143
ESH,2019,0.6326725745174,0.6326725745174
ESH,2020,0.6044407606976,0.6044407606976
ESH,2021,0.65654630985133,0.65654630985133
ESH,2022,0.68790570618044,0.68790570618044
ESH,2023,0.71442591056688,0.71442591056688
ESP,2000,392.44556252028,346.99972894028
ESP,2001,389.99988220827,342.96108224827
ESP,2002,408.12961010815,361.52582799815
ESP,2003,417.12989579631,370.87625496631
ESP,2004,434.20365269998,387.56315409998
ESP,2005,448.86069719111,400.93983857111
ESP,2006,440.45479012335,390.39012087335
ESP,2007,457.46133513123,410.47423292123
ESP,2008,422.14643742525,375.23389380525
ESP,2009,381.98983657454,337.12082210453997
ESP,2010,369.07975209771,321.11468088771
ESP,2011,368.77555899972,320.43408627971996
ESP,2012,363.88899715107,317.13697765106997
ESP,2013,334.10255856624,287.80379344624004
ESP,2014,332.75152494805,283.84836847805
ESP,2015,344.15435509669,291.90113427668996
ESP,2016,336.15896244286,283.65730917286
ESP,2017,350.31640183882,297.01948795882004
ESP,2018,342.65067583147,288.90276330147
ESP,2019,324.23357178537,271.83738871536997
ESP,2020,283.71126462507,232.23706059506998
ESP,2021,302.67530582376,250.47654147376002
ESP,2022,306.61682413149,255.17387735148998
ESP,2023,286.86512318192,235.38722625192003
EST,2000,21.761021328867,18.486847597866998
EST,2001,22.256148478898,19.598629724898004
EST,2002,21.540281270601,19.945947384601
EST,2003,23.564185185335,22.753858376335
EST,2004,24.151907959843,22.447590634843
EST,2005,24.0825906325,21.3171577305
EST,2006,23.417555959401,18.367597386401002
EST,2007,27.22877979221,21.741799985209997
EST,2008,25.166603198251,20.050053099251
EST,2009,21.817344774443,16.452785077443
EST,2010,26.756682191155,21.639188451155
EST,2011,26.87632691967,23.131958576669998
EST,2012,25.853045502817,23.855744386817
EST,2013,28.403114191984,27.502070068984
EST,2014,27.631832019221,27.418489903221
EST,2015,25.91060282734,26.27157835034
EST,2016,25.299001451704,26.596258445704002
EST,2017,26.782138130818,27.991571923818
EST,2018,28.544661495782,31.498751696782
EST,2019,19.875288235544,22.653526310544002
EST,2020,16.016245599115,16.811333574115
EST,2021,16.718913150154,17.221073552154
EST,2022,18.744019475847,18.595168056847
EST,2023,14.984304728256,16.767719209256
ETH,2000,77.080886189159,49.464010189159
ETH,2001,82.543820596938,64.193044996938
ETH,2002,90.308590522354,81.223915322354
ETH,2003,89.589476592291,89.77090179229101
ETH,2004,92.117861058351,101.565386658351
ETH,2005,95.532477938642,114.24610393864201
ETH,2006,101.34727018402,129.32699658402
ETH,2007,110.99988510753,148.24571190753
ETH,2008,116.47153808084,162.98346528084
ETH,2009,121.15473111707,176.93275871707
ETH,2010,126.80176958514,191.84589758514
ETH,2011,126.66539810867,200.97562650867002
ETH,2012,131.86417475024,215.44050355024
ETH,2013,137.03576216843,229.87819136843
ETH,2014,143.17328116093,242.05399092093
ETH,2015,147.71791966517,252.63690996517
ETH,2016,154.29162113182,265.24889203182
ETH,2017,157.84142465662,274.83697605662
ETH,2018,162.68217642057,285.71600842057
ETH,2019,173.87424962575,296.90808162575
ETH,2020,181.53339365857,304.56722565857
ETH,2021,176.96056360398,299.99439560398
ETH,2022,180.46355443559,303.49738643559
ETH,2023,188.44693508356,311.48076708356
FIN,2000,74.687583004506,50.433930504505994
FIN,2001,80.71707814831,55.85924552831
FIN,2002,83.012541074014,57.146489994014
FIN,2003,91.622076087921,65.370140427921
FIN,2004,87.935032111263,60.318546451263
FIN,2005,75.205857038303,47.572257558302994
FIN,2006,87.463743528624,55.928509398623994
FIN,2007,85.633395273,63.62060819300001
FIN,2008,76.728085512003,52.12999698200301
FIN,2009,73.119751469308,37.372633059308
FIN,2010,82.938131233895,58.75126998389501
FIN,2011,74.701455276504,51.074012426504005
FIN,2012,68.641860516234,43.270116016234006
FIN,2013,69.564003421873,50.991444391872996
FIN,2014,65.562628801406,46.16787677140601
FIN,2015,61.791193424014,47.601946254013995
FIN,2016,64.607363581884,55.101664335884
FIN,2017,61.547330137214,55.608626197213994
FIN,2018,62.980313220931,67.343483759931
FIN,2019,59.607039174265,60.137784025265
FIN,2020,54.346469827616,53.362060486615995
FIN,2021,55.402597408924,63.954910512924
FIN,2022,54.091559722637,63.378955339637
FIN,2023,49.873984130358,59.05456693835799
FJI,2000,2.786074709956,3.096074709956
FJI,2001,2.9279102568265,3.2379102568265
FJI,2002,2.6248657662351,2.9348657662351
FJI,2003,2.8551422156179,3.1651422156179
FJI,2004,3.3455000293255,3.6555000293255
FJI,2005,3.0962344153883,3.4062344153883
FJI,2006,3.2404627174598,3.5504627174598
FJI,2007,3.106535403841,3.436535403841
FJI,2008,2.6754535062788,3.2454535062787997
FJI,2009,2.4327510219574,2.1827510219574
FJI,2010,3.0726480037224,3.8326480037224
FJI,2011,2.6149380051818,3.1749380051818
FJI,2012,2.5818898431438,3.1418898431438
FJI,2013,2.7743279133634,3.3343279133634
FJI,2014,2.4793415660363,3.0393415660363
FJI,2015,2.5391100269518,3.0991100269518
FJI,2016,2.5338120219692,3.0938120219692
FJI,2017,2.5377756755107,3.0977756755107
FJI,2018,2.6768943969257,3.2368943969257002
FJI,2019,2.7570060463262,3.3170060463262
FJI,2020,2.1479268974257,2.7079268974257
FJI,2021,2.3723391972978,2.9323391972978
FJI,2022,2.5255983677891,3.0855983677891
FJI,2023,2.6489059423742,3.2089059423742
FLK,2000,0.15472668976172,0.15472668976172
FLK,2001,0.15196111581612,0.15196111581612
FLK,2002,0.15309787905964,0.15309787905964
FLK,2003,0.15546529360044,0.15546529360044
FLK,2004,0.15570526265622,0.15570526265622
FLK,2005,0.15592236292574,0.15592236292574
FLK,2006,0.15898436157535,0.15898436157535
FLK,2007,0.16179970470511,0.16179970470511
FLK,2008,0.16257386112263,0.16257386112263
FLK,2009,0.16418505252093,0.16418505252093
FLK,2010,0.16400366507298,0.16400366507298
FLK,2011,0.16001502336263,0.16001502336263
FLK,2012,0.16083075000872,0.16083075000872
FLK,2013,0.16279994209018,0.16279994209018
FLK,2014,0.16380926826617,0.16380926826617
FLK,2015,0.16431080385852,0.16431080385852
FLK,2016,0.16603117199109,0.16603117199109
FLK,2017,0.16428672603526,0.16428672603526
FLK,2018,0.16149759080494,0.16149759080494
FLK,2019,0.16438176697242,0.16438176697242
FLK,2020,0.16519664060211,0.16519664060211
FLK,2021,0.16800777119728,0.16800777119728
FLK,2022,0.16955147941356,0.16955147941356
FLK,2023,0.17143413695019,0.17143413695019
FRA,2000,538.06129641246,509.60870641246004
FRA,2001,542.46649469994,500.14135178993996
FRA,2002,536.07928147557,483.97119146557003
FRA,2003,539.64765627094,482.72415380094003
FRA,2004,541.16370652563,482.51671926563
FRA,2005,541.8791571116,484.09984910159994
FRA,2006,528.19812834364,471.06473226363994
FRA,2007,522.87574586897,470.08667021896997
FRA,2008,515.5236224921,463.86146306210003
FRA,2009,501.29228583724,461.29873778724
FRA,2010,510.80510358267,468.79663733267
FRA,2011,493.17144946944,449.98909669944
FRA,2012,495.35334479169,449.01380296169
FRA,2013,490.00105394072,437.81669591072
FRA,2014,455.85409552049,411.18198238048996
FRA,2015,461.67068103406,420.16075685406
FRA,2016,462.96219484381,425.29475589380996
FRA,2017,465.77039680646,435.92402198646
FRA,2018,452.3490709987,412.53465568869996
FRA,2019,443.9014209685,407.3035285285
FRA,2020,401.58636708789,362.37207361789
FRA,2021,430.87821946809,394.44814208809
FRA,2022,417.18101989961,381.58206924961
FRA,2023,390.74290511362,351.88926389362
FRO,2000,0.090155397923687,0.090155397923687
FRO,2001,0.090853024055985,0.090853024055985
FRO,2002,0.091053261097338,0.091053261097338
FRO,2003,0.091189161947937,0.091189161947937
FRO,2004,0.091296709849057,0.091296709849057
FRO,2005,0.091151452722208,0.091151452722208
FRO,2006,0.091078390548515,0.091078390548515
FRO,2007,0.091140926676389,0.091140926676389
FRO,2008,0.091027745697085,0.091027745697085
FRO,2009,0.091186514636756,0.091186514636756
FRO,2010,0.091169053906753,0.091169053906753
FRO,2011,0.091495279060995,0.091495279060995
FRO,2012,0.091777235096389,0.091777235096389
FRO,2013,0.091872676916857,0.091872676916857
FRO,2014,0.094211182859237,0.094211182859237
FRO,2015,0.094426104103391,0.094426104103391
FRO,2016,0.094709277887069,0.094709277887069
FRO,2017,0.095113204376033,0.095113204376033
FRO,2018,0.095409323899811,0.095409323899811
FRO,2019,0.095250453040274,0.095250453040274
FRO,2020,0.095788238246676,0.095788238246676
FRO,2021,0.096081678423538,0.096081678423538
FRO,2022,0.095653913170767,0.095653913170767
FRO,2023,0.096459070097079,0.096459070097079
GAB,2000,27.948366910268,-69.59963308973201
GAB,2001,28.014791821746,-71.070808178254
GAB,2002,27.092750898882,-73.530449101118
GAB,2003,30.188272506924,-71.972527493076
GAB,2004,27.929602651693,-75.768797348307
GAB,2005,26.277553384568,-78.958446615432
GAB,2006,22.636205053566,-85.829394946434
GAB,2007,19.562392378954,-92.132807621046
GAB,2008,21.040694290185,-93.884105709815
GAB,2009,20.463042285145,-97.691357714855
GAB,2010,21.005668170401,-100.378331829599
GAB,2011,20.704050181292,-96.269949818708
GAB,2012,20.592693997833,-97.07530600216701
GAB,2013,20.360928639668,-94.353071360332
GAB,2014,20.538764341185,-93.248235658815
GAB,2015,21.399145047559,-93.23385495244099
GAB,2016,21.443633629366,-91.364366370634
GAB,2017,19.695807111532,-89.105192888468
GAB,2018,18.344462416214,-90.456537583786
GAB,2019,20.255247302733,-88.545752697267
GAB,2020,20.08623514586,-88.71476485414
GAB,2021,19.169095280259,-89.631904719741
GAB,2022,19.938195052174,-88.862804947826
GAB,2023,21.553322123783,-87.247677876217
GBR,2000,718.07914795242,716.61479268042
GBR,2001,724.32804200348,722.2547337094801
GBR,2002,705.81749824351,702.9426120095101
GBR,2003,715.57737498106,712.50927236106
GBR,2004,710.54958683837,706.70390287137
GBR,2005,703.62845086188,699.4217921178799
GBR,2006,698.53366874399,693.94689160299
GBR,2007,685.42829391298,680.21926846598
GBR,2008,663.27729993201,657.4288857510101
GBR,2009,607.93046506858,602.01347263758
GBR,2010,622.72414088149,616.70045271449
GBR,2011,578.6500235257799,571.9638633357799
GBR,2012,599.4118244913,592.8679426282999
GBR,2013,585.77844188927,579.12402004627
GBR,2014,544.70896429334,537.77691418534
GBR,2015,527.8980282403,520.8249275673
GBR,2016,502.47847879811,495.73928152311004
GBR,2017,490.83997318668,483.83398174068003
GBR,2018,482.16798168312,475.75822553012
GBR,2019,464.70900637397,458.14301845497
GBR,2020,421.54114387014,414.86240836414
GBR,2021,437.86944037325,431.02063771325
GBR,2022,423.3671644979,416.80728870589996
GBR,2023,400.60949906759,394.57405236658997
GEO,2000,11.241373420251,4.502731987251
GEO,2001,9.6209489640263,2.6880108640263005
GEO,2002,9.6896747371026,2.9796333041025997
GEO,2003,10.247252580285,3.659751147285
GEO,2004,10.534202506823,4.056334406823
GEO,2005,11.151712725524,5.141051292524
GEO,2006,11.785809176935,4.993121076935
GEO,2007,12.669212878099,6.464658111098999
GEO,2008,11.780926390563,5.415111623563
GEO,2009,12.781206061135,6.334687961135001
GEO,2010,12.189638117516,6.368763350515999
GEO,2011,13.624603933813,7.425659166813
GEO,2012,14.797951959562,8.361077192562
GEO,2013,15.735138478707,9.927170378707
GEO,2014,16.534606756413,10.806938656413003
GEO,2015,16.789568496303,11.067803729303002
GEO,2016,17.210260304267,11.351435537267
GEO,2017,17.287613504044,11.474585404044
GEO,2018,17.146679470417,11.262188037416998
GEO,2019,17.878982797255,12.094884697254999
GEO,2020,17.527547706749,11.624155706749
GEO,2021,18.560313848092,12.549415915092002
GEO,2022,19.706446338088,13.905839438088
GEO,2023,19.652808348284,13.852201448284001
GHA,2000,15.540592438227,20.925209535226998
GHA,2001,16.155412659287,22.088832446287
GHA,2002,17.541933641028,23.688751778028
GHA,2003,17.210550608031,22.997241990031
GHA,2004,17.119755544369,22.356348768369
GHA,2005,17.876649692345,23.201312961345003
GHA,2006,19.819738321205,25.317411172205002
GHA,2007,20.373495483676,25.902896677675997
GHA,2008,22.037284140195,27.617510885195
GHA,2009,23.153297098743,28.473354129743
GHA,2010,24.49869063993,30.09314096993
GHA,2011,27.522180908209,33.001309436209
GHA,2012,30.363766087992,35.951660300992
GHA,2013,32.470467089069,38.390197351069
GHA,2014,32.665552722415,38.488962656415
GHA,2015,33.959980642908,40.130853999908
GHA,2016,34.630669633928,40.141888776928
GHA,2017,38.432092841918,43.619853655918
GHA,2018,40.457490942,45.746733142
GHA,2019,42.694728938838,49.715373753837994
GHA,2020,45.700023840003,52.145919454003
GHA,2021,46.52969894348,52.74961366848
GHA,2022,46.917918621924,53.715437515924
GHA,2023,46.82251111631,53.620030010309996
GIB,2000,0.35822428759059,0.35822428759059
GIB,2001,0.36765006765481,0.36765006765481
GIB,2002,0.37400287013317,0.37400287013317
GIB,2003,0.38037110402825,0.38037110402825
GIB,2004,0.41216503226708,0.41216503226708
GIB,2005,0.42480373701896,0.42480373701896
GIB,2006,0.4438396369431,0.4438396369431
GIB,2007,0.44074233328146,0.44074233328146
GIB,2008,0.45010851895735,0.45010851895735
GIB,2009,0.49124005306509,0.49124005306509
GIB,2010,0.4945004770559,0.4945004770559
GIB,2011,0.47876386036431,0.47876386036431
GIB,2012,0.48842493735723,0.48842493735723
GIB,2013,0.52013929439188,0.52013929439188
GIB,2014,0.55824565917471,0.55824565917471
GIB,2015,0.60894196653757,0.60894196653757
GIB,2016,0.63468557271279,0.63468557271279
GIB,2017,0.6729981962104,0.6729981962104
GIB,2018,0.7136762979042,0.7136762979042
GIB,2019,0.74174104397695,0.74174104397695
GIB,2020,0.6624023408873,0.6624023408873
GIB,2021,0.66468647917034,0.66468647917034
GIB,2022,0.65907095264,0.65907095264
GIB,2023,0.65270141409658,0.65270141409658
GIN,2000,10.500149035484,44.100149035484
GIN,2001,10.772130421229,44.372130421229
GIN,2002,11.188400137916,44.788400137916
GIN,2003,11.676275053962,45.276275053962
GIN,2004,12.093625990889,45.693625990889004
GIN,2005,12.561409220629,46.161409220629004
GIN,2006,13.092197511819,46.692197511819
GIN,2007,13.562777102181,47.162777102181
GIN,2008,14.155790568532,47.755790568532
GIN,2009,14.729940959502,48.329940959502004
GIN,2010,16.597929052953,50.197929052953
GIN,2011,16.852543663787,50.452543663787
GIN,2012,17.433164409184,51.033164409183996
GIN,2013,17.899567478583,51.499567478583
GIN,2014,18.494722129202,52.094722129202
GIN,2015,19.743246861371,53.343246861371
GIN,2016,20.959714460468,54.559714460468
GIN,2017,21.690289033677,55.290289033677
GIN,2018,23.010293665708,56.610293665708
GIN,2019,24.910676725913,58.510676725913
GIN,2020,26.291240552511,59.891240552511
GIN,2021,27.113104025822,60.713104025822005
GIN,2022,28.636728008435,62.236728008435
GIN,2023,28.615129628361,62.215129628361
GLP,2000,0.87381253054788,0.87381253054788
GLP,2001,0.90229622620955,0.90229622620955
GLP,2002,0.98832804821784,0.98832804821784
GLP,2003,0.98766403253724,0.98766403253724
GLP,2004,0.95451065601421,0.95451065601421
GLP,2005,0.96308375119936,0.96308375119936
GLP,2006,1.0473891253691,1.0473891253691
GLP,2007,1.0943641154843,1.0943641154843
GLP,2008,1.1098879864869,1.1098879864869
GLP,2009,1.1703289556739,1.1703289556739
GLP,2010,1.2969890220666,1.2969890220666
GLP,2011,1.3945815115424,1.3945815115424
GLP,2012,1.393856174981,1.393856174981
GLP,2013,1.3962914175862,1.3962914175862
GLP,2014,1.400118752103,1.400118752103
GLP,2015,1.4083138860222,1.4083138860222
GLP,2016,1.4098172735423,1.4098172735423
GLP,2017,1.4091646436549,1.4091646436549
GLP,2018,1.4119334773777,1.4119334773777
GLP,2019,1.410610318618,1.410610318618
GLP,2020,1.4091955361077,1.4091955361077
GLP,2021,1.40890588922,1.40890588922
GLP,2022,1.4086142816027,1.4086142816027
GLP,2023,1.4110365749909,1.4110365749909
GMB,2000,1.2472153457182,2.4392153457181998
GMB,2001,1.2411166941724,2.4331166941723996
GMB,2002,1.2665013738941,2.4585013738940997
GMB,2003,1.3922069966239,2.5842069966239
GMB,2004,1.4468675590111,2.6388675590111
GMB,2005,1.481832455776,2.673832455776
GMB,2006,1.5433799132786,2.7353799132786
GMB,2007,1.5774435111544,2.7694435111544
GMB,2008,1.6545121711177,2.8465121711177
GMB,2009,1.8325351309105,3.0245351309105
GMB,2010,1.8793748019109,3.0713748019109
GMB,2011,1.7368182616706,2.9288182616706
GMB,2012,1.7334969473167,2.9254969473166996
GMB,2013,1.8160700884562,3.0080700884561997
GMB,2014,1.9296988984077,3.1216988984076997
GMB,2015,2.0224918244546,3.2144918244546004
GMB,2016,1.9730756909158,3.1650756909158
GMB,2017,1.9154046355384,3.1074046355384
GMB,2018,1.7616974681462,2.9536974681462
GMB,2019,1.8055266717616,2.9975266717616
GMB,2020,1.7470006067931,2.9390006067931003
GMB,2021,1.740892650756,2.932892650756
GMB,2022,1.8162668347012,3.0082668347012
GMB,2023,1.8423963356211,3.0343963356211
GNB,2000,2.0011107372487,-25.2167046827513
GNB,2001,1.9677169110374,-25.2500985089626
GNB,2002,2.0091610460152,-25.2086543739848
GNB,2003,2.0733269017695,-25.1444885182305
GNB,2004,2.0942513243911,-25.123564095608902
GNB,2005,2.1522309385058,-25.065584481494202
GNB,2006,2.2498989631757,-24.9679164568243
GNB,2007,2.3590063648182,-24.8588090551818
GNB,2008,2.438001272068,-24.779814147932
GNB,2009,2.5747557729583,-24.6430596470417
GNB,2010,2.7030972485155,-24.5147181714845
GNB,2011,2.7010739172488,-26.446898622751203
GNB,2012,2.8103995923871,-25.0564292476129
GNB,2013,2.8916818278095,-13.862157792190501
GNB,2014,2.7553350068278,-18.3200881531722
GNB,2015,2.8965418164514,-18.8387516235486
GNB,2016,2.9618657964665,-15.2992010135335
GNB,2017,2.8698415402217,-14.408684909778302
GNB,2018,2.9733858823659,-14.879226297634101
GNB,2019,3.0381219072141,-14.659583972785901
GNB,2020,3.0456823396483,-13.560292980351699
GNB,2021,3.0879855291269,-17.0598175608731
GNB,2022,3.1453610920222,-19.3993390379778
GNB,2023,3.1488255053156,-19.3958746246844
GNQ,2000,12.066560745934,20.619460745934
GNQ,2001,13.3403215705,21.8932215705
GNQ,2002,10.484416863085,19.037316863085
GNQ,2003,11.723297588526,20.276197588526
GNQ,2004,16.184586405717,24.737486405717
GNQ,2005,15.595021834895,24.147921834895
GNQ,2006,16.94131623078,25.494216230779998
GNQ,2007,18.133397924995,26.686297924994996
GNQ,2008,16.989691735712,25.542591735712
GNQ,2009,14.346217835844,22.899117835844
GNQ,2010,14.990990674043,23.543890674043
GNQ,2011,15.046624106143,23.599524106143
GNQ,2012,14.843838979168,23.396738979168
GNQ,2013,13.988250110385,22.541150110384997
GNQ,2014,14.064652049983,22.617552049982997
GNQ,2015,14.281477263562,22.834377263561997
GNQ,2016,13.173477496676,21.726377496676
GNQ,2017,11.777839937703,20.330739937703
GNQ,2018,10.649481049105,19.202381049105
GNQ,2019,10.024381031649,18.577281031649
GNQ,2020,9.7695217288281,18.322421728828097
GNQ,2021,9.2975215156492,17.8504215156492
GNQ,2022,9.1254761127559,17.6783761127559
GNQ,2023,7.9746753103412,16.5275753103412
GRC,2000,120.00408930626,117.22376301126
GRC,2001,120.79539977412,118.10584884612
GRC,2002,121.3174001882,118.3103443572
GRC,2003,124.61914440896,121.85793725996
GRC,2004,124.71294134369,121.96253276169
GRC,2005,126.78304257858,123.20642743258
GRC,2006,123.34174152226,119.68993410825999
GRC,2007,127.74550132409,125.16767382509
GRC,2008,123.23124092324,119.82215792324
GRC,2009,117.48570108086,113.97621194886
GRC,2010,110.79493983856,107.34999930856
GRC,2011,107.93401474088,104.37851225888001
GRC,2012,103.42960741761,99.80333146361001
GRC,2013,95.849567220154,93.259291243154
GRC,2014,93.022120546515,90.990282142515
GRC,2015,91.440436998434,87.942169276434
GRC,2016,89.956677716967,85.855369163967
GRC,2017,90.425829982722,86.589010305722
GRC,2018,87.920421049567,83.240305366567
GRC,2019,82.08057942038,76.89262075838
GRC,2020,72.283348819195,67.100788835195
GRC,2021,73.506035167586,68.281903564586
GRC,2022,74.624308598441,69.364544349441
GRC,2023,70.597990903103,65.920626247103
GRD,2000,0.10373949241089,0.99073949241089
GRD,2001,0.10508029413941,0.99208029413941
GRD,2002,0.11060758238243,0.99760758238243
GRD,2003,0.11786066018003,1.00486066018003
GRD,2004,0.11462202002879,1.00162202002879
GRD,2005,0.12039212369972,1.00739212369972
GRD,2006,0.13074047578572,-0.04625952421427998
GRD,2007,0.1407764397754,-0.03622356022459999
GRD,2008,0.14983240749484,-0.027167592505159988
GRD,2009,0.15731535896207,-0.019684641037929995
GRD,2010,0.16963369357126,-0.007366306428739977
GRD,2011,0.14232454645825,-0.03467545354175
GRD,2012,0.14564449055796,-0.03135550944203999
GRD,2013,0.1739722427819,-0.0030277572181000023
GRD,2014,0.16205535814752,-0.014944641852479984
GRD,2015,0.16980624862551,-0.007193751374489993
GRD,2016,0.1807162764402,0.003716276440200006
GRD,2017,0.18171958942681,0.00471958942681
GRD,2018,0.1983079140503,0.021307914050299998
GRD,2019,0.23700689813409,0.06000689813409002
GRD,2020,0.21068118374566,0.03368118374566001
GRD,2021,0.21837665378787,0.041376653787870005
GRD,2022,0.22894437159644,0.05194437159644
GRD,2023,0.23355176439514,0.05655176439514001
GRL,2000,0.059308122200421,0.059308122200421
GRL,2001,0.059486505769527,0.059486505769527
GRL,2002,0.05934470055349,0.05934470055349
GRL,2003,0.059703211451323,0.059703211451323
GRL,2004,0.6685328146581,0.6685328146581
GRL,2005,0.67555982529203,0.67555982529203
GRL,2006,0.6895594132075,0.6895594132075
GRL,2007,0.68012041404076,0.68012041404076
GRL,2008,0.69732110152205,0.69732110152205
GRL,2009,0.61481251518305,0.61481251518305
GRL,2010,0.70791483447507,0.70791483447507
GRL,2011,0.74843773110905,0.74843773110905
GRL,2012,0.60367893319486,0.60367893319486
GRL,2013,0.60250935313603,0.60250935313603
GRL,2014,0.54541778440308,0.54541778440308
GRL,2015,0.58452606647851,0.58452606647851
GRL,2016,0.58088203172604,0.58088203172604
GRL,2017,0.56808729823343,0.56808729823343
GRL,2018,0.57304010041413,0.57304010041413
GRL,2019,0.58874679915748,0.58874679915748
GRL,2020,0.59199463736207,0.59199463736207
GRL,2021,0.6131665995027,0.6131665995027
GRL,2022,0.65549114524127,0.65549114524127
GRL,2023,0.64998093736356,0.64998093736356
GTM,2000,21.645232096405,51.526346436405
GTM,2001,22.524955441538,53.327463611538
GTM,2002,23.630295892463,54.215610652463
GTM,2003,23.504151602211,60.871467902210995
GTM,2004,24.331719170281,51.809846600281006
GTM,2005,25.629055657393,57.784971967393005
GTM,2006,26.244292727169,55.193376497169
GTM,2007,27.318126069056,58.548727629056
GTM,2008,26.772525428989,56.798233888989
GTM,2009,28.110611328267,58.512784988267
GTM,2010,28.210770374138,57.340552814138
GTM,2011,28.797100478162,60.052575968162
GTM,2012,29.771353724928,57.934360664928
GTM,2013,31.448741234843,61.920361114843
GTM,2014,33.137073687644,62.222722997644
GTM,2015,36.233923177484,66.494106357484
GTM,2016,37.841404731601,74.96697231160101
GTM,2017,37.31219861759,67.75989186759
GTM,2018,39.586914584201,69.48124350420099
GTM,2019,40.973296771467,75.147956271467
GTM,2020,39.544938559328,79.554423989328
GTM,2021,42.517373651683,76.01516270168301
GTM,2022,41.487332942942,72.380319772942
GTM,2023,42.992884634674,73.885871464674
GUF,2000,0.31753790782013,0.31753790782013
GUF,2001,0.29254174147901,0.29254174147901
GUF,2002,0.28069279834009,0.28069279834009
GUF,2003,0.32241452079425,0.32241452079425
GUF,2004,0.32811415661698,0.32811415661698
GUF,2005,0.32963026534016,0.32963026534016
GUF,2006,0.32706952678243,0.32706952678243
GUF,2007,0.34902831137866,0.34902831137866
GUF,2008,0.363698744882,0.363698744882
GUF,2009,0.4612606276186,0.4612606276186
GUF,2010,0.46276516094263,0.46276516094263
GUF,2011,0.49223258444897,0.49223258444897
GUF,2012,0.50643391754392,0.50643391754392
GUF,2013,0.50662257452061,0.50662257452061
GUF,2014,0.51067305258128,0.51067305258128
GUF,2015,0.51510121956179,0.51510121956179
GUF,2016,0.52704538791121,0.52704538791121
GUF,2017,0.52612140576237,0.52612140576237
GUF,2018,0.53276830746048,0.53276830746048
GUF,2019,0.53843361270084,0.53843361270084
GUF,2020,0.54129003487963,0.54129003487963
GUF,2021,0.55031751838925,0.55031751838925
GUF,2022,0.55493654353918,0.55493654353918
GUF,2023,0.57700856891599,0.57700856891599
GUY,2000,3.5131253243005,-140.86794927569952
GUY,2001,3.4716207736411,-140.9757857263589
GUY,2002,3.3253536085286,-141.1883848914714
GUY,2003,3.5310681553059,-141.04901094469412
GUY,2004,3.4737716402645,-141.1726394597355
GUY,2005,3.1930182725108,-141.51973332748918
GUY,2006,3.0168261882857,-141.7622574117143
GUY,2007,3.3266491991448,-141.51876640085518
GUY,2008,3.4012325791781,-141.5105235208219
GUY,2009,3.4889424298743,-141.4891456701257
GUY,2010,3.6968769397581,-141.34755176024188
GUY,2011,3.8229181934829,-141.28784250651708
GUY,2012,4.0428964219292,-134.85377067807082
GUY,2013,4.1879991833767,-136.3825687166233
GUY,2014,4.4615543286639,-136.0957262713361
GUY,2015,4.5595572116418,-139.4113922883582
GUY,2016,4.6330604561162,-140.2603856438838
GUY,2017,4.787582059359,-140.18965474064098
GUY,2018,4.8584424930454,-136.5419639069546
GUY,2019,5.1925990535675,-132.9211481464325
GUY,2020,6.2555902474765,-133.5482446525235
GUY,2021,6.3093527328628,-136.2171004671372
GUY,2022,7.790828123826,-134.616370176174
GUY,2023,8.5860349708722,-133.8211633291278
HKG,2000,46.64371393131,46.64371393131
HKG,2001,46.506729741458,46.506729741458
HKG,2002,45.522395992679,45.522395992679
HKG,2003,49.128639706939,49.128639706939
HKG,2004,45.297976383804,45.297976383804
HKG,2005,47.62746773727,47.62746773727
HKG,2006,47.106084902195,47.106084902195
HKG,2007,49.18641841945,49.18641841945
HKG,2008,47.918231031844,47.918231031844
HKG,2009,50.020961804586,50.020961804586
HKG,2010,47.127416782817,47.127416782817
HKG,2011,50.16369527867,50.16369527867
HKG,2012,49.662549852623,49.662549852623
HKG,2013,51.222430583809,51.222430583809
HKG,2014,52.649738459969,52.649738459969
HKG,2015,49.36878369565,49.36878369565
HKG,2016,50.276421191836,50.276421191836
HKG,2017,49.415754455673,49.415754455673
HKG,2018,49.395993075579,49.395993075579
HKG,2019,48.947764086847,48.947764086847
HKG,2020,39.598852388009,39.598852388009
HKG,2021,40.027964213497,40.027964213497
HKG,2022,37.640804458449,37.640804458449
HKG,2023,39.730674623127,39.730674623127
HND,2000,10.971258299856,1.3482582998560009
HND,2001,12.063801877178,2.440801877178
HND,2002,13.288958290302,3.665958290302001
HND,2003,14.847053333677,5.224053333677
HND,2004,15.935165774961,6.3121657749610005
HND,2005,15.082605711397,5.459605711397
HND,2006,16.233794634067,6.566794634067
HND,2007,17.495048183272,10.502048183272
HND,2008,17.803860605115,10.658860605114999
HND,2009,17.801842396428,10.532842396428
HND,2010,17.864216362566,10.577216362566002
HND,2011,19.119228527757,11.922228527757
HND,2012,19.783245965265,12.600245965265
HND,2013,20.167837004849,12.608837004849
HND,2014,20.133758926244,12.645758926244
HND,2015,21.197393265519,13.761393265519
HND,2016,20.260564879642,12.824564879642
HND,2017,19.763637649026,12.327637649025998
HND,2018,19.632867596894,12.196867596893998
HND,2019,21.058504801468,13.622504801468
HND,2020,20.405764178954,12.969764178954001
HND,2021,21.739044156686,14.303044156686
HND,2022,22.203752894659,14.767752894659
HND,2023,23.782187545514,16.346187545514
HRV,2000,25.413553348886,18.467003644886002
HRV,2001,26.473238709636,18.410990604635998
HRV,2002,27.201990790671,18.874445156671
HRV,2003,28.741110355572,21.175131106572003
HRV,2004,29.222183754625,21.386242335625
HRV,2005,29.284965578601,21.202801214601
HRV,2006,29.715120755353,21.805171775353
HRV,2007,31.259694822245,24.449908949245
HRV,2008,30.12597619439,23.14462812439
HRV,2009,28.301257220267,21.216423684267
HRV,2010,27.834608486704,20.802864968704
HRV,2011,27.543734945089,21.748115903089
HRV,2012,25.994737569833,20.594379732832998
HRV,2013,25.586721043693,19.282213243693
HRV,2014,24.945306750123,18.785760942122998
HRV,2015,25.577708941718,19.703044944718002
HRV,2016,26.112556698967,20.237830699967002
HRV,2017,26.788041290586,21.620487004586003
HRV,2018,25.71167437429,20.055543436289998
HRV,2019,26.010885798774,20.119000022774003
HRV,2020,25.434961931382,19.557661773381998
HRV,2021,25.537988590822,19.608579988822
HRV,2022,25.394739209385,20.321145194385
HRV,2023,26.802408502729,21.132266054729
HTI,2000,9.6479619918594,10.7961119918594
HTI,2001,9.7464609910911,10.894610991091099
HTI,2002,10.057573109273,11.205723109272999
HTI,2003,10.128271178714,11.276421178714
HTI,2004,10.072996811543,11.221146811542999
HTI,2005,10.260864623263,11.409014623263
HTI,2006,10.417047178872,11.565197178872
HTI,2007,10.948283827673,12.096433827673
HTI,2008,11.061225278697,12.209375278697
HTI,2009,11.222425114175,12.370575114174999
HTI,2010,11.884969183405,13.033119183404999
HTI,2011,12.439564550833,13.587714550832999
HTI,2012,12.441810919415,13.589960919414999
HTI,2013,12.720479026064,13.868629026064
HTI,2014,13.025867040233,14.174017040233
HTI,2015,13.370233451146,14.518383451145999
HTI,2016,13.668704418718,14.816854418718
HTI,2017,13.692512702701,14.840662702701
HTI,2018,13.940633553173,15.088783553173
HTI,2019,13.824833889913,14.972983889913
HTI,2020,13.514424977128,14.662574977128
HTI,2021,13.463425490264,14.611575490263998
HTI,2022,13.480523907845,14.628673907845
HTI,2023,13.615283929323,14.763433929323
HUN,2000,78.393272515636,77.246697683636
HUN,2001,80.348107780226,77.559864634226
HUN,2002,78.804106779812,76.703442725812
HUN,2003,81.730374257112,77.259895346112
HUN,2004,80.898732061433,77.399332149433
HUN,2005,81.241107625988,75.193066781988
HUN,2006,80.318260859842,76.219607807842
HUN,2007,77.761492447432,73.348035253432
HUN,2008,75.451738324955,69.353190956955
HUN,2009,69.262189909401,64.615621091401
HUN,2010,70.01974209813,65.19519671913
HUN,2011,69.301360150384,65.074753080384
HUN,2012,65.548029290291,60.717233177291
HUN,2013,62.955944280946,58.859760121945996
HUN,2014,63.166935355998,58.035000485998
HUN,2015,66.107797992116,60.381856780116
HUN,2016,66.905013501592,62.331606102592
HUN,2017,69.868850853868,64.474219273868
HUN,2018,70.111515299536,65.28637202453599
HUN,2019,70.318540602243,64.903771454243
HUN,2020,68.681043933481,61.551692979481004
HUN,2021,69.944707924055,62.722945089054996
HUN,2022,65.564141388159,58.644403289159
HUN,2023,60.950215865162,54.030477766162
IDN,2000,513.06981650855,844.6394690085501
IDN,2001,536.25540842307,1042.8184028230698
IDN,2002,543.44175190567,1039.88085580567
IDN,2003,573.26098512843,1015.09805932843
IDN,2004,585.32825155033,1281.02757465033
IDN,2005,593.16207991714,1268.80171281714
IDN,2006,626.63398268224,1625.2476258822398
IDN,2007,650.31569668042,1468.05462778042
IDN,2008,653.17937324306,1428.0449419430602
IDN,2009,685.37669882301,1581.34417092301
IDN,2010,722.93817123822,1234.97863563822
IDN,2011,822.62211973126,1369.20865343126
IDN,2012,842.74234836073,1488.1824829607299
IDN,2013,808.42252572412,1467.35237042412
IDN,2014,851.91921728964,1782.76729598964
IDN,2015,853.12217073229,2508.50578173229
IDN,2016,851.53114496928,1826.3722221692801
IDN,2017,905.88942201568,1622.11460111568
IDN,2018,1002.7634035911,1436.2157690911
IDN,2019,1062.2685236981,1823.5933540981
IDN,2020,1007.1477692835,1368.3531161834999
IDN,2021,1037.2806385606,1352.0757661605999
IDN,2022,1181.2991970214,1479.1949745214001
IDN,2023,1261.3223482049,1559.2181257049
IND,2000,1835.5596506481,1612.9926506481
IND,2001,1859.4487113822,1643.3872827822
IND,2002,1888.1986388943,1678.6427817943002
IND,2003,1938.2256408092,1735.1753551092002
IND,2004,2040.7614930392,1844.2167787392
IND,2005,2111.742985354,1921.703842454
IND,2006,2216.1962446685,2032.6626732685002
IND,2007,2359.3108699666,2182.2828699666
IND,2008,2486.3896587473,2284.1936587473
IND,2009,2595.4143582435,2368.0503582435
IND,2010,2722.6207018817,2470.0887018816998
IND,2011,2858.4621303267,2647.5491303267
IND,2012,3037.494708205,2673.2727082049996
IND,2013,3074.1389660369,2709.5699660369
IND,2014,3254.3162782855,2953.1242782855
IND,2015,3310.4591123421,3014.3661123421
IND,2016,3353.918433351,3046.0994333510002
IND,2017,3495.5014549791,3183.7224549791
IND,2018,3634.4228742276,3197.4228742276
IND,2019,3641.2931605234,3155.8221605234
IND,2020,3461.0500219037,2975.5790219037
IND,2021,3719.5631700061,3234.0921700061
IND,2022,3961.5256127027,3476.0546127027
IND,2023,4206.3289023798,3720.8579023797997
IRL,2000,74.361639320672,76.222924539672
IRL,2001,76.794295149953,79.720032698953
IRL,2002,75.706811500744,78.564801755744
IRL,2003,76.085809882075,79.26569873107499
IRL,2004,75.930049476908,77.93110528290799
IRL,2005,77.914797948836,80.053713200836
IRL,2006,78.350293715941,80.464812088941
IRL,2007,76.896449613238,78.068927023238
IRL,2008,76.147365610668,76.639411946668
IRL,2009,71.245014569147,71.335657175147
IRL,2010,70.196988731069,71.012032502069
IRL,2011,65.849949538819,66.00253141681901
IRL,2012,67.241482855288,66.633990835288
IRL,2013,66.344415675814,66.35038461181401
IRL,2014,66.196923995615,66.427385100615
IRL,2015,67.78677688447,67.91065420247
IRL,2016,70.804002894194,70.062024145194
IRL,2017,69.907300046236,70.87184036823601
IRL,2018,67.20652597676,67.33226668676001
IRL,2019,65.278536733934,65.56757483993401
IRL,2020,62.905568358264,63.806047528263996
IRL,2021,65.100771591606,65.555446818606
IRL,2022,63.857628940469,63.626844191469
IRL,2023,60.357963848,60.292822871
IRN,2000,511.37732437236,532.90592437236
IRN,2001,516.94830118749,538.47690118749
IRN,2002,533.27510251147,554.80370251147
IRN,2003,580.30411789948,601.83271789948
IRN,2004,607.84900426085,629.37760426085
IRN,2005,650.68029535148,672.20889535148
IRN,2006,697.20365700663,718.73225700663
IRN,2007,721.22306100296,742.75166100296
IRN,2008,737.02491149674,758.5535114967399
IRN,2009,757.69778073355,779.22638073355
IRN,2010,767.59970028748,789.12830028748
IRN,2011,776.16272695583,797.6913269558299
IRN,2012,766.30447831457,787.83307831457
IRN,2013,786.38155548889,807.9101554888899
IRN,2014,800.22339478507,821.75199478507
IRN,2015,793.33205184695,814.86065184695
IRN,2016,837.86147471581,859.39007471581
IRN,2017,866.98676479924,888.5153647992399
IRN,2018,856.6915693349,878.2201693349
IRN,2019,891.36420087881,912.89280087881
IRN,2020,909.93822355484,931.46682355484
IRN,2021,974.10718858739,995.63578858739
IRN,2022,989.86456306096,1011.39316306096
IRN,2023,1030.0946943568,1051.6232943568
IRQ,2000,167.85136707183,167.85136707183
IRQ,2001,181.67441184005,181.67441184005
IRQ,2002,169.94983584843,169.94983584843
IRQ,2003,152.20099918036,152.20099918036
IRQ,2004,170.86991822996,170.86991822996
IRQ,2005,164.52082692387,164.52082692387
IRQ,2006,164.14687429831,164.14687429831
IRQ,2007,154.43794882856,154.43794882856
IRQ,2008,171.49782000592,171.49782000592
IRQ,2009,187.34403603364,187.34403603364
IRQ,2010,210.53417542787,210.53417542787
IRQ,2011,223.78856728893,223.78856728893
IRQ,2012,253.35312394554,253.35312394554
IRQ,2013,265.303350804,265.303350804
IRQ,2014,265.47719397937,265.47719397937
IRQ,2015,275.91628760641,275.91628760641
IRQ,2016,325.51203425488,325.51203425488
IRQ,2017,339.86822692955,339.86822692955
IRQ,2018,357.46454717581,357.46454717581
IRQ,2019,377.12664291304,377.12664291304
IRQ,2020,345.61784587306,345.61784587306
IRQ,2021,361.81674610063,361.81674610063
IRQ,2022,399.16746492952,399.16746492952
IRQ,2023,405.17316134328,405.17316134328
ISL,2000,3.9380436504812,10.3035197984812
ISL,2001,4.0490813005843,10.4231014705843
ISL,2002,4.2445631731759,10.633322482175899
ISL,2003,4.2177530337632,10.6002088307632
ISL,2004,4.3019046810594,10.6842448110594
ISL,2005,4.2134071826331,10.595824531633099
ISL,2006,4.397429698329,10.821987403329
ISL,2007,4.7550504389316,11.0942075999316
ISL,2008,5.0503253425538,11.4330956555538
ISL,2009,5.065983445938,11.503912174938002
ISL,2010,5.0003567434968,11.4125610814968
ISL,2011,4.8643118622378,11.255223640237801
ISL,2012,4.8582703025641,11.2538275225641
ISL,2013,4.8976779660303,11.2937828920303
ISL,2014,4.642762446412,11.032317852412
ISL,2015,4.8384193209061,11.218775684906099
ISL,2016,4.3576764595031,10.7207577785031
ISL,2017,4.5079013474557,10.8432107414557
ISL,2018,4.4755163047497,10.7989666247497
ISL,2019,4.3365123278186,10.673366118818599
ISL,2020,4.2277693901474,10.5846956881474
ISL,2021,4.2603525413214,10.6237689063214
ISL,2022,4.3017230079263,10.6510811759263
ISL,2023,4.2460513453687,10.5966017633687
ISR,2000,69.117069321356,68.830792196356
ISR,2001,69.223943632103,68.937666507103
ISR,2002,72.494413368277,72.208136243277
ISR,2003,74.297063563603,74.010786438603
ISR,2004,74.140910577772,73.870661899772
ISR,2005,72.146949938706,71.771359155706
ISR,2006,75.400996582402,75.00500465640201
ISR,2007,78.02212180729,77.63732905629
ISR,2008,79.513605808847,79.167067565847
ISR,2009,77.971964776769,77.60479303576899
ISR,2010,83.724466538497,83.313390937497
ISR,2011,83.773529901162,83.359189940162
ISR,2012,90.599892820225,90.274976399225
ISR,2013,82.035440881896,81.74415218689599
ISR,2014,79.466985421746,79.303559911746
ISR,2015,82.864284489258,82.723102842258
ISR,2016,83.245516029008,83.039327098008
ISR,2017,83.284891712648,83.109309291648
ISR,2018,79.91487732722,79.65850091522
ISR,2019,82.374691149732,82.118314737732
ISR,2020,78.862228928596,78.605852516596
ISR,2021,78.521246399936,78.26486998793601
ISR,2022,81.863149822537,81.606773410537
ISR,2023,79.053413464415,78.797037052415
ITA,2000,538.15506936167,516.8432213316701
ITA,2001,536.35769177722,505.30247207722
ITA,2002,545.63984724141,510.47487633141003
ITA,2003,566.25481961669,538.65461149669
ITA,2004,577.00680166437,543.35106673437
ITA,2005,578.73568693679,544.29558742679
ITA,2006,567.1625327208,532.1017902908
ITA,2007,560.65043194971,547.09671855971
ITA,2008,545.7313409465,514.7903507965001
ITA,2009,494.50555141034,460.41032793034
ITA,2010,505.56623018924,465.28423707924003
ITA,2011,494.99340565037,461.56197928037
ITA,2012,476.69476390612,451.77723148612
ITA,2013,442.74171968541,402.67760675540995
ITA,2014,423.61697002392,382.88277544391997
ITA,2015,433.53352379311,391.22265119311004
ITA,2016,429.22730041134,384.66070944134003
ITA,2017,426.1243807756,398.0938146056
ITA,2018,421.87332162839,371.78924360839
ITA,2019,413.49158385845,365.29736629845
ITA,2020,375.49618539474,335.01959837474
ITA,2021,408.93194356151,369.66717499151
ITA,2022,408.06046932401,367.78151559401
ITA,2023,378.51077162728,324.11968369728004
JAM,2000,11.979706654709,10.293706654709
JAM,2001,12.04734949269,10.36134949269
JAM,2002,12.004618043337,10.318618043337
JAM,2003,12.366959228487,10.680959228487
JAM,2004,12.331663377061,10.645663377061
JAM,2005,12.306623697381,10.620623697381
JAM,2006,13.714892023594,12.028892023594
JAM,2007,13.613605050804,11.975605050804
JAM,2008,11.207959917632,9.575959917632
JAM,2009,9.361367761075,7.739367761075
JAM,2010,8.9743761032041,7.3563761032041
JAM,2011,8.9137363379766,7.2977363379766
JAM,2012,8.3325849913982,6.7065849913982
JAM,2013,8.7997102840046,7.173710284004601
JAM,2014,8.5420795770365,6.9160795770365
JAM,2015,8.4176745871491,6.791674587149101
JAM,2016,8.9440054331597,7.318005433159701
JAM,2017,8.6448230503237,7.0188230503237
JAM,2018,10.04982799227,8.42382799227
JAM,2019,9.7707767013368,8.1447767013368
JAM,2020,7.2194283659381,5.5934283659381006
JAM,2021,7.7907192421236,6.164719242123599
JAM,2022,8.8444413161078,7.2184413161078
JAM,2023,9.042432560002,7.416432560002001
JOR,2000,19.704692596681,18.782692596681
JOR,2001,19.930742073684,19.008742073684
JOR,2002,20.860061382793,19.938061382793
JOR,2003,21.521275458754,20.599275458754
JOR,2004,23.110803135802,22.188803135802
JOR,2005,24.765442436642,23.843442436642
JOR,2006,25.141227208611,24.219227208611
JOR,2007,26.238970309833,25.316970309833
JOR,2008,25.912517390229,24.990517390228998
JOR,2009,26.435248748774,25.513248748774
JOR,2010,26.145669098829,25.223669098829
JOR,2011,26.948637926322,26.026637926322
JOR,2012,30.741872637414,29.819872637414
JOR,2013,30.465560213933,29.543560213933
JOR,2014,32.612161603235,31.690161603235
JOR,2015,32.653660299517,31.731660299517
JOR,2016,32.834048425129,31.912048425128997
JOR,2017,34.379197134174,33.457197134174
JOR,2018,33.372479837837,32.450479837837
JOR,2019,31.899160684597,30.977160684597
JOR,2020,29.998694832568,29.076694832568
JOR,2021,31.30619662874,30.38419662874
JOR,2022,33.338396510643,32.416396510643004
JOR,2023,34.400684103286,33.478684103286
JPN,2000,1377.7821959912,1285.8898513312001
JPN,2001,1356.3729911167,1263.4354777367
JPN,2002,1384.7551643198,1290.2250084198001
JPN,2003,1389.219233854,1284.2185549540002
JPN,2004,1380.3905606889,1277.5193949888999
JPN,2005,1389.6047445189,1291.0764494988998
JPN,2006,1359.7126345894,1267.4535718694
JPN,2007,1393.9089779451,1306.2695232751
JPN,2008,1319.3170040102,1241.6010960202
JPN,2009,1250.6456623216,1175.1890893316
JPN,2010,1313.1601674668,1234.0523132168
JPN,2011,1363.1798231598,1284.9167264298
JPN,2012,1401.341790458,1319.197195998
JPN,2013,1417.7405771639,1342.1208434339
JPN,2014,1366.667423601,1296.7734083510002
JPN,2015,1324.4225472395,1260.0567016195
JPN,2016,1320.9354042909,1261.1901249508999
JPN,2017,1305.6904106006,1242.7045661506
JPN,2018,1254.5984224506,1192.1960856606001
JPN,2019,1215.1408351129,1158.1224476429
JPN,2020,1151.0676584183,1092.1270022283
JPN,2021,1172.1251500133,1114.1081299833002
JPN,2022,1142.3046229531,1089.8641331131
JPN,2023,1094.0242506381,1043.3164152581
KAZ,2000,172.3084565119,206.0941131819
KAZ,2001,171.7801866794,205.1525880094
KAZ,2002,187.75781626776,220.71656993776
KAZ,2003,207.63154646733,240.17724646733
KAZ,2004,222.28944404849,261.02898737849
KAZ,2005,237.2563538775,282.1898982075
KAZ,2006,263.57288880348,314.66997513348
KAZ,2007,274.77578710752,323.70059710751997
KAZ,2008,308.1772160258,354.92941602580004
KAZ,2009,283.78722840449,325.89592507449004
KAZ,2010,304.01540117296,341.82258450296
KAZ,2011,327.49021389556,353.56144956556
KAZ,2012,322.81884798807,337.31127465807
KAZ,2013,340.36230449663,343.32460449663
KAZ,2014,298.21903096109,304.78650762809
KAZ,2015,262.97362301116,273.39853934115996
KAZ,2016,278.61228661202,292.68509994202
KAZ,2017,293.31926855381,311.15628188381
KAZ,2018,298.67947688282,320.25348355282
KAZ,2019,288.1337467533,307.25886008329996
KAZ,2020,296.35281873901,312.31646240901
KAZ,2021,315.64381901861,320.22095568560997
KAZ,2022,322.93218200325,326.87868867024997
KAZ,2023,326.8628859182,330.8093925852
KEN,2000,41.383846496355,42.627616807355
KEN,2001,42.31241214307,43.55618245407
KEN,2002,44.70826505815,47.19580568115
KEN,2003,46.040639207268,49.771950141268
KEN,2004,50.411008733855,55.386089979855
KEN,2005,52.89814171211,59.11699326911
KEN,2006,51.632405311357,59.972359204357
KEN,2007,71.434855182887,81.43463678188701
KEN,2008,76.178892642344,87.837044462344
KEN,2009,75.153521496533,88.470043526533
KEN,2010,78.737635252082,93.712527502082
KEN,2011,79.543619724966,94.054322374966
KEN,2012,77.936861224796,92.447563874796
KEN,2013,77.881013527452,92.391716177452
KEN,2014,79.97004032149,98.29989784149001
KEN,2015,82.133360035474,103.964279985474
KEN,2016,88.437761221883,113.76970694188299
KEN,2017,85.544513409337,114.377521559337
KEN,2018,88.435416665973,116.950332385973
KEN,2019,97.22021474239,131.88668906239
KEN,2020,108.57715673298,149.03397031298
KEN,2021,102.16018788218,147.16352814217998
KEN,2022,105.1551493185,152.00148810849998
KEN,2023,100.57605274699,147.42239153699
KGZ,2000,10.898478054848,0.5314780548479998
KGZ,2001,10.07893203823,-0.2880679617700004
KGZ,2002,11.167796247028,0.8007962470279999
KGZ,2003,11.853731964933,1.486731964933
KGZ,2004,11.798246266523,1.431246266522999
KGZ,2005,11.894695174066,1.5276951740659985
KGZ,2006,11.990129572577,1.6231295725769996
KGZ,2007,13.346050899218,2.9790508992179987
KGZ,2008,14.739484058268,4.3724840582679985
KGZ,2009,14.631079858986,4.264079858985999
KGZ,2010,14.35762694506,3.990626945059999
KGZ,2011,16.402111751967,6.035111751966998
KGZ,2012,18.591493939202,8.224493939201999
KGZ,2013,18.502124830612,8.135124830612
KGZ,2014,19.400574791578,9.033574791577998
KGZ,2015,19.870991348814,9.503991348814
KGZ,2016,19.631048545231,9.264048545230999
KGZ,2017,19.996802400195,9.629802400195
KGZ,2018,22.129136443326,11.762136443326
KGZ,2019,21.225753187283,10.858753187283
KGZ,2020,20.399398303507,10.032398303506998
KGZ,2021,21.829000950485,11.462000950484999
KGZ,2022,21.95345272449,11.586452724489998
KGZ,2023,21.717112728515,11.350112728515
KHM,2000,20.451539233386,47.454393233386
KHM,2001,21.006011060051,48.008865060051
KHM,2002,20.892921039702,47.895775039702
KHM,2003,22.871124558317,49.873978558317
KHM,2004,22.396902624669,49.399756624668996
KHM,2005,25.148509605244,52.151363605244
KHM,2006,26.598857804852,53.601711804852
KHM,2007,27.873430673271,54.876284673271
KHM,2008,28.792656127188,55.795510127187995
KHM,2009,30.308553439117,57.311407439117
KHM,2010,30.973314589945,57.976168589945004
KHM,2011,32.1390856483,163.04413364829998
KHM,2012,32.002712166027,162.907760166027
KHM,2013,31.98329863919,162.88834663919
KHM,2014,33.402243522516,164.30729152251598
KHM,2015,35.173497553633,76.285415553633
KHM,2016,37.872399851346,78.984317851346
KHM,2017,39.820059795979,70.321669795979
KHM,2018,40.686722132466,71.188332132466
KHM,2019,44.000723628615,74.50233362861499
KHM,2020,46.956907288888,77.458517288888
KHM,2021,48.336934193903,78.838544193903
KHM,2022,47.104215231706,77.605825231706
KHM,2023,48.981796752506,79.483406752506
KIR,2000,0.052160926094565,0.052160926094565
KIR,2001,0.0492790983809,0.0492790983809
KIR,2002,0.064442501745328,0.064442501745328
KIR,2003,0.066335364973674,0.066335364973674
KIR,2004,0.068424377068698,0.068424377068698
KIR,2005,0.084404211229717,0.084404211229717
KIR,2006,0.089469221190868,0.089469221190868
KIR,2007,0.085603157472978,0.085603157472978
KIR,2008,0.093325333765673,0.093325333765673
KIR,2009,0.082944619884345,0.082944619884345
KIR,2010,0.08657430289508,0.08657430289508
KIR,2011,0.082885307032636,0.082885307032636
KIR,2012,0.082376222143534,0.082376222143534
KIR,2013,0.087201692518096,0.087201692518096
KIR,2014,0.088249006668391,0.088249006668391
KIR,2015,0.090657350050254,0.090657350050254
KIR,2016,0.097008548788043,0.097008548788043
KIR,2017,0.098835468176362,0.098835468176362
KIR,2018,0.10632353483783,0.10632353483783
KIR,2019,0.1073814135583,0.1073814135583
KIR,2020,0.10586645224872,0.10586645224872
KIR,2021,0.11376582122559,0.11376582122559
KIR,2022,0.10994547945545,0.10994547945545
KIR,2023,0.11077828774109,0.11077828774109
KNA,2000,0.094185571101656,-0.04281442889834401
KNA,2001,0.095701896590935,-0.04129810340906501
KNA,2002,0.10343942573595,-0.033560574264050014
KNA,2003,0.10594614089121,-0.031053859108790008
KNA,2004,0.1124851628441,-0.024514837155900013
KNA,2005,0.10665294416126,-0.030347055838740006
KNA,2006,0.11254911435382,-0.024450885646180004
KNA,2007,0.12120448936452,-0.015795510635480015
KNA,2008,0.12674101046772,-0.010258989532280022
KNA,2009,0.13699245527214,-7.5447278600204726e-06
KNA,2010,0.14536623592477,0.008366235924769982
KNA,2011,0.12390974839028,-0.013090251609720008
KNA,2012,0.11754531337522,-0.019454686624780004
KNA,2013,0.12883529719275,-0.008164702807250013
KNA,2014,0.13440193743916,-0.0025980625608399976
KNA,2015,0.14011844061572,0.003118440615720003
KNA,2016,0.1497272332469,0.012727233246899977
KNA,2017,0.14222959128061,0.005229591280609985
KNA,2018,0.15041265303133,0.01341265303132999
KNA,2019,0.17057713352102,0.033577133521019986
KNA,2020,0.16040195402468,0.023401954024679983
KNA,2021,0.1633160949081,0.026316094908099996
KNA,2022,0.18413615448157,0.04713615448156999
KNA,2023,0.17929183805329,0.04229183805328998
KOR,2000,530.14498001802,471.43446001802
KOR,2001,537.29435181494,479.13077181494
KOR,2002,554.17305005927,498.24471005927006
KOR,2003,560.1427191098,504.80279910980005
KOR,2004,578.45854858913,521.9121485891301
KOR,2005,575.11524430276,520.67904430276
KOR,2006,583.40056939046,527.87268939046
KOR,2007,603.97624304572,547.75341304572
KOR,2008,616.33606736255,559.19909736255
KOR,2009,621.14247204507,564.42894204507
KOR,2010,682.95495607095,628.78527607095
KOR,2011,716.38967362334,663.44891362334
KOR,2012,715.60233326436,668.2914832643601
KOR,2013,712.96237740006,670.1143174000599
KOR,2014,702.55306728806,658.95732728806
KOR,2015,714.59376927942,669.89394927942
KOR,2016,719.52143192105,673.62864192105
KOR,2017,738.19124358933,696.3857135893301
KOR,2018,754.52225583933,712.92136583933
KOR,2019,729.06957163628,687.4686816362799
KOR,2020,695.12706346979,653.5261734697899
KOR,2021,719.28057233316,677.6796823331599
KOR,2022,694.87830790562,653.2774179056199
KOR,2023,670.11455551284,628.5136655128399
KWT,2000,89.595910760445,89.729830760445
KWT,2001,91.272907500401,91.40682750040101
KWT,2002,94.617742488506,94.751662488506
KWT,2003,105.19340914529,105.32732914529001
KWT,2004,110.05422358704,110.18814358704
KWT,2005,121.80140296451,121.93532296451001
KWT,2006,125.31017177957,125.44409177957
KWT,2007,121.43700956847,121.57092956847
KWT,2008,126.24871957469,126.38263957469
KWT,2009,124.53908305327,124.67300305327001
KWT,2010,126.71196414369,126.84588414369
KWT,2011,135.48798590069,135.62190590069
KWT,2012,138.79132960695,138.92524960695
KWT,2013,140.76500406009,140.89892406009
KWT,2014,139.44182573789,139.57574573789
KWT,2015,143.82432975132,143.95824975131998
KWT,2016,149.03977953374,149.17369953373998
KWT,2017,146.70450489189,146.83842489188999
KWT,2018,150.3530105712,150.4869305712
KWT,2019,148.81552330196,148.94944330196
KWT,2020,144.05274191367,144.18666191366998
KWT,2021,152.39255940562,152.52647940562
KWT,2022,159.62280356342,159.75672356342
KWT,2023,167.88766525722,168.02158525721998
LAO,2000,8.8954755379079,-26.2515244620921
LAO,2001,9.2537883310827,-25.8932116689173
LAO,2002,9.5803553627945,-25.5666446372055
LAO,2003,9.8747654141568,-25.2722345858432
LAO,2004,10.457133066813,-24.689866933186998
LAO,2005,10.291893344882,-24.855106655118
LAO,2006,10.846878845942,-24.300121154057997
LAO,2007,11.474861237016,-23.672138762983998
LAO,2008,12.0019999179,-23.145000082099997
LAO,2009,12.989390734877,-22.157609265123
LAO,2010,13.834938813387,-21.312061186613
LAO,2011,13.842735717707,-9.765764282292999
LAO,2012,14.839732787382,2.721316117381999
LAO,2013,15.480099282661,14.900182615660999
LAO,2014,16.375217173359,27.382217173359003
LAO,2015,21.37473786183,32.38173786183
LAO,2016,29.046421064718,40.053421064718
LAO,2017,32.411607809869,43.418607809868995
LAO,2018,33.114964176001,44.121964176001
LAO,2019,32.96413206724,43.97113206724
LAO,2020,33.521800086924,44.528800086924
LAO,2021,37.853822756302,48.860822756302
LAO,2022,38.49878485048,49.50578485048
LAO,2023,41.173200006129,52.180200006129
LBN,2000,18.17235051526,15.11367458126
LBN,2001,19.59373727364,16.53506133964
LBN,2002,19.707368035551,16.648692101551
LBN,2003,19.959672298877,16.900996364877
LBN,2004,20.371612789307,17.312936855307
LBN,2005,20.380893571564,17.322217637564
LBN,2006,20.033499388488,16.974823454488
LBN,2007,18.888275982924,15.829600048924
LBN,2008,22.350346401687,19.291670467687
LBN,2009,25.778518835734,22.719842901734
LBN,2010,24.899021125365,21.840345191365
LBN,2011,25.465967536983,22.407291602983
LBN,2012,28.230245601569,25.186720172569
LBN,2013,28.072700433947,25.044325509946997
LBN,2014,30.182024311995,27.168799891995
LBN,2015,32.417303014539,29.419229099539002
LBN,2016,33.65450894506,30.67158553506
LBN,2017,35.352677753759,32.384904847758996
LBN,2018,33.725112614045,30.772490213045003
LBN,2019,33.563227490279,30.625755594279
LBN,2020,28.630764851121,25.708443460121
LBN,2021,23.757978513406,20.720764146406
LBN,2022,17.7102943977,14.4591059927
LBN,2023,18.360026333968,15.108837928968
LBR,2000,2.189699630113,-18.314300369887
LBR,2001,2.2298988421588,-18.2741011578412
LBR,2002,2.2795358163257,-18.2244641836743
LBR,2003,2.3642011303823,-18.1397988696177
LBR,2004,2.4680812799243,-18.035918720075703
LBR,2005,2.7040661369851,-17.7999338630149
LBR,2006,2.9848599999877,-17.5191400000123
LBR,2007,2.8839794523786,-17.6200205476214
LBR,2008,2.8918671390329,-17.6121328609671
LBR,2009,3.0667306961624,-17.437269303837603
LBR,2010,3.3957640952251,-17.1082359047749
LBR,2011,3.5642320885367,-16.939767911463303
LBR,2012,3.7113847657537,-16.792615234246302
LBR,2013,3.7123534500441,-16.7916465499559
LBR,2014,4.1068043003395,-16.3971956996605
LBR,2015,4.2889413641164,-16.2150586358836
LBR,2016,4.509409949718,-15.994590050282001
LBR,2017,4.3354011074046,-16.1685988925954
LBR,2018,3.8118853223014,-16.6921146776986
LBR,2019,4.3337426802152,-16.170257319784803
LBR,2020,4.2104553383891,-16.293544661610902
LBR,2021,4.2103092058981,-16.293690794101902
LBR,2022,4.3676746570905,-16.1363253429095
LBR,2023,4.4125518208479,-16.091448179152103
LBY,2000,91.731500436032,91.731500436032
LBY,2001,88.27576500566,88.27576500566
LBY,2002,88.514673105765,88.514673105765
LBY,2003,98.309829064123,98.309829064123
LBY,2004,96.934832504983,96.934832504983
LBY,2005,104.47826594612,104.47826594612
LBY,2006,102.79963752355,102.79963752355
LBY,2007,96.255513564884,96.255513564884
LBY,2008,100.57223165029,100.57223165029
LBY,2009,100.24326644924,100.24326644924
LBY,2010,106.05911939026,106.05911939026
LBY,2011,62.575301358942,62.575301358942
LBY,2012,99.545595552253,99.545595552253
LBY,2013,90.633908229967,90.633908229967
LBY,2014,80.399906494587,80.399906494587
LBY,2015,71.718802513624,71.718802513624
LBY,2016,68.153262261524,68.153262261524
LBY,2017,82.061606643244,82.061606643244
LBY,2018,88.531302102208,88.531302102208
LBY,2019,91.637778736233,91.637778736233
LBY,2020,64.448036776287,64.448036776287
LBY,2021,92.615456952582,92.615456952582
LBY,2022,89.944707592614,89.944707592614
LBY,2023,97.951644077719,97.951644077719
LCA,2000,0.21370757073409,0.09192154473408999
LCA,2001,0.21926052640362,0.08071382840362001
LCA,2002,0.21198874530779,0.06518922330779
LCA,2003,0.22606490645218,0.07444418945218001
LCA,2004,0.2215297982116,0.06554891121159998
LCA,2005,0.22555559134706,0.019966207347060005
LCA,2006,0.23693410952652,0.05712329052651999
LCA,2007,0.24760158029096,0.07669608429096
LCA,2008,0.25759496037346,0.08417339137346003
LCA,2009,0.26907824427039,0.08059474927039001
LCA,2010,0.28897602893125,0.21227947093125002
LCA,2011,0.2509893430387,0.11570513703870003
LCA,2012,0.25984139852632,0.07635553652631999
LCA,2013,0.28278107601827,0.03404987901827003
LCA,2014,0.29950203508387,-0.01154511591613
LCA,2015,0.30649831263227,0.03699513063227
LCA,2016,0.32297675508871,-0.07328879291129003
LCA,2017,0.33035012660317,-0.18841686739683006
LCA,2018,0.39614598830043,0.16951698830043002
LCA,2019,0.43637036422714,0.20974136422714
LCA,2020,0.42319832442408,0.19656932442408
LCA,2021,0.42974128948573,0.20311228948572999
LCA,2022,0.4497645702325,0.2231355702325
LCA,2023,0.45415151464671,0.22752251464671
LKA,2000,22.454266340925,-0.7604836590749997
LKA,2001,22.142217895607,-0.8194781043929993
LKA,2002,22.784292052756,1.9787920527560026
LKA,2003,24.038486920474,3.5578069204740004
LKA,2004,24.130101233724,4.514911233724003
LKA,2005,25.991886560817,6.479756560817002
LKA,2006,24.840024560619,4.966004560618998
LKA,2007,25.620722488896,6.954692488896001
LKA,2008,25.825385960237,7.513965960237002
LKA,2009,24.948124754584,6.6615947545840015
LKA,2010,26.548778737308,8.064848737308001
LKA,2011,28.680877743431,10.196947743431
LKA,2012,30.75236029113,12.268430291129999
LKA,2013,28.02057292274,9.53664292274
LKA,2014,30.09075377507,11.606823775069998
LKA,2015,33.265334275786,14.781404275786002
LKA,2016,36.126846987696,17.642916987695997
LKA,2017,34.724364673704,16.240434673704
LKA,2018,34.50109196904,16.017161969039996
LKA,2019,36.304559762854,17.820629762853997
LKA,2020,35.882839753923,17.398909753923
LKA,2021,36.06526817876,17.58133817876
LKA,2022,34.125909634296,15.641979634296
LKA,2023,35.18535761302,16.70142761302
LSO,2000,2.6680451977796,10.2060451977796
LSO,2001,2.6811117549594,10.2191117549594
LSO,2002,2.5455570243869,10.0835570243869
LSO,2003,2.5817060952236,10.1197060952236
LSO,2004,2.5750211345921,10.1130211345921
LSO,2005,2.7451290421155,10.862129042115502
LSO,2006,2.7028874269729,10.508887426972901
LSO,2007,2.8394100586097,10.4284100586097
LSO,2008,2.7033486126668,9.9513486126668
LSO,2009,2.8015048175136,9.8515048175136
LSO,2010,2.8069168738162,10.296916873816201
LSO,2011,2.8435678783374,10.3335678783374
LSO,2012,2.9067981978607,10.3967981978607
LSO,2013,2.8102968161234,10.3002968161234
LSO,2014,2.8180884785609,10.3080884785609
LSO,2015,2.7845591904473,10.2745591904473
LSO,2016,2.8209916640534,10.3109916640534
LSO,2017,3.0313645121102,10.5213645121102
LSO,2018,2.9297483307067,10.4197483307067
LSO,2019,2.8119484293382,10.3019484293382
LSO,2020,2.4749446676886,9.9649446676886
LSO,2021,2.6213805464181,10.1113805464181
LSO,2022,2.9114932619428,10.4014932619428
LSO,2023,3.0709584594613,10.5609584594613
LTU,2000,20.419880407616,10.182686927615999
LTU,2001,21.100045384364,13.023470258364002
LTU,2002,21.607386601775,14.408018638775001
LTU,2003,21.684449599447,15.146872760447
LTU,2004,22.559105892905,16.459678068905
LTU,2005,23.57853764898,18.27109009898
LTU,2006,23.865147867764,19.017122076764
LTU,2007,25.954882706691,19.407681901691
LTU,2008,26.421216062955,19.303451432955
LTU,2009,23.317282272296,15.399379762296
LTU,2010,24.22460463914,13.06794908914
LTU,2011,25.112808425948,13.995082055948
LTU,2012,25.434131079524,14.911971969524
LTU,2013,23.904606706034,14.095698045033998
LTU,2014,23.948661721978,15.037957713977999
LTU,2015,24.728505896966,16.830007736966
LTU,2016,24.468434869819,17.474715707819
LTU,2017,24.903484656917,18.557061633917
LTU,2018,24.454937231704,19.185966714704
LTU,2019,24.656377056292,19.065464007292
LTU,2020,24.449798821707,18.817087327707
LTU,2021,24.287823196996,18.404314175996
LTU,2022,22.299746208546,16.011947119546
LTU,2023,21.575550319364,15.845694151364
LUX,2000,9.7820382551872,9.1670619781872
LUX,2001,10.325933783327,9.734903190327001
LUX,2002,11.008988575888,10.398866053888002
LUX,2003,11.419673063764,10.831612282764
LUX,2004,12.847290586299,12.215625714299
LUX,2005,13.076605515288,12.491153821288
LUX,2006,12.88145808595,12.377952355949999
LUX,2007,12.297900403313,11.887727406313
LUX,2008,12.182249779259,11.755300252259
LUX,2009,11.584603149773,11.145667300773
LUX,2010,12.204720806652,11.983980997652
LUX,2011,12.061095590739,11.742918977739
LUX,2012,11.822629966486,11.409573316486
LUX,2013,11.291579398271,10.714754330271
LUX,2014,10.79799104389,10.290082735890001
LUX,2015,10.296431174615,9.835142150615
LUX,2016,10.036107312281,9.470866456281001
LUX,2017,10.194054781047,9.714179650047
LUX,2018,10.529382849017,10.186860130017001
LUX,2019,10.659925914888,10.197458254888
LUX,2020,8.92457911154,8.37752849254
LUX,2021,9.3179114317633,8.6116796547633
LUX,2022,8.1924376564905,7.444745333490499
LUX,2023,7.8524742073692,7.1743933013692
LVA,2000,11.099243505446,-1.975310464554001
LVA,2001,11.701862167249,-2.3516059327509993
LVA,2002,11.759287389797,-0.5977151602030002
LVA,2003,12.061662725906,0.14469312590600047
LVA,2004,12.139563318167,3.944235542167
LVA,2005,12.286216040372,4.677894107372
LVA,2006,12.878306494519,4.441983149519
LVA,2007,13.308954637182,5.350925854182
LVA,2008,12.910406513275,4.5701999582749995
LVA,2009,12.156720166731,7.241027630731001
LVA,2010,13.228634545332,10.096474544332
LVA,2011,12.65091917903,9.12077590603
LVA,2012,12.575371157627,7.680845275627
LVA,2013,12.329163691495,8.713369060495
LVA,2014,12.209948541008,12.555453198008
LVA,2015,12.480764719103,11.538581350103
LVA,2016,12.465504451328,9.659977386328
LVA,2017,12.332455792599,8.033041712599
LVA,2018,12.911063505513,11.020084424513001
LVA,2019,12.784103784068,9.179831472067999
LVA,2020,12.188514043012,11.310148229012
LVA,2021,12.44850491135,12.99267639535
LVA,2022,11.823611038236,16.066462175236
LVA,2023,11.698020931594,14.924731701594
MAC,2000,1.5184692902037,1.5184692902037
MAC,2001,1.6265408954883,1.6265408954883
MAC,2002,1.7814290219049,1.7814290219049
MAC,2003,1.8294259116238,1.8294259116238
MAC,2004,2.1136704110416,2.1136704110416
MAC,2005,2.125974607223,2.125974607223
MAC,2006,2.1150199657813,2.1150199657813
MAC,2007,2.0108698760241,2.0108698760241
MAC,2008,1.67580305503,1.67580305503
MAC,2009,1.7756315902925,1.7756315902925
MAC,2010,1.7977140105233,1.7977140105233
MAC,2011,1.7688769282651,1.7688769282651
MAC,2012,1.8256356219392,1.8256356219392
MAC,2013,1.8951686984282,1.8951686984282
MAC,2014,2.1721822892599,2.1721822892599
MAC,2015,2.855431679411,2.855431679411
MAC,2016,2.7234235089275,2.7234235089275
MAC,2017,2.9801270594902,2.9801270594902
MAC,2018,2.21243767012,2.21243767012
MAC,2019,2.3356044832711,2.3356044832711
MAC,2020,2.3188292328653,2.3188292328653
MAC,2021,2.1322817228627,2.1322817228627
MAC,2022,1.761521151235,1.761521151235
MAC,2023,1.7639052077634,1.7639052077634
MAR,2000,56.668014644914,54.429028893914
MAR,2001,60.507718357266,58.268732606266
MAR,2002,62.075969107221,59.836983356221
MAR,2003,62.619938502702,60.380952751702
MAR,2004,68.501264543857,66.262278792857
MAR,2005,70.599775847892,68.360790096892
MAR,2006,72.02162876421,69.78264301321
MAR,2007,72.952027024678,70.713041273678
MAR,2008,76.879428597387,74.640442846387
MAR,2009,76.919311069622,74.680325318622
MAR,2010,80.737093770744,78.498108019744
MAR,2011,86.130323966539,84.064311878539
MAR,2012,88.910317785177,87.017279360177
MAR,2013,89.834146757609,88.01371983160901
MAR,2014,91.378609212009,89.63079378500899
MAR,2015,93.673799220941,91.947858339941
MAR,2016,94.055806202261,92.351739866261
MAR,2017,98.00564481582,96.24415100782001
MAR,2018,100.0291278398,98.2102065608
MAR,2019,107.74718399645,105.83826026045
MAR,2020,104.26139611173,102.26246991872999
MAR,2021,110.82199619041,109.12892417641001
MAR,2022,110.76092189676,110.03211189976
MAR,2023,108.35807294929,107.62926295229
MDA,2000,9.9128472808292,7.492271733829199
MDA,2001,10.104451143401,8.039661324401001
MDA,2002,10.334425304665,8.182885001665
MDA,2003,10.920471470064,8.841315661064
MDA,2004,10.924449785111,8.676186088110999
MDA,2005,11.255189278728,9.300881001728001
MDA,2006,11.068800713778,8.992561186778
MDA,2007,10.933270307962,8.664536844961999
MDA,2008,10.614964049937,8.658569199937
MDA,2009,10.428640127136,8.867997944135999
MDA,2010,11.505795880023,10.019274450023
MDA,2011,11.712664379667,10.290681630667
MDA,2012,11.336629403635,9.902947376635
MDA,2013,10.770869767561,9.481710665561002
MDA,2014,11.331462881117,10.404127291117
MDA,2015,11.617410222009,10.244552247008999
MDA,2016,11.899743308457,10.782633056457
MDA,2017,11.926949200823,10.761277768823
MDA,2018,12.620367976507,11.613757571507
MDA,2019,12.692603450827,12.543990349827
MDA,2020,12.384853337592,12.212482366592
MDA,2021,13.214235737546,13.109075046546
MDA,2022,11.649240538451,11.907609448451
MDA,2023,11.650645796342,11.909014706341999
MDG,2000,25.315842131778,59.658169131777996
MDG,2001,23.494254846074,57.836581846074
MDG,2002,21.642923191992,55.985250191991994
MDG,2003,22.828154393556,57.170481393556
MDG,2004,23.513193481231,57.855520481231
MDG,2005,26.184890607306,60.527217607306
MDG,2006,26.478383977812,60.820710977812
MDG,2007,27.116645120156,61.458972120156
MDG,2008,27.738579084643,62.080906084643
MDG,2009,28.367280830457,62.709607830456996
MDG,2010,29.016317533224,63.358644533223995
MDG,2011,29.070707390445,63.413034390445
MDG,2012,30.393876183995,64.736203183995
MDG,2013,29.603274112563,63.945601112563
MDG,2014,31.102530189577,65.444857189577
MDG,2015,31.461025509716,65.80335250971599
MDG,2016,31.425449189977,65.767776189977
MDG,2017,31.82552382795,66.16785082794999
MDG,2018,30.386031943515,64.72835894351499
MDG,2019,32.247888595175,66.590215595175
MDG,2020,31.869371067313,66.211698067313
MDG,2021,33.596937322025,67.939264322025
MDG,2022,34.457664974843,68.799991974843
MDG,2023,35.705437129023,70.047764129023
MDV,2000,0.69497422330047,0.69497422330047
MDV,2001,0.62203743546342,0.62203743546342
MDV,2002,0.74615704717331,0.74615704717331
MDV,2003,0.65302485416601,0.65302485416601
MDV,2004,0.82223211127584,0.82223211127584
MDV,2005,0.76939322151734,0.76939322151734
MDV,2006,0.9303103212045,0.9303103212045
MDV,2007,0.97772346183189,0.97772346183189
MDV,2008,1.064072893209,1.064072893209
MDV,2009,1.0967770478593,1.0967770478593
MDV,2010,1.1737676741079,1.1737676741079
MDV,2011,1.2697126173085,1.2697126173085
MDV,2012,1.5807007288394,1.5807007288394
MDV,2013,1.7662845295445,1.7662845295445
MDV,2014,2.3552969447728,2.3552969447728
MDV,2015,1.7411035686391,1.7411035686391
MDV,2016,1.8937284536093,1.8937284536093
MDV,2017,1.7687277388572,1.7687277388572
MDV,2018,1.5457668348186,1.5457668348186
MDV,2019,1.6854687220144,1.6854687220144
MDV,2020,1.379542719013,1.379542719013
MDV,2021,1.8694760995936,1.8694760995936
MDV,2022,1.9895863554235,1.9895863554235
MDV,2023,1.9985431245501,1.9985431245501
MEX,2000,566.2513619789,348.36176197890006
MEX,2001,562.64287567887,347.83756967887007
MEX,2002,568.83829470894,357.11728270894
MEX,2003,593.06315163222,384.42643363222
MEX,2004,602.65548714942,397.10306314942
MEX,2005,624.67924753922,422.21111753922
MEX,2006,646.27617533765,446.89233933765
MEX,2007,656.98215440437,460.68261240437005
MEX,2008,663.53800644488,470.32275844488004
MEX,2009,649.97574648821,459.84479248821003
MEX,2010,665.57250484256,478.52584484256
MEX,2011,677.10256866487,488.79062866487
MEX,2012,692.87523789384,503.29801789384
MEX,2013,684.55988149908,493.71738149908003
MEX,2014,673.04733926232,480.93955926231996
MEX,2015,682.14785946232,488.77479946231995
MEX,2016,691.4908926253,506.35191262530003
MEX,2017,695.75277276823,491.02501276823
MEX,2018,675.05151173247,479.32443173247
MEX,2019,692.13338686149,490.19241686148996
MEX,2020,640.12723930934,438.18626930934
MEX,2021,656.28903512071,454.34806512071
MEX,2022,660.28561442273,458.34464442272997
MEX,2023,685.65123338608,483.71026338608
MKD,2000,11.400053777367,9.900053777367
MKD,2001,11.512489441789,10.012489441789
MKD,2002,10.961865613361,9.461865613361
MKD,2003,11.728340606336,10.228340606336
MKD,2004,11.892478642797,10.392478642797
MKD,2005,12.353742487812,10.853742487812
MKD,2006,12.056545563583,10.556545563583
MKD,2007,12.817499873478,11.317499873478
MKD,2008,12.66193447029,11.16193447029
MKD,2009,11.570883200626,10.770883200625999
MKD,2010,11.735306674183,10.795306674183001
MKD,2011,12.920361758029,11.840361758029
MKD,2012,12.293125931986,11.073125931985999
MKD,2013,11.392524031056,10.032524031056
MKD,2014,10.964112323766,9.464112323766
MKD,2015,10.547921388817,8.647921388817
MKD,2016,10.250446876603,7.950446876603
MKD,2017,10.70223905275,8.00223905275
MKD,2018,10.241389291172,7.1413892911720005
MKD,2019,11.337205189719,7.8372051897190005
MKD,2020,10.288539486723,8.788539486723
MKD,2021,10.224422087525,8.864422087525
MKD,2022,10.815881683284,9.455881683284
MKD,2023,10.569134788675,9.209134788675
MLI,2000,15.75712799924,-243.70587200076002
MLI,2001,16.483753795774,-242.97924620422603
MLI,2002,17.658507609026,-241.80449239097402
MLI,2003,18.540044078764,-240.92295592123602
MLI,2004,19.345073780663,-240.11792621933702
MLI,2005,20.241610921715,-239.22138907828503
MLI,2006,20.478343849942,-238.98465615005802
MLI,2007,21.86752026045,-237.59547973955003
MLI,2008,23.089656108753,-232.277743891247
MLI,2009,24.321977097265,-188.733022902735
MLI,2010,25.514510246494,-219.66248975350598
MLI,2011,26.537770425131,-245.407229574869
MLI,2012,27.613686962299,-213.673313037701
MLI,2013,29.182301680529,-229.88369831947097
MLI,2014,30.252531070542,-124.78246892945799
MLI,2015,32.209367008459,-122.825632991541
MLI,2016,35.589277975933,-119.445722024067
MLI,2017,38.307445790386,-116.727554209614
MLI,2018,40.083118610476,-114.951881389524
MLI,2019,40.84782130595,-114.18717869405
MLI,2020,42.540257606755,-112.49474239324499
MLI,2021,44.990434499656,-110.04456550034399
MLI,2022,44.505364370257,-110.529635629743
MLI,2023,46.611319352811,-108.423680647189
MLT,2000,2.4148256344555,2.4056593164555
MLT,2001,2.7904627558409,2.7847657928408998
MLT,2002,2.6175967023563,2.6377269113563
MLT,2003,2.9212071904501,2.9413526324501
MLT,2004,2.9196134773321,2.9188444323321
MLT,2005,2.9763051124276,2.9760411964276
MLT,2006,3.0354640900742,3.0344784500741997
MLT,2007,3.1131920105243,3.1129207695242997
MLT,2008,3.1332168801092,3.1468800991092003
MLT,2009,2.8991701217729,2.9127395797729
MLT,2010,2.9494107058732,2.9632652748732
MLT,2011,2.9387386924983,2.9392789954983
MLT,2012,3.1178489586772,3.1184136496772
MLT,2013,2.7829828564112,2.7834624954111997
MLT,2014,2.7878535893005,2.7888587963005
MLT,2015,2.1101982282822,2.1112652042822
MLT,2016,1.8277760238409,1.8285571528409
MLT,2017,2.0164201444754,2.0189298844754
MLT,2018,2.0117976081872,2.0132745771872003
MLT,2019,2.115264314344,2.121014846344
MLT,2020,2.0609384192046,2.0689066712046
MLT,2021,2.0681506815694,2.0682017815694
MLT,2022,2.2350046533096,2.2352156843096003
MLT,2023,2.2252218687961,2.2256049997961
MMR,2000,85.459486766142,139.796806766142
MMR,2001,86.151824814268,140.118900814268
MMR,2002,88.046689158002,141.653435158002
MMR,2003,94.165650932498,147.376843932498
MMR,2004,97.571400693346,150.441501693346
MMR,2005,103.18576995519,155.69096895519
MMR,2006,107.94089025157,159.96310325157
MMR,2007,110.21679270122,161.86497070122
MMR,2008,108.91422601404,160.28712801404
MMR,2009,109.62834517903,160.69657917903
MMR,2010,111.66662050712,162.24029350712
MMR,2011,109.51384109396,159.74813209396
MMR,2012,111.46831705552,161.27182105552
MMR,2013,114.8254776838,164.4393336838
MMR,2014,120.41976182367,169.73919782367
MMR,2015,124.25289680148,173.15791780148
MMR,2016,129.54420997296,178.44923097296
MMR,2017,145.48560286643,194.39062386643002
MMR,2018,121.77577950781,170.68080050781
MMR,2019,121.64549476899,170.55051576899
MMR,2020,123.03465516656,171.93967616656
MMR,2021,121.28195558466,170.18697658466
MMR,2022,121.08004114984,169.98506214984
MMR,2023,118.2384652044,167.1434862044
MNG,2000,29.330863343342,2.1914933433419996
MNG,2001,27.10868137597,-0.5396606240299988
MNG,2002,25.008500182208,-3.148813817792
MNG,2003,24.350218431622,-4.316067568377999
MNG,2004,24.296309757095,-4.878948242905
MNG,2005,28.85696439951,-0.8272656004899979
MNG,2006,32.180771060858,2.3803370608580003
MNG,2007,34.933765396604,5.017127396604003
MNG,2008,35.924265472062,5.891423472061998
MNG,2009,39.354507322931,9.205461322931
MNG,2010,42.455139014447,12.189889014446997
MNG,2011,48.045022397953,17.694572397953
MNG,2012,49.286373245692,18.850723245692
MNG,2013,51.762730491943,21.241880491943004
MNG,2014,54.986637809779,24.380587809778998
MNG,2015,52.933945092056,22.242695092056
MNG,2016,60.763767956357,30.176263956357
MNG,2017,67.847440133294,37.363682133294
MNG,2018,71.03010589634,40.65009389634
MNG,2019,76.096391113302,45.820125113302005
MNG,2020,69.780873248003,39.608353248003006
MNG,2021,70.927696371914,40.755176371914
MNG,2022,74.708258458351,44.535738458351
MNG,2023,93.715828388073,63.54330838807301
MOZ,2000,10.498846397729,-14.103153602271
MOZ,2001,11.225908825276,-3.4824911747239984
MOZ,2002,11.704202634788,6.889402634788
MOZ,2003,12.919867671269,17.998667671269
MOZ,2004,13.587171317437,28.559571317437
MOZ,2005,14.041559103838,38.907559103838
MOZ,2006,13.77135690396,41.58095690396
MOZ,2007,14.398200604555,45.151400604555
MOZ,2008,14.125256320641,47.822056320641
MOZ,2009,13.731490212894,50.371890212894
MOZ,2010,14.312256661537,53.896256661537
MOZ,2011,19.12121711126,60.118217111259995
MOZ,2012,21.971988912126,64.38198891212599
MOZ,2013,23.306219896009,59.730219896009004
MOZ,2014,24.747085730973,55.185085730973
MOZ,2015,24.550514336702,56.630014336702004
MOZ,2016,27.006168245313,60.727168245312996
MOZ,2017,29.485249396125,63.206249396124996
MOZ,2018,32.512103005215,66.233103005215
MOZ,2019,30.174079196648,63.895079196648
MOZ,2020,27.927326720866,61.648326720865995
MOZ,2021,31.13711742453,64.85811742453
MOZ,2022,35.683638471421,69.404638471421
MOZ,2023,34.318018293186,68.03901829318599
MRT,2000,9.1782536720339,8.558253672033901
MRT,2001,9.5558524989457,8.9208524989457
MRT,2002,9.974247088854,9.324247088854
MRT,2003,10.250642357247,9.585642357247
MRT,2004,10.24265440325,9.56265440325
MRT,2005,10.481967400359,9.786967400359
MRT,2006,11.134011833012,10.424011833011999
MRT,2007,10.898617052901,10.173617052901001
MRT,2008,10.692834867688,9.952834867687999
MRT,2009,11.232199020983,10.477199020982999
MRT,2010,11.497372879859,10.727372879859
MRT,2011,11.906861478188,11.121861478188
MRT,2012,12.45728692823,11.657286928229999
MRT,2013,12.52882453271,11.713824532710001
MRT,2014,13.265803625741,12.435803625741
MRT,2015,13.650670581183,12.805670581183
MRT,2016,13.559454413374,12.699454413374001
MRT,2017,14.871705843763,13.996705843763
MRT,2018,15.682261972422,14.792261972421999
MRT,2019,16.133040646657,15.243040646657
MRT,2020,16.483010217806,15.593010217806
MRT,2021,16.364303111775,15.474303111775
MRT,2022,17.117996969148,16.227996969148
MRT,2023,17.182684451797,16.292684451797
MTQ,2000,0.82967234991559,0.82967234991559
MTQ,2001,0.83385388952021,0.83385388952021
MTQ,2002,0.86486602227522,0.86486602227522
MTQ,2003,0.87404393739292,0.87404393739292
MTQ,2004,0.86534695527492,0.86534695527492
MTQ,2005,0.85660081555677,0.85660081555677
MTQ,2006,0.92630511874099,0.92630511874099
MTQ,2007,0.97111105705642,0.97111105705642
MTQ,2008,0.98713986045087,0.98713986045087
MTQ,2009,1.0657498987901,1.0657498987901
MTQ,2010,1.1336514795113,1.1336514795113
MTQ,2011,1.1722900858087,1.1722900858087
MTQ,2012,1.1710058833282,1.1710058833282
MTQ,2013,1.1691743355894,1.1691743355894
MTQ,2014,1.170572882317,1.170572882317
MTQ,2015,1.1702154708588,1.1702154708588
MTQ,2016,1.171308673843,1.171308673843
MTQ,2017,1.1720207766675,1.1720207766675
MTQ,2018,1.1675335846426,1.1675335846426
MTQ,2019,1.1645337493399,1.1645337493399
MTQ,2020,1.163571978677,1.163571978677
MTQ,2021,1.1651283862552,1.1651283862552
MTQ,2022,1.1641876110119,1.1641876110119
MTQ,2023,1.1656836783335,1.1656836783335
MUS,2000,3.2408530234535,2.7843003414535
MUS,2001,3.392926695482,2.9328527584820003
MUS,2002,3.3845053816998,2.9347868796998
MUS,2003,3.4709365892259,3.0043206022259
MUS,2004,3.5212462916595,3.0560262856595
MUS,2005,3.6791215477548,3.2856109347548
MUS,2006,4.4350200647022,4.0512091487022
MUS,2007,4.5695757662227,4.1839030452227
MUS,2008,4.692656073865,4.304988855865
MUS,2009,4.6919859645534,4.4045226075534
MUS,2010,4.9832001462759,4.6076303322759
MUS,2011,5.0103532118538,4.618129376853799
MUS,2012,5.1219673298939,4.733169981893901
MUS,2013,5.2705303564682,4.8771989384682
MUS,2014,5.483514256219,5.098933566219
MUS,2015,5.4816426978579,3.7740770828579002
MUS,2016,5.596655703311,4.0680187513109995
MUS,2017,5.849741904973,4.506840428973001
MUS,2018,5.8494482456233,4.5090669286233
MUS,2019,5.9470195514244,4.6117565614244
MUS,2020,5.5346822134988,4.2647615484988
MUS,2021,5.8421026456043,4.5647474376043
MUS,2022,5.9813179741754,4.7036640631754
MUS,2023,6.3230730506631,5.0454191396631005
MWI,2000,8.1414481192581,7.5794481192581005
MWI,2001,8.0891623451168,7.527162345116801
MWI,2002,8.0993983955912,7.537398395591199
MWI,2003,8.2992071209355,7.7372071209355004
MWI,2004,8.3477030152815,7.785703015281499
MWI,2005,8.9520908863902,8.390090886390201
MWI,2006,9.3984105658371,8.8364105658371
MWI,2007,10.018542884169,9.456542884169
MWI,2008,10.5723908379,10.010390837900001
MWI,2009,10.728330613495,10.166330613495001
MWI,2010,11.461847050657,10.899847050657
MWI,2011,13.072353258768,12.510353258768001
MWI,2012,13.387600957144,12.825600957144001
MWI,2013,13.089373994072,12.527373994072
MWI,2014,13.398859846158,12.836859846158001
MWI,2015,13.730566525461,13.168566525461001
MWI,2016,14.15537088972,13.593370889720001
MWI,2017,15.056151935262,14.494151935262
MWI,2018,16.204962666266,15.642962666266
MWI,2019,17.717696994808,17.155696994808
MWI,2020,17.611194603376,17.049194603375998
MWI,2021,18.677155178261,18.115155178261
MWI,2022,18.639319780136,18.077319780135998
MWI,2023,18.353836800169,17.791836800168998
MYS,2000,157.85645058961,-27.038940710389994
MYS,2001,166.0038339886,-62.374316511399996
MYS,2002,175.18487285115,-68.52466054885
MYS,2003,188.34160644303,-54.91731095697
MYS,2004,203.15971335881,-29.22277464119
MYS,2005,215.21262507506,15.101317275060012
MYS,2006,223.0274738653,-16.09513073469998
MYS,2007,240.60257439948,50.262625399480015
MYS,2008,252.88525858933,12.79852468932998
MYS,2009,235.84262973557,50.074938435570004
MYS,2010,250.79028038268,60.748439682680015
MYS,2011,252.9346597146,10.868159414600001
MYS,2012,254.60507087202,33.01646377202002
MYS,2013,272.74850340594,28.552584405940024
MYS,2014,287.41156329143,62.81216079143002
MYS,2015,290.1480770131,85.61597251310002
MYS,2016,286.50238933247,63.41552413246998
MYS,2017,274.64729604627,37.72300864627002
MYS,2018,291.02157012715,90.45915222715001
MYS,2019,292.13343000312,72.11014670312
MYS,2020,288.85838418062,40.977011980620034
MYS,2021,293.31161142304,70.30857422304001
MYS,2022,312.74720043699,89.74416323699
MYS,2023,318.37254305185,95.36950585185002
NAM,2000,8.7445550086947,-89.5778525313053
NAM,2001,8.9490963833076,-89.3013187066924
NAM,2002,8.454793793411,-94.245395206589
NAM,2003,8.7157246378395,-94.4012884621605
NAM,2004,8.8604322880849,-96.05214201191511
NAM,2005,10.640237132248,-92.016941367752
NAM,2006,9.2953094315946,-89.7354816984054
NAM,2007,9.2811718727608,-86.95943282723921
NAM,2008,10.041850617812,-94.794143082188
NAM,2009,10.18645531357,-82.77286056643001
NAM,2010,9.4609966699273,-87.70865593007271
NAM,2011,9.8545011640723,-84.3922074559277
NAM,2012,11.131055587864,-82.166413622136
NAM,2013,10.225561751897,-100.95802274810299
NAM,2014,10.874329471811,-97.39945862818901
NAM,2015,11.125505897079,-99.233341602921
NAM,2016,12.351844968202,-102.613286931798
NAM,2017,11.774020323057,-99.899364876943
NAM,2018,11.596722229732,-106.824042670268
NAM,2019,11.77452046088,-104.93651603912001
NAM,2020,11.12461454602,-96.53262375398
NAM,2021,12.134467554442,-96.404193145558
NAM,2022,12.26919201639,-98.43636578361
NAM,2023,13.889902614577,-96.815655185423
NCL,2000,2.485982001808,2.485982001808
NCL,2001,2.5300471070679,2.5300471070679
NCL,2002,2.7850042310463,2.7850042310463
NCL,2003,3.0527482964374,3.0527482964374
NCL,2004,2.7662075194809,2.7662075194809
NCL,2005,3.009528432799,3.009528432799
NCL,2006,3.0080174641096,3.0080174641096
NCL,2007,3.0865783361994,3.0865783361994
NCL,2008,2.9929866887178,2.9929866887178
NCL,2009,3.0022975894711,3.0022975894711
NCL,2010,3.8179335677937,3.8179335677937
NCL,2011,3.8426274921954,3.8426274921954
NCL,2012,3.8862234834033,3.8862234834033
NCL,2013,4.2663013325119,4.2663013325119
NCL,2014,5.1563085819201,5.1563085819201
NCL,2015,4.9401362098318,4.9401362098318
NCL,2016,5.2718631518113,5.2718631518113
NCL,2017,4.7730659506508,4.7730659506508
NCL,2018,6.4659809759723,6.4659809759723
NCL,2019,6.2299495105708,6.2299495105708
NCL,2020,6.0806610408849,6.0806610408849
NCL,2021,5.032750766125,5.032750766125
NCL,2022,4.9841530973174,4.9841530973174
NCL,2023,5.2447887626206,5.2447887626206
NER,2000,16.206448553949,0.686148553948998
NER,2001,16.954347517603,1.7545062676030003
NER,2002,17.699899102874,2.820516602873999
NER,2003,18.499145788299,3.940222038299
NER,2004,19.316249775619,5.0777847756189995
NER,2005,20.043332457902,6.125326207902001
NER,2006,20.754661218022,7.157113718022002
NER,2007,21.612053430895,8.334964680894998
NER,2008,22.507062170021,9.550432170021
NER,2009,23.538278825324,10.941324095324
NER,2010,23.318825559871,11.081546109871
NER,2011,24.12018854299,12.24258436299
NER,2012,25.890468270899,14.372539360899
NER,2013,27.242566052464,16.084312412464
NER,2014,28.538708899047,17.740130539046998
NER,2015,29.588024576152,19.149121486152
NER,2016,30.938854140245,20.859626320245
NER,2017,32.150330302047,22.430777757047004
NER,2018,33.652831747134,24.292954474134
NER,2019,35.517358874096,26.517156874095996
NER,2020,37.194710105386,28.194508105386
NER,2021,39.193969904828,30.193767904828
NER,2022,41.358731802412,32.358529802412
NER,2023,40.072247042153,31.072045042153
NGA,2000,379.86785496845,588.54235496845
NGA,2001,385.88774428153,599.13740378153
NGA,2002,332.82738602573,551.16593242573
NGA,2003,369.18643085748,592.97201485748
NGA,2004,359.99112663192,589.90414693192
NGA,2005,351.6043237257,588.4196216257
NGA,2006,324.01093433072,567.91737913072
NGA,2007,298.67143732579,565.72878602579
NGA,2008,303.82146328557,565.7855477855701
NGA,2009,287.38886373219,541.8011849321899
NGA,2010,309.51953260921,574.6740928092099
NGA,2011,330.19522296733,606.73037306733
NGA,2012,331.6926955034,622.4406431033999
NGA,2013,335.40481610176,621.43077780176
NGA,2014,346.61759351387,638.39662191387
NGA,2015,342.39752229955,638.67416769955
NGA,2016,336.75007956517,634.10328576517
NGA,2017,334.53414506316,635.14961036316
NGA,2018,346.52871174009,650.67001414009
NGA,2019,360.08569661295,667.08182151295
NGA,2020,333.68467568114,543.33444078114
NGA,2021,342.74709499378,553.7359182937801
NGA,2022,334.76991285853,560.36882255853
NGA,2023,337.77674538824,563.37565508824
NIC,2000,11.796062833204,22.284012833204
NIC,2001,12.044586494772,22.800598494772
NIC,2002,12.319667686167,23.343741686167
NIC,2003,13.055540656378,24.347676656378
NIC,2004,13.000105333553,24.560303333553
NIC,2005,13.02709565306,24.855355653060002
NIC,2006,13.632670736989,25.523182736989
NIC,2007,13.90045548224,25.85321948224
NIC,2008,13.756051820333,25.771067820333
NIC,2009,13.820938709724,25.898206709724
NIC,2010,14.202194264252,26.341714264251998
NIC,2011,15.171474045094,27.392752045094
NIC,2012,15.632048834689,27.935084834689
NIC,2013,15.751144702068,28.135938702068
NIC,2014,16.476803629053,28.943355629053
NIC,2015,17.695897668471,30.244207668471002
NIC,2016,17.935578605903,30.527016105903
NIC,2017,17.971070361748,30.605635361748
NIC,2018,17.444270169895,30.121962669894998
NIC,2019,17.907220863627,30.628040863627
NIC,2020,17.8226656226,30.5434856226
NIC,2021,18.441014842061,31.161834842061
NIC,2022,18.706396448084,31.427216448084
NIC,2023,18.960952774873,31.681772774873
NLD,2000,225.88010185019,229.64991205119
NLD,2001,224.85656604644,229.16364079844
NLD,2002,223.5263256613,228.0244614053
NLD,2003,226.07663863948,229.90680015748
NLD,2004,228.46536519686,232.46237262886
NLD,2005,222.29971092077,226.22060429477
NLD,2006,218.48300087613,222.24153411313
NLD,2007,218.60476075167,222.72796380667
NLD,2008,214.11059130793,218.55441661693
NLD,2009,208.24355883773,212.44650843473
NLD,2010,219.86846579563,223.73186855563
NLD,2011,206.76095259901,210.87183455901
NLD,2012,203.88543939191,207.78683713191
NLD,2013,201.67827652419,205.07899228719
NLD,2014,193.57407192125,197.88847646725
NLD,2015,201.52961047456,206.11084401756
NLD,2016,202.67870383604,206.97779862904
NLD,2017,198.73095536553,202.19416121153
NLD,2018,191.88390941688,195.25108444088
NLD,2019,186.70002669098,189.71623583098
NLD,2020,170.3435907836,172.9764190976
NLD,2021,173.58958935401,176.27953143001
NLD,2022,160.28355647294,163.06473430994
NLD,2023,149.4883818116,152.60292838159998
NOR,2000,57.669140244191,40.263328204191
NOR,2001,58.578554119448,36.537050459448
NOR,2002,57.570392040055,34.311737400054994
NOR,2003,61.342521729225,39.039939999225
NOR,2004,62.045990377095,39.441357607095
NOR,2005,59.493182215093,34.912547275093004
NOR,2006,60.358689545034,40.664878555033994
NOR,2007,61.669942343436,40.456218473435996
NOR,2008,63.348757474952,37.161954344952
NOR,2009,60.284637281033,35.471163611033
NOR,2010,63.387754625146,37.326481945146
NOR,2011,61.846994740941,36.443914100941
NOR,2012,61.357799972883,36.827315252883
NOR,2013,62.166591785733,41.014777545733
NOR,2014,61.954300806322,42.987577406322
NOR,2015,62.893212395666,47.630489105666
NOR,2016,62.213842024219,48.392281614219
NOR,2017,61.991310664646,45.911144954646005
NOR,2018,61.118755730072,48.007103310072004
NOR,2019,59.549657084127,50.714881822127
NOR,2020,57.832135048987,41.868687438986996
NOR,2021,58.709100098251,48.134941848251
NOR,2022,57.651452408019,48.663462561018996
NOR,2023,55.466958799797,39.906490479797
NPL,2000,28.897136147795,12.665136147795
NPL,2001,29.492045754688,13.260045754688
NPL,2002,29.083065489453,12.851065489453
NPL,2003,30.107477516445,13.875477516445002
NPL,2004,29.71333581324,13.481335813240001
NPL,2005,30.405852470487,14.173852470487002
NPL,2006,29.835742665657,13.603742665657002
NPL,2007,30.857715387116,14.625715387116
NPL,2008,31.72700998326,15.495009983260001
NPL,2009,33.04296173741,16.810961737410004
NPL,2010,34.455919875971,18.223919875971
NPL,2011,35.845871249854,19.613871249854
NPL,2012,36.457468832826,20.225468832826003
NPL,2013,37.790187244069,21.558187244069003
NPL,2014,38.563058899207,22.331058899207
NPL,2015,38.416572418861,22.184572418861002
NPL,2016,43.03156501406,26.79956501406
NPL,2017,45.424737382371,29.192737382371
NPL,2018,47.838226390004,31.606226390004004
NPL,2019,46.623053176222,30.391053176222
NPL,2020,49.817198390362,33.585198390362
NPL,2021,50.758083926615,34.526083926615
NPL,2022,48.037706881943,31.805706881943003
NPL,2023,42.116033626293,25.884033626293004
NZL,2000,81.683988115297,53.803405715297
NZL,2001,84.132365256602,55.984826166602005
NZL,2002,85.81187054802,59.213326338019996
NZL,2003,87.311028439815,59.941222289815
NZL,2004,87.269751507773,60.136286317773
NZL,2005,87.701345109043,62.856193999043
NZL,2006,88.156583037136,65.42509493713601
NZL,2007,86.916036845942,66.232887835942
NZL,2008,86.632141582103,57.394247772103
NZL,2009,84.375051629598,56.261205189598
NZL,2010,84.793662595463,55.757976855463
NZL,2011,84.206165433717,55.11149901371701
NZL,2012,86.888184575587,61.000763715587006
NZL,2013,85.877379151036,59.842877601035994
NZL,2014,87.275262838786,61.400119918786004
NZL,2015,86.179464900775,60.200022920775
NZL,2016,85.682043436306,60.293047726306
NZL,2017,86.855427571215,63.004531151215005
NZL,2018,85.831836816916,63.108238006916
NZL,2019,87.124586041851,65.18032832185101
NZL,2020,83.770543643739,62.469917243739005
NZL,2021,83.478751860196,62.535779410196
NZL,2022,80.084062030076,60.422484100076
NZL,2023,78.208111792013,57.697136092013
OMN,2000,52.059168369889,52.059168369889
OMN,2001,55.920062746278,55.920062746278
OMN,2002,58.557341448246,58.557341448246
OMN,2003,63.497658163907,63.497658163907
OMN,2004,61.807577386034,61.807577386034
OMN,2005,62.188031746624,62.188031746624
OMN,2006,68.950601385236,68.950601385236
OMN,2007,70.675730385342,70.675730385342
OMN,2008,70.104115956656,70.104115956656
OMN,2009,72.161429598454,72.161429598454
OMN,2010,76.420398653926,76.420398653926
OMN,2011,85.519010066608,85.519010066608
OMN,2012,94.364173194886,94.364173194886
OMN,2013,98.923692531944,98.923692531944
OMN,2014,103.64803933717,103.64803933717
OMN,2015,109.23238514167,109.23238514167
OMN,2016,111.59444023468,111.59444023468
OMN,2017,111.98542940643,111.98542940643
OMN,2018,115.4890043621,115.4890043621
OMN,2019,116.70322558665,116.70322558665
OMN,2020,113.28397826016,113.28397826016
OMN,2021,119.54839545114,119.54839545114
OMN,2022,127.59369549683,127.59369549683
OMN,2023,130.24858399731,130.24858399731
PAK,2000,271.33194793722,299.62194793722
PAK,2001,274.66192222485,302.95192222485
PAK,2002,279.87688555581,308.16688555581004
PAK,2003,290.86530423078,319.15530423078
PAK,2004,310.87883631361,339.16883631361003
PAK,2005,319.16484961721,347.45484961721
PAK,2006,341.14837509777,369.43837509777
PAK,2007,363.58122210031,391.87122210031004
PAK,2008,365.14263765789,393.43263765789004
PAK,2009,375.79517854385,404.08517854385
PAK,2010,369.14623248631,397.43623248631
PAK,2011,377.64378491006,405.93378491006
PAK,2012,381.79593543691,410.08593543691
PAK,2013,396.26988838518,424.55988838518005
PAK,2014,412.43466563129,440.72466563129
PAK,2015,423.57231837349,451.86231837349004
PAK,2016,454.0304506915,482.3204506915
PAK,2017,477.20103281016,505.49103281016
PAK,2018,473.29276303213,501.58276303213
PAK,2019,476.09084949141,504.38084949141
PAK,2020,511.26421845639,539.55421845639
PAK,2021,526.95171032811,555.24171032811
PAK,2022,537.65633571558,565.94633571558
PAK,2023,522.21000937951,550.50000937951
PAN,2000,9.6956236961818,-11.843130833818199
PAN,2001,11.19575701242,-8.13882547758
PAN,2002,10.477095517097,-7.352570242903001
PAN,2003,10.566143817455,-8.823717082544999
PAN,2004,10.572210579633,-13.513788830367
PAN,2005,12.387976779187,-4.078157660813002
PAN,2006,12.839044717732,-10.284005572267999
PAN,2007,12.779999326747,-8.638042263253002
PAN,2008,12.772465129025,-6.570977900974999
PAN,2009,14.263744643325,-10.441010616675
PAN,2010,14.84508442394,-8.94706514606
PAN,2011,15.911142195087,-7.621480454913
PAN,2012,16.369704859284,-8.690776090716
PAN,2013,16.254517448441,-10.203686951559
PAN,2014,16.611890785181,-7.752822874819
PAN,2015,16.388571113655,-6.631794566345
PAN,2016,16.572157603822,-6.681232446178001
PAN,2017,16.088000236104,-10.587363573895999
PAN,2018,16.032009263059,-10.745471526941
PAN,2019,19.319135238664,-7.954744371336002
PAN,2020,15.97369569238,-10.264367287619999
PAN,2021,17.18227973395,-10.73914567605
PAN,2022,18.063614093449,-9.857811316551
PAN,2023,19.49312359185,-8.42830181815
PER,2000,56.529337315512,160.70933731551202
PER,2001,53.732784005926,157.912784005926
PER,2002,55.3559975817,159.5359975817
PER,2003,55.390580288506,159.570580288506
PER,2004,59.349275656681,163.52927565668102
PER,2005,60.194810042031,164.37481004203102
PER,2006,59.767073262452,163.94707326245202
PER,2007,62.9141973164,167.0941973164
PER,2008,68.038850464144,172.218850464144
PER,2009,71.569592837243,169.93459283724297
PER,2010,75.801949521384,168.250149521384
PER,2011,79.655415793591,173.584415793591
PER,2012,79.814978395597,175.03215839559698
PER,2013,81.889985447746,193.938985447746
PER,2014,84.816527094673,173.573587094673
PER,2015,86.767484345204,167.475484345204
PER,2016,89.161229717303,189.503989717303
PER,2017,87.203087336634,163.402087336634
PER,2018,87.292051183305,162.57405118330502
PER,2019,91.26336886895,192.05741886894998
PER,2020,80.141807073386,180.935857073386
PER,2021,93.508524334208,194.302574334208
PER,2022,97.630082665037,198.424132665037
PER,2023,99.2574014718,200.0514514718
PHL,2000,132.77516832028,173.13016832027998
PHL,2001,131.62046044787,178.23546044787
PHL,2002,134.56593254839,173.33133254839
PHL,2003,137.65986807205,171.51876807205
PHL,2004,140.93007650239,145.62257650239
PHL,2005,145.0007884128,148.40268841280002
PHL,2006,137.58836170514,138.70746170514
PHL,2007,146.19582629677,146.76002629677
PHL,2008,148.11134370732,148.24324370732
PHL,2009,150.4793888139,150.51348881389998
PHL,2010,156.64380068428,156.96290068428
PHL,2011,157.75934983606,163.68074983606002
PHL,2012,163.07283951933,167.52503951933
PHL,2013,173.26310131553,179.16560131553
PHL,2014,181.13840045268,190.92070045268
PHL,2015,190.63380672339,204.07380672339
PHL,2016,202.6230278155,214.5277278155
PHL,2017,220.80733979038,243.09233979038
PHL,2018,226.90600230312,274.14490230312003
PHL,2019,235.21670182183,282.45560182183
PHL,2020,225.14494406491,272.38384406491
PHL,2021,235.61299406005,282.85189406005
PHL,2022,242.59674573043,289.83564573043
PHL,2023,254.53138369803,301.77028369802997
PLW,2000,2.2407856213408,2.1417856213407998
PLW,2001,2.4828821685785,2.3838821685785
PLW,2002,1.5096471254962,1.4106471254962
PLW,2003,1.794536231337,1.695536231337
PLW,2004,1.5964390370254,1.4974390370254
PLW,2005,1.8429621193125,1.7439621193125001
PLW,2006,1.8022361864896,1.7032361864896
PLW,2007,1.4635690123808,1.3645690123808
PLW,2008,1.481132914789,1.382132914789
PLW,2009,2.2835540961881,2.1845540961880996
PLW,2010,2.2049445865214,2.1059445865214
PLW,2011,2.4652544252453,2.3662544252453
PLW,2012,3.7209933939947,3.6219933939946998
PLW,2013,1.8806758419294,1.7816758419294
PLW,2014,1.3222772735814,1.2232772735814
PLW,2015,1.2532048431888,1.1542048431888001
PLW,2016,1.2006182638369,1.1016182638369
PLW,2017,1.2552620009916,1.1562620009916
PLW,2018,1.2867348257056,1.1877348257056
PLW,2019,1.3265054256483,1.2275054256483
PLW,2020,1.3360265757922,1.2370265757922
PLW,2021,1.3894728604918,1.2904728604918
PLW,2022,1.4626826556078,1.3636826556078
PLW,2023,1.4620351206145,1.3630351206145
PNG,2000,7.0746701682355,-13.800288831764501
PNG,2001,7.1513564121534,-13.006851587846597
PNG,2002,7.8755953148317,-11.5658606851683
PNG,2003,8.11108092376,-10.61362307624
PNG,2004,8.6209418514913,-9.387010148508699
PNG,2005,9.9954740438086,-7.295725956191401
PNG,2006,10.56854016924,-3.2118198307599997
PNG,2007,9.7098278265747,-0.5596921734253009
PNG,2008,10.287252035454,3.5285720354539993
PNG,2009,8.5966370684054,5.3487970684054
PNG,2010,7.5293708428612,7.8256108428612
PNG,2011,7.7752668808433,10.9479368808433
PNG,2012,7.5705491237327,6.307309123732701
PNG,2013,7.9836539773564,12.9514939773564
PNG,2014,9.5958336997413,11.1251636997413
PNG,2015,10.631312176171,13.291032176171
PNG,2016,11.331140863072,7.255550863071999
PNG,2017,10.483770610921,-2.353809389079
PNG,2018,9.372814376948,-3.464765623052001
PNG,2019,9.6679638679921,-3.169616132007901
PNG,2020,10.124634897541,-2.712945102459001
PNG,2021,10.077276871042,-2.7603031289580002
PNG,2022,10.427687031899,-2.4098929681010013
PNG,2023,10.66230244286,-2.175277557140001
POL,2000,412.06045506178,371.29269006178
POL,2001,406.5304968018,373.6349833018
POL,2002,398.75671386297,357.10165596296997
POL,2003,410.26618184923,366.43129596923
POL,2004,410.03368810603,355.14841172603
POL,2005,409.95234769955,355.75869766955
POL,2006,423.24011013508,375.03864253508
POL,2007,420.4154440774,379.07154304740004
POL,2008,411.64121088527,370.73548765527005
POL,2009,395.30775863575,354.44015692575
POL,2010,414.17336465925,375.07046600925
POL,2011,410.71482374392,366.14748763392004
POL,2012,405.0957495741,360.0900007541
POL,2013,399.15332808263,351.99880413263
POL,2014,385.42384919013,345.69168804013
POL,2015,387.92298239612,351.75600380612
POL,2016,399.44948573924,355.83068021924
POL,2017,412.81002571038,368.47061928038
POL,2018,411.6684368728,367.86237662279996
POL,2019,392.65575849683,367.42019577683
POL,2020,375.62435805308,349.51534367308
POL,2021,403.14141756792,376.28300697791997
POL,2022,384.93571327703,346.43124732703
POL,2023,354.31093470926,318.48315667926
PRI,2000,27.851343528756,27.851343528756
PRI,2001,27.518238966569,27.518238966569
PRI,2002,22.855306169705,22.855306169705
PRI,2003,29.203691520989,29.203691520989
PRI,2004,29.24237538637,29.24237538637
PRI,2005,29.357144561717,29.357144561717
PRI,2006,19.930683510306,19.930683510306
PRI,2007,20.899417189358,20.899417189358
PRI,2008,18.262750036763,18.262750036763
PRI,2009,16.774782801928,16.774782801928
PRI,2010,16.145403068032,16.145403068032
PRI,2011,14.310667916881,14.310667916881
PRI,2012,13.906603689288,13.906603689288
PRI,2013,13.487054388173,13.487054388173
PRI,2014,14.072369831183,14.072369831183
PRI,2015,14.628550765467,14.628550765467
PRI,2016,13.852655763873,13.852655763873
PRI,2017,14.054628336386,14.054628336386
PRI,2018,16.076075545346,16.076075545346
PRI,2019,14.906324310052,14.906324310052
PRI,2020,14.654483177045,14.654483177045
PRI,2021,14.901458090373,14.901458090373
PRI,2022,16.121873471207,16.121873471207
PRI,2023,16.81116053631,16.81116053631
PRK,2000,99.770333527618,82.98933352761802
PRK,2001,103.48591120553,86.70491120553001
PRK,2002,99.762966295402,82.756966295402
PRK,2003,101.92087678599,84.91487678599
PRK,2004,104.46912029366,87.46312029366
PRK,2005,109.28902174255,92.28302174255
PRK,2006,110.99625751712,93.99025751712
PRK,2007,95.214790546368,78.208790546368
PRK,2008,102.82393884153,85.81793884153
PRK,2009,99.454709854644,82.448709854644
PRK,2010,97.143788643865,80.137788643865
PRK,2011,78.107743684242,61.101743684241995
PRK,2012,76.098716180138,59.092716180138
PRK,2013,65.23971058885,48.23371058885
PRK,2014,69.032792555668,52.026792555667996
PRK,2015,59.391309600238,42.385309600238
PRK,2016,65.06315841552,48.05715841551999
PRK,2017,101.64259262013,84.63659262013
PRK,2018,92.485019896948,75.479019896948
PRK,2019,100.75796391093,83.75196391093
PRK,2020,95.250677376594,78.244677376594
PRK,2021,81.636017994097,64.630017994097
PRK,2022,84.570590947442,67.564590947442
PRK,2023,90.622464257268,73.616464257268
PRT,2000,80.571567002948,81.731482666948
PRT,2001,79.493146813248,76.30960071924801
PRT,2002,83.963553412755,80.69814694075501
PRT,2003,79.201878204282,85.987826743282
PRT,2004,81.225425191925,78.915214947925
PRT,2005,84.724818572389,88.25913680538899
PRT,2006,79.900309592621,77.372826985621
PRT,2007,78.163550813388,75.337851305388
PRT,2008,75.795570550032,69.472844665032
PRT,2009,74.956550780383,69.901739838383
PRT,2010,69.518997512603,65.91936873560299
PRT,2011,67.732298572602,64.255653932602
PRT,2012,66.253223407136,63.469575688136004
PRT,2013,64.637774346936,63.040703429936
PRT,2014,64.413544963356,60.312197860356
PRT,2015,68.861094356111,65.95690156011099
PRT,2016,67.744763239588,66.949935194588
PRT,2017,72.819673222181,86.674375152181
PRT,2018,68.877584788976,64.67402105697599
PRT,2019,64.560440414578,61.040208941577994
PRT,2020,58.682527210275,54.891976066275
PRT,2021,56.95977642747,54.12167402347
PRT,2022,57.31886288348,56.55025287448
PRT,2023,54.977693687807,52.735597323807
PRY,2000,24.887579523819,44.360179523819
PRY,2001,25.459918590445,45.715318590445
PRY,2002,24.622535487059,44.365835577059
PRY,2003,26.531524058516,47.205614898516004
PRY,2004,25.629864158558,47.322964158558
PRY,2005,25.819829845261,49.074484295261
PRY,2006,27.640840333693,73.075030293693
PRY,2007,29.700932800761,76.953389660761
PRY,2008,30.910022662073,76.358987832073
PRY,2009,33.461452089124,79.538253349124
PRY,2010,36.453676067323,83.86554638732301
PRY,2011,36.832553737223,83.731646047223
PRY,2012,38.005222342524,73.505115462524
PRY,2013,38.755906108203,73.936008548203
PRY,2014,41.116748615914,81.94809956591399
PRY,2015,40.860442267891,82.232715417891
PRY,2016,41.209172837712,64.439692607712
PRY,2017,42.437644890949,64.343061800949
PRY,2018,42.000356980216,63.881025930216
PRY,2019,42.408079314191,64.964294954191
PRY,2020,42.584450540727,53.808822710727
PRY,2021,42.403801580053,47.103180191053
PRY,2022,41.197578928504,45.896957539504
PRY,2023,40.954551424128,45.653930035128
PYF,2000,0.80752705948462,0.80752705948462
PYF,2001,0.92472324564409,0.92472324564409
PYF,2002,0.96880229034111,0.96880229034111
PYF,2003,1.0291320659998,1.0291320659998
PYF,2004,0.98096782713639,0.98096782713639
PYF,2005,1.0358876855469,1.0358876855469
PYF,2006,0.97872284744964,0.97872284744964
PYF,2007,1.0467968226768,1.0467968226768
PYF,2008,1.0699356133195,1.0699356133195
PYF,2009,1.031922916277,1.031922916277
PYF,2010,1.0885753612027,1.0885753612027
PYF,2011,1.0563654206311,1.0563654206311
PYF,2012,1.0252742376322,1.0252742376322
PYF,2013,1.0954090873808,1.0954090873808
PYF,2014,1.0834847300397,1.0834847300397
PYF,2015,1.1058403876375,1.1058403876375
PYF,2016,1.1092851115883,1.1092851115883
PYF,2017,0.98048360316913,0.98048360316913
PYF,2018,0.88087572216137,0.88087572216137
PYF,2019,0.88417789816518,0.88417789816518
PYF,2020,0.81360780880748,0.81360780880748
PYF,2021,0.73760045282495,0.73760045282495
PYF,2022,1.0294713971365,1.0294713971365
PYF,2023,1.0337767016741,1.0337767016741
QAT,2000,59.996639440945,59.996639440945
QAT,2001,56.44895181795,56.44895181795
QAT,2002,59.621141413824,59.621141413824
QAT,2003,65.36599482218,65.36599482218
QAT,2004,66.242441167755,66.242441167755
QAT,2005,65.671673899314,65.671673899314
QAT,2006,71.413334834185,71.413334834185
QAT,2007,80.014513083518,80.014513083518
QAT,2008,85.469576234594,85.469576234594
QAT,2009,87.065902832238,87.065902832238
QAT,2010,93.74259335365,93.74259335365
QAT,2011,107.02152617468,107.02152617468
QAT,2012,116.29878735015,116.29878735015
QAT,2013,127.19089300146,127.19089300146
QAT,2014,135.91400013081,135.91400013081
QAT,2015,139.63005001005,139.63005001005
QAT,2016,139.9209361129,139.9209361129
QAT,2017,139.46138567942,139.46138567942
QAT,2018,140.39553436326,140.39553436326
QAT,2019,142.39976732817,142.39976732817
QAT,2020,140.67766335416,140.67766335416
QAT,2021,144.03444270062,144.03444270062
QAT,2022,146.13061245786,146.13061245786
QAT,2023,156.12657350207,156.12657350207
REU,2000,2.3230124004807,2.3230124004807
REU,2001,2.3739999284307,2.3739999284307
REU,2002,2.4978119897576,2.4978119897576
REU,2003,2.5780971951838,2.5780971951838
REU,2004,2.7870889264928,2.7870889264928
REU,2005,2.6914381450907,2.6914381450907
REU,2006,2.5977036358694,2.5977036358694
REU,2007,2.4724108611745,2.4724108611745
REU,2008,2.6676879447017,2.6676879447017
REU,2009,2.8017923507953,2.8017923507953
REU,2010,2.9594223565437,2.9594223565437
REU,2011,2.8659059337449,2.8659059337449
REU,2012,2.9050054476389,2.9050054476389
REU,2013,2.9111041687257,2.9111041687257
REU,2014,2.9009557228893,2.9009557228893
REU,2015,2.8767661129827,2.8767661129827
REU,2016,2.8947186431734,2.8947186431734
REU,2017,2.8965209427029,2.8965209427029
REU,2018,2.9053406704196,2.9053406704196
REU,2019,2.9019660879169,2.9019660879169
REU,2020,2.8899632654597,2.8899632654597
REU,2021,2.9017514349342,2.9017514349342
REU,2022,2.9198132526537,2.9198132526537
REU,2023,2.9795823628328,2.9795823628328
ROU,2000,130.37855075502,100.08342149502
ROU,2001,136.00031808276,104.90393121276
ROU,2002,135.6109675314,105.9851902214
ROU,2003,140.65752141501,110.38485100500999
ROU,2004,140.36737692003,110.17002901003
ROU,2005,138.32832917228,107.19101070228001
ROU,2006,144.77263287335,113.99172792335
ROU,2007,142.50963566974,110.66150194974
ROU,2008,140.04509589622,107.65450079622
ROU,2009,118.24572655209,88.86117377209001
ROU,2010,116.51313520098,81.20238119098
ROU,2011,122.41020958158,86.47332169158
ROU,2012,119.39050104804,80.87595402803998
ROU,2013,111.22146237029,72.57038138029
ROU,2014,111.31122038896,61.99362717896
ROU,2015,112.2451566555,63.7656849655
ROU,2016,111.54455968127,60.96757201127
ROU,2017,115.21039024377,66.43136375377
ROU,2018,116.06003063877,69.22140536877001
ROU,2019,113.96594066465,67.12557882465
ROU,2020,108.1538459384,58.943717468399996
ROU,2021,113.47833337826,65.61170174826
ROU,2022,107.30607136536,61.47053096536
ROU,2023,101.28636141848,54.72765293848
RUS,2000,2084.3476298543,674.5605618543
RUS,2001,2092.1256391312,574.9913731311999
RUS,2002,2084.5671281882,630.6139481882001
RUS,2003,2150.1386205417,821.9920155417003
RUS,2004,2162.8786505558,431.67521655580003
RUS,2005,2166.7250726837,493.86428068370014
RUS,2006,2203.8701592366,501.77720723660013
RUS,2007,2216.1012173482,471.41826834819994
RUS,2008,2206.7808633861,532.8048393861
RUS,2009,2092.0750465347,364.66862453470003
RUS,2010,2191.192778844,490.9172938439999
RUS,2011,2283.4198160165,943.1836050165002
RUS,2012,2293.7574310267,1340.3228722267
RUS,2013,2243.8938086202,835.9640766202001
RUS,2014,2233.8809602865,999.9363992864999
RUS,2015,2248.7539296942,1064.1681036942
RUS,2016,2237.8431077533,1179.3507927533
RUS,2017,2286.9044489797,1116.8660839797
RUS,2018,2376.9299795898,1308.6095675898
RUS,2019,2409.0263032525,1456.2219794525
RUS,2020,2325.7998613895,1201.2342943895
RUS,2021,2498.4553331653,1698.7500725653001
RUS,2022,2459.3933507985,1259.4399367984997
RUS,2023,2512.819593253,1319.7106232530002
RWA,2000,4.1093026389556,-1.8646973610444002
RWA,2001,4.2446489800562,-1.7293510199437998
RWA,2002,4.4502789380605,-1.5237210619394999
RWA,2003,4.5828465276958,-1.3911534723042003
RWA,2004,4.7235577312833,-1.2504422687167
RWA,2005,4.7960970710746,-1.1779029289254002
RWA,2006,5.0702266911749,-0.34577330882510005
RWA,2007,5.1862971859811,-0.36920281401890076
RWA,2008,5.398046295588,-0.2969537044120001
RWA,2009,5.5457645901327,-0.28873540986730006
RWA,2010,5.8254477458345,-0.14855225416549978
RWA,2011,5.7781252555724,-0.3353747444276003
RWA,2012,5.9572005885157,-0.29579941148430056
RWA,2013,6.153126462795,-0.2393735372050001
RWA,2014,6.2212377004414,-0.3107622995585997
RWA,2015,6.8754863236051,0.2039863236050996
RWA,2016,6.8912179661248,0.08021796612479992
RWA,2017,7.0400887918494,0.08958879184940027
RWA,2018,7.3037610476517,0.21376104765170023
RWA,2019,7.4914097932454,0.40140979324540016
RWA,2020,7.6415400580161,0.5515400580161005
RWA,2021,7.8139303638205,0.7239303638205001
RWA,2022,8.2309227321633,1.1409227321633004
RWA,2023,8.3468967797015,1.256896779701501
SAU,2000,350.31483849822,344.62033849822
SAU,2001,362.48112732278,356.46581732278
SAU,2002,380.35156812625,374.01544812625
SAU,2003,407.38807703106,400.73114703106
SAU,2004,429.75684209571,422.77910209571
SAU,2005,457.15851284721,449.85996284721
SAU,2006,480.83646061988,473.21710061987994
SAU,2007,502.56805706823,494.62788706823
SAU,2008,538.92769880891,530.66671880891
SAU,2009,558.5048326176,549.9230426176
SAU,2010,603.27070233383,594.3681023338299
SAU,2011,634.2139190695,625.3039390695
SAU,2012,669.68062781491,660.70422781491
SAU,2013,678.32010133069,669.34370133069
SAU,2014,721.0808926054,712.1044926054
SAU,2015,752.88706664233,743.9106666423299
SAU,2016,757.45568562376,748.47928562376
SAU,2017,752.69421206778,743.71781206778
SAU,2018,736.70534994965,727.72894994965
SAU,2019,738.285007055,729.308607055
SAU,2020,740.204805978,731.228405978
SAU,2021,757.99454898504,749.0181489850399
SAU,2022,804.65387788438,795.67747788438
SAU,2023,818.19172594842,809.21532594842
SCG,2000,65.845013139656,65.845013139656
SCG,2001,69.869280133661,69.869280133661
SCG,2002,73.916441121494,73.916441121494
SCG,2003,76.96446047184,76.96446047184
SCG,2004,82.44559933999,82.44559933999
SCG,2005,76.58621178879,76.58621178879
SCG,2006,78.162147372436,78.162147372436
SCG,2007,76.779830521465,76.779830521465
SCG,2008,76.141219813649,76.141219813649
SCG,2009,71.196739041139,71.196739041139
SCG,2010,72.936257714695,72.936257714695
SCG,2011,77.14820234999,77.14820234999
SCG,2012,69.712140240851,69.712140240851
SCG,2013,71.085134301816,71.085134301816
SCG,2014,61.521407381381,61.521407381381
SCG,2015,69.645429645069,69.645429645069
SCG,2016,71.840040418536,71.840040418536
SCG,2017,71.828293094663,71.828293094663
SCG,2018,70.324973561506,70.324973561506
SCG,2019,70.903026652321,70.903026652321
SCG,2020,71.598837429093,71.598837429093
SCG,2021,69.632179248963,69.632179248963
SCG,2022,70.234731706582,70.234731706582
SCG,2023,68.126245581279,68.126245581279
SDN,2000,95.630984931878,103.648984931878
SDN,2001,100.79276175629,108.81076175629
SDN,2002,104.42017384572,112.43817384572
SDN,2003,107.90554557219,115.92354557219
SDN,2004,110.67908766658,118.69708766658
SDN,2005,114.42841259741,122.44641259741
SDN,2006,117.39178521433,125.40978521433
SDN,2007,120.58296082931,128.60096082931
SDN,2008,122.21956461428,130.23756461428002
SDN,2009,124.08898736415,132.10698736415
SDN,2010,124.9455856551,132.96358565510002
SDN,2011,121.72459103046,129.74259103046
SDN,2012,123.45652999147,131.47452999147
SDN,2013,124.79532907172,132.81332907172
SDN,2014,126.71758172602,134.73558172602
SDN,2015,130.18881024751,138.20681024751
SDN,2016,134.00246221729,142.02046221729
SDN,2017,133.67378777535,141.69178777535
SDN,2018,137.99104823975,146.00904823975
SDN,2019,138.21324353847,146.23124353847
SDN,2020,137.71674395657,145.73474395657001
SDN,2021,139.71642609315,147.73442609315
SDN,2022,139.45956506921,147.47756506921
SDN,2023,138.35990114459,146.37790114459
SEN,2000,13.558691086646,0.5586910866460002
SEN,2001,14.384456631549,1.384456631549
SEN,2002,14.455010793774,1.4550107937740009
SEN,2003,14.426894604455,1.4268946044550006
SEN,2004,15.244214729103,2.2442147291029997
SEN,2005,16.072049723351,3.0720497233510002
SEN,2006,16.302797416408,3.3027974164080014
SEN,2007,17.256944533191,4.256944533191
SEN,2008,18.004312257121,5.004312257121001
SEN,2009,18.764681634951,5.764681634951
SEN,2010,19.500865254269,6.700865254269001
SEN,2011,20.226823832108,7.626823832108
SEN,2012,20.569748669108,8.169748669108001
SEN,2013,21.063081928797,8.863081928797001
SEN,2014,21.816963742128,9.816963742128
SEN,2015,23.425088649076,11.425088649075999
SEN,2016,24.958790357104,12.958790357104
SEN,2017,24.961804259826,12.961804259826
SEN,2018,25.914999724618,13.914999724618
SEN,2019,26.465734498636,14.465734498636
SEN,2020,27.16183626793,14.16183626793
SEN,2021,29.548698447524,16.548698447524
SEN,2022,31.500777863908,18.500777863908
SEN,2023,31.075388920497,18.075388920497
SGP,2000,57.243345789652,57.236501084652
SGP,2001,58.766980306253,58.685816461253
SGP,2002,51.403914027973,51.366046320973005
SGP,2003,49.808835218274,49.746778279274
SGP,2004,52.470541188317,52.398769048317
SGP,2005,50.329124234885,50.202085175885
SGP,2006,50.598575686478,50.510741126478
SGP,2007,51.167425277789,51.084949171789
SGP,2008,50.447863863967,50.399267879967
SGP,2009,51.44737131889,51.40104302189
SGP,2010,58.050944760808,57.982857748808
SGP,2011,60.447078693752,60.405306428752
SGP,2012,58.587656093556,58.519990579556
SGP,2013,62.01333891044,62.00912547944
SGP,2014,63.911353052952,63.923966197952005
SGP,2015,65.746659977216,65.826990986216
SGP,2016,63.878314622136,63.839394575136005
SGP,2017,69.102597837617,69.102486316617
SGP,2018,67.086357833839,67.090828784839
SGP,2019,69.587525406222,69.597757669222
SGP,2020,68.067532162577,68.084627864577
SGP,2021,70.645246476232,70.66955322123201
SGP,2022,71.907968849652,71.938822032652
SGP,2023,72.392943700916,72.42379688391601
SHN,2000,0.014251981581276,0.014251981581276
SHN,2001,0.010405506324661,0.010405506324661
SHN,2002,0.010449884988152,0.010449884988152
SHN,2003,0.010942732837013,0.010942732837013
SHN,2004,0.012298177807229,0.012298177807229
SHN,2005,0.012927099972271,0.012927099972271
SHN,2006,0.011666978262527,0.011666978262527
SHN,2007,0.013087201126673,0.013087201126673
SHN,2008,0.013618407645981,0.013618407645981
SHN,2009,0.013805442834487,0.013805442834487
SHN,2010,0.014681747818421,0.014681747818421
SHN,2011,0.015226732461621,0.015226732461621
SHN,2012,0.015424236383992,0.015424236383992
SHN,2013,0.018262675984492,0.018262675984492
SHN,2014,0.018240819447256,0.018240819447256
SHN,2015,0.018332999131702,0.018332999131702
SHN,2016,0.019044010365001,0.019044010365001
SHN,2017,0.019782952154381,0.019782952154381
SHN,2018,0.020674656604385,0.020674656604385
SHN,2019,0.020416567165395,0.020416567165395
SHN,2020,0.019082516581022,0.019082516581022
SHN,2021,0.019405298607501,0.019405298607501
SHN,2022,0.020735483366621,0.020735483366621
SHN,2023,0.020772016751657,0.020772016751657
SLB,2000,0.40610733833016,2.11302003833016
SLB,2001,0.42887896789841,2.13579166789841
SLB,2002,0.44485150901874,3.55567280901874
SLB,2003,0.45932610591051,2.80626610591051
SLB,2004,0.47394165310861,4.21481515310861
SLB,2005,0.49097902114231,6.35181242114231
SLB,2006,0.49617919754509,5.491980297545091
SLB,2007,0.52438190438203,6.67105590438203
SLB,2008,0.53370265469727,7.82710305469727
SLB,2009,0.53714821363837,6.628037113638371
SLB,2010,0.57261545767475,7.953511657674749
SLB,2011,0.59132542722773,7.68718062722773
SLB,2012,0.59677519970898,9.830936099708978
SLB,2013,0.62527171986286,10.07168561986286
SLB,2014,0.61174806977895,13.14447936977895
SLB,2015,0.57525977264292,14.68414977264292
SLB,2016,0.57000524423881,16.012538244238808
SLB,2017,0.5428076478539,16.765151647853898
SLB,2018,0.58114188122136,16.80348588122136
SLB,2019,0.58409944134297,16.80644344134297
SLB,2020,0.58131786153861,16.80366186153861
SLB,2021,0.61555492801968,16.83789892801968
SLB,2022,0.59213073619308,16.81447473619308
SLB,2023,0.59894686339881,16.821290863398808
SLE,2000,3.3907626628226,3.3907626628226
SLE,2001,3.4526486931854,3.4526486931854
SLE,2002,3.6199915606639,3.6199915606639
SLE,2003,3.8052104926239,3.8052104926239
SLE,2004,3.9931829134032,3.9931829134032
SLE,2005,4.4614198135257,4.4614198135257
SLE,2006,5.0989659157082,5.0989659157082
SLE,2007,4.6213623414487,4.6213623414487
SLE,2008,4.8098850171307,4.8098850171307
SLE,2009,5.1793993677728,5.1793993677728
SLE,2010,5.4571651206837,5.4571651206837
SLE,2011,5.8610229306305,5.8610229306305
SLE,2012,6.1974112442859,6.1974112442859
SLE,2013,6.5029883061517,6.5029883061517
SLE,2014,6.7111861216574,6.7111861216574
SLE,2015,6.2428564273312,6.2428564273312
SLE,2016,6.3194709535635,6.3194709535635
SLE,2017,6.3431757801882,6.3431757801882
SLE,2018,6.5519380572301,6.5519380572301
SLE,2019,6.7020601230934,6.7020601230934
SLE,2020,6.8741785325708,6.8741785325708
SLE,2021,7.8333185092136,7.8333185092136
SLE,2022,7.3354986508881,7.3354986508881
SLE,2023,7.7945386705306,7.7945386705306
SLV,2000,10.269868816653,12.399225816653
SLV,2001,10.842485383824,12.971842383824
SLV,2002,11.00450004304,13.13385704304
SLV,2003,11.465208475861,13.594565475861
SLV,2004,11.875005691281,14.004362691281
SLV,2005,12.14788291231,14.27723991231
SLV,2006,12.638640746978,14.767997746978
SLV,2007,12.890248649688,15.019605649688001
SLV,2008,12.378615393678,14.507972393678001
SLV,2009,12.101255612809,14.230612612809
SLV,2010,11.758208856525,13.887565856525
SLV,2011,11.676309562243,11.332291562243
SLV,2012,11.940837026287,11.596819026287
SLV,2013,11.129054301633,10.785036301633
SLV,2014,11.615022663967,11.271004663967
SLV,2015,12.111366035062,11.767348035062
SLV,2016,12.069587031222,11.725569031222
SLV,2017,11.421446502155,11.077428502155
SLV,2018,11.73976308055,11.39574508055
SLV,2019,12.766893564814,12.422875564814
SLV,2020,11.646113185343,11.302095185343
SLV,2021,12.596883600903,12.252865600903
SLV,2022,13.602655076959,13.258637076959
SLV,2023,14.380131566509,14.036113566509
SOM,2000,28.301174102461,45.651174102461
SOM,2001,28.816698206423,46.166698206423
SOM,2002,29.383876436109,46.733876436109
SOM,2003,29.920926990319,47.270926990319
SOM,2004,30.431750840875,47.781750840875006
SOM,2005,31.173033001225,48.523033001225
SOM,2006,30.303781119296,47.653781119296
SOM,2007,29.070092869685,46.420092869685
SOM,2008,29.528293915634,46.878293915634
SOM,2009,29.896519824373,47.246519824373
SOM,2010,30.251155878766,47.601155878766
SOM,2011,30.64352855567,47.99352855567
SOM,2012,30.924830765919,48.274830765919006
SOM,2013,31.079708916058,48.429708916058004
SOM,2014,31.324035952042,48.674035952042004
SOM,2015,31.447624387755,48.797624387755
SOM,2016,31.811261073554,49.161261073554
SOM,2017,32.038411573858,49.388411573858
SOM,2018,32.579995086912,49.929995086912
SOM,2019,33.108774907311,50.458774907311
SOM,2020,33.508353149305,50.858353149305
SOM,2021,33.384152501169,50.734152501169
SOM,2022,33.644703872395,50.994703872395
SOM,2023,34.244724926772,51.594724926772
SPM,2000,0.023478293626318,0.023478293626318
SPM,2001,0.023200411312801,0.023200411312801
SPM,2002,0.025817383045289,0.025817383045289
SPM,2003,0.029321189238116,0.029321189238116
SPM,2004,0.028029876262278,0.028029876262278
SPM,2005,0.029334922160331,0.029334922160331
SPM,2006,0.031788638338214,0.031788638338214
SPM,2007,0.033975688513755,0.033975688513755
SPM,2008,0.035459720426907,0.035459720426907
SPM,2009,0.038499300638116,0.038499300638116
SPM,2010,0.042468832365636,0.042468832365636
SPM,2011,0.033946349676942,0.033946349676942
SPM,2012,0.034629901451383,0.034629901451383
SPM,2013,0.039625451315733,0.039625451315733
SPM,2014,0.043518832856521,0.043518832856521
SPM,2015,0.044295959751408,0.044295959751408
SPM,2016,0.047448941007629,0.047448941007629
SPM,2017,0.043805471855592,0.043805471855592
SPM,2018,0.03441097876341,0.03441097876341
SPM,2019,0.041346222908078,0.041346222908078
SPM,2020,0.038788626251842,0.038788626251842
SPM,2021,0.035170097623035,0.035170097623035
SPM,2022,0.035068565502105,0.035068565502105
SPM,2023,0.035109438354039,0.035109438354039
STP,2000,0.11580005256751,-0.30301107443249
STP,2001,0.11570240930838,-0.30310871769162
STP,2002,0.12666584283686,-0.29214528416314
STP,2003,0.13767524756271,-0.28113587943729
STP,2004,0.14804317736638,-0.27076794963362
STP,2005,0.1568071056718,-0.2620040213282
STP,2006,0.16353579171783,-0.25527533528217
STP,2007,0.16669921372943,-0.25211191327057003
STP,2008,0.17556703100595,-0.24324409599405
STP,2009,0.18831357793426,-0.23049754906574
STP,2010,0.19842957694514,-0.22038155005486001
STP,2011,0.20363514835704,-0.21517597864296
STP,2012,0.21031611769196,-0.20849500930804002
STP,2013,0.21370351614215,-0.23121940785785
STP,2014,0.21438881079262,-0.25664591120738
STP,2015,0.22514512937426,-0.27200138962574
STP,2016,0.23326010356198,-0.28999821243801993
STP,2017,0.23839717881545,-0.28123847918455
STP,2018,0.24246348244149,-0.2735495175585101
STP,2019,0.2517523630001,-0.26426063699990004
STP,2020,0.24870050058397,-0.2673124994160301
STP,2021,0.251252020066,-0.26476097993400005
STP,2022,0.23650622903037,-0.27950677096963006
STP,2023,0.24211747499797,-0.27389552500203007
SUR,2000,2.528140301106,-1.5973542388939999
SUR,2001,2.5482777754101,-1.5772167645899002
SUR,2002,1.9676536228923,-3.5827710471077
SUR,2003,2.1887854881176,-4.7355365218824
SUR,2004,2.3325464994033,-5.9552756005967
SUR,2005,2.6045166136666,-6.957543496333399
SUR,2006,2.4806092388144,-8.405468331185599
SUR,2007,2.373080245634,-10.039830554366
SUR,2008,2.458798051008,-11.122636478992
SUR,2009,2.5672651617564,-12.4170761582436
SUR,2010,2.8783019374719,-9.9937936825281
SUR,2011,3.1134340794864,-10.3821504405136
SUR,2012,3.5821716102772,-10.7944034697228
SUR,2013,3.4655208870587,-12.3681976229413
SUR,2014,3.8348920046971,-4.415398975302901
SUR,2015,3.9230765214055,-9.9379753485945
SUR,2016,4.1934596896474,-11.6441267803526
SUR,2017,3.657389801732,-14.139531338267998
SUR,2018,3.3175648666635,-14.4793562733365
SUR,2019,3.8786179437235,-13.918303196276499
SUR,2020,3.7911438082902,-14.005777331709798
SUR,2021,3.9148008035639,-13.882120336436099
SUR,2022,3.9563712235632,-13.8405499164368
SUR,2023,3.5866743140538,-14.210246825946198
SVK,2000,50.482046326,41.466988408000006
SVK,2001,51.058344694255,42.751954936255
SVK,2002,50.596098920065,41.801215333065
SVK,2003,51.217226148577,42.967140286577
SVK,2004,50.948603933369,42.736561403369
SVK,2005,51.095412440329,46.755487549329
SVK,2006,51.31735014015,43.90270272415
SVK,2007,50.245456940346,43.261282579346
SVK,2008,50.103727634555,44.232930337555
SVK,2009,45.764592401329,40.109873668328994
SVK,2010,49.101357904735,44.341863914735
SVK,2011,47.479979096406,42.351696724406
SVK,2012,45.381398499146,39.114276431146
SVK,2013,45.841870098727,38.856529317727
SVK,2014,43.045080057047,38.228060278047
SVK,2015,43.929643055047,38.626726068047006
SVK,2016,44.801383389554,39.427417921553996
SVK,2017,47.065080302554,41.795808946554004
SVK,2018,46.669738140209,42.374154309209
SVK,2019,44.01847769767,38.95350986367
SVK,2020,41.996194589153,34.752414493153
SVK,2021,46.371881011479,39.108101539478994
SVK,2022,42.524275323404,35.207053030404
SVK,2023,40.307738950781,32.489926103781
SVN,2000,20.510737165748,14.272222897748001
SVN,2001,22.348171924339,16.058678083339
SVN,2002,22.994088186323,15.586244073323002
SVN,2003,22.831060825235,15.738290688235
SVN,2004,23.365594017681,16.134952665681002
SVN,2005,23.507644097504,16.236961861504
SVN,2006,23.587812278748,16.326135810748
SVN,2007,23.515283737352,15.914078925352001
SVN,2008,24.134269114167,16.787552926167002
SVN,2009,21.870090971951,14.591577740951001
SVN,2010,22.003910730577,14.800682676577
SVN,2011,21.023417241134,13.920566045133999
SVN,2012,20.366291707285,13.337860989285002
SVN,2013,20.323951171877,14.993878406876998
SVN,2014,18.678439360419,19.122527987418998
SVN,2015,18.888000880596,19.428907200596
SVN,2016,19.79198319949,20.48106096249
SVN,2017,20.098764270451,20.784573452451
SVN,2018,20.033218799413,20.818480101412998
SVN,2019,19.354622709803,14.790349076803
SVN,2020,18.023764647531,13.651353646531
SVN,2021,18.190498644401,13.837409097401
SVN,2022,17.498217974052,13.232164948052
SVN,2023,16.677122032559,12.353755746559003
SWE,2000,76.199451875952,13.514357585951991
SWE,2001,75.742621707097,12.142959487097002
SWE,2002,77.116516060082,13.864100140082009
SWE,2003,77.238209341562,15.694256611561997
SWE,2004,75.685643935714,17.446191975714
SWE,2005,71.924123422492,12.025689632492004
SWE,2006,72.176631646822,7.693164956822002
SWE,2007,69.762195792954,4.408762342954006
SWE,2008,68.087860457967,4.809524707967
SWE,2009,63.090359188893,0.42814120889299545
SWE,2010,69.186566963749,5.8008124437490025
SWE,2011,64.633026712264,2.1765978522639955
SWE,2012,61.747978004491,1.1501780044910035
SWE,2013,59.711036013559,-0.7787006864409989
SWE,2014,58.361332930237,-0.9376652597630013
SWE,2015,58.390869234621,1.570108604620998
SWE,2016,58.01746354036,4.063337280359995
SWE,2017,57.336187511831,9.432543971831002
SWE,2018,54.846823201606,13.430173811605997
SWE,2019,54.920918968931,13.555271578930999
SWE,2020,53.705367033247,12.743207493246999
SWE,2021,55.817687035086,17.512834115086
SWE,2022,52.830701898466,17.549789028466
SWE,2023,51.401283651622,18.506877771622
SWZ,2000,3.2550309883852,-0.47996001161479995
SWZ,2001,3.1168648679423,-0.6079249320577
SWZ,2002,3.142283263143,-0.5723053368569997
SWZ,2003,3.181484409502,-0.5229029904979998
SWZ,2004,3.2144251923983,-0.47976100760170004
SWZ,2005,3.1869875839301,-0.4969974160698998
SWZ,2006,3.1101872359917,-0.5635965640082996
SWZ,2007,3.1882526860801,-0.47532991391989965
SWZ,2008,3.1209058414151,-0.5324755585848999
SWZ,2009,3.0837141703413,-0.5594660296587004
SWZ,2010,2.7881695812538,-0.8448094187462001
SWZ,2011,2.6628620590876,-0.9701169409124
SWZ,2012,2.6756836354327,-0.9572953645673001
SWZ,2013,2.8858654427732,-0.7471135572268004
SWZ,2014,2.8962956235298,-0.7366833764702001
SWZ,2015,2.8930762875675,-0.7399027124325004
SWZ,2016,2.9364881012433,-0.6964908987567
SWZ,2017,2.9081180713265,-0.7248609286735004
SWZ,2018,2.9150717557087,-0.7179072442913004
SWZ,2019,3.0110804238343,-0.6218985761657003
SWZ,2020,2.8571328841825,-0.7758461158175001
SWZ,2021,2.9058947006604,-0.7270842993396003
SWZ,2022,3.0491617610153,-0.5838172389847003
SWZ,2023,2.9216943965253,-0.7112846034747
SYC,2000,0.81845222852866,0.5395182285286599
SYC,2001,0.90301898177972,0.62435754377972
SYC,2002,0.82294907141387,0.54503083341387
SYC,2003,0.83002399053281,0.55284895253281
SYC,2004,1.1327959090985,0.8563640710985001
SYC,2005,1.0346679916334,0.7589793536334001
SYC,2006,1.1228230636844,0.8478776256844001
SYC,2007,0.93869668288854,0.66449444488854
SYC,2008,0.99391574798352,0.72045670998352
SYC,2009,1.0956996445759,0.8229838065759
SYC,2010,0.99078476904366,0.7188121310436599
SYC,2011,0.85433914686228,0.58310970886228
SYC,2012,0.96293613693421,0.69244989893421
SYC,2013,0.87798704731028,0.60824400931028
SYC,2014,1.0062733574878,0.7372735194878
SYC,2015,1.0695317091279,0.8012750711279
SYC,2016,1.1897281542371,1.0278841542371002
SYC,2017,1.2447802610725,1.0855620110725002
SYC,2018,1.0934262457646,0.9349511957646
SYC,2019,0.98278715707122,0.82505530707122
SYC,2020,0.92836603955341,0.77702503955341
SYC,2021,0.87965636031746,0.7283153603174599
SYC,2022,0.93729558925271,0.78595458925271
SYC,2023,0.93523607240039,0.7838950724003899
SYR,2000,84.953054398605,84.91505439860501
SYR,2001,77.654514662307,77.61551466230699
SYR,2002,73.310648345834,73.27064834583399
SYR,2003,73.74677739112,73.70577739112001
SYR,2004,74.709607878648,74.667607878648
SYR,2005,86.642449339728,86.599449339728
SYR,2006,88.434705575365,88.391705575365
SYR,2007,92.372942447712,92.329942447712
SYR,2008,92.036939754076,91.993939754076
SYR,2009,89.245852809696,89.202852809696
SYR,2010,88.786442218994,88.74344221899399
SYR,2011,84.432370095666,84.389370095666
SYR,2012,66.592958100007,66.54995810000699
SYR,2013,47.900769116799,47.857769116799
SYR,2014,47.035512904812,46.992512904812
SYR,2015,43.71979963578,43.67679963578
SYR,2016,41.336179099931,41.293179099931
SYR,2017,46.269566133386,46.226566133386
SYR,2018,47.801474407297,47.758474407297
SYR,2019,47.341464685646,47.298464685646
SYR,2020,46.339380871313,46.296380871313
SYR,2021,46.286121865507,46.243121865507
SYR,2022,45.699071780504,45.656071780504
SYR,2023,46.530654724748,46.487654724748
TCA,2000,0.025739387824007,0.025739387824007
TCA,2001,0.027053514313315,0.027053514313315
TCA,2002,0.035465033275644,0.035465033275644
TCA,2003,0.032676257964931,0.032676257964931
TCA,2004,0.035933804422275,0.035933804422275
TCA,2005,0.042697499986534,0.042697499986534
TCA,2006,0.051802581384829,0.051802581384829
TCA,2007,0.062000402479022,0.062000402479022
TCA,2008,0.069543985777765,0.069543985777765
TCA,2009,0.076267898038296,0.076267898038296
TCA,2010,0.083972273333362,0.083972273333362
TCA,2011,0.067303072581532,0.067303072581532
TCA,2012,0.069801814727139,0.069801814727139
TCA,2013,0.079272446348373,0.079272446348373
TCA,2014,0.087085253859618,0.087085253859618
TCA,2015,0.091308418127152,0.091308418127152
TCA,2016,0.098340789042257,0.098340789042257
TCA,2017,0.098093475115824,0.098093475115824
TCA,2018,0.20146822603072,0.20146822603072
TCA,2019,0.23228769440517,0.23228769440517
TCA,2020,0.22502936400687,0.22502936400687
TCA,2021,0.22429980509979,0.22429980509979
TCA,2022,0.22948380578068,0.22948380578068
TCA,2023,0.23004119034807,0.23004119034807
TCD,2000,26.570023809808,21.426023809808
TCD,2001,27.836148467823,22.692148467823003
TCD,2002,29.327871451873,24.183871451873003
TCD,2003,31.456260853575,26.312260853574998
TCD,2004,34.737426764347,29.593426764347
TCD,2005,36.635132607364,31.491132607364
TCD,2006,38.301977451941,33.157977451941
TCD,2007,40.221805876853,35.077805876853
TCD,2008,41.977976007755,36.833976007755
TCD,2009,44.053796655023,38.909796655023
TCD,2010,46.629770873025,42.048645873025
TCD,2011,48.9602368967,44.9419868967
TCD,2012,52.080184187492,48.624809187492005
TCD,2013,54.751741593379,51.859241593379004
TCD,2014,57.757862370309,55.428237370309
TCD,2015,62.764528081948,60.997778081948
TCD,2016,66.10827980874,64.90440480874
TCD,2017,69.976169549823,69.335169549823
TCD,2018,74.114511977222,73.46751197722199
TCD,2019,78.082801693068,77.42880169306801
TCD,2020,82.415826235616,77.27182623561599
TCD,2021,86.141313093366,80.99731309336599
TCD,2022,91.531200650254,86.38720065025399
TCD,2023,96.873253364772,91.72925336477199
TGO,2000,4.7253512888226,23.918609988822602
TGO,2001,4.7178138559478,24.4846942859478
TGO,2002,4.8942815389668,25.234783708966802
TGO,2003,5.2488069582776,26.1629308682776
TGO,2004,5.2731226747727,26.7608683247727
TGO,2005,5.4547986230707,27.516166013070702
TGO,2006,5.4302296852111,28.0652188152111
TGO,2007,5.4984601590686,28.7070710290686
TGO,2008,5.9842825189979,29.766515128997902
TGO,2009,7.3898023613353,31.7456567113353
TGO,2010,7.2961286208583,32.2256047108583
TGO,2011,7.221279556812,32.724377386812
TGO,2012,7.5998027423605,33.676522312360504
TGO,2013,7.4793832902045,34.1297245902045
TGO,2014,7.2482940702738,34.4722571102738
TGO,2015,7.2800699049967,35.0776546849967
TGO,2016,8.0745745951736,36.4457811151736
TGO,2017,7.8173233836482,36.7621516436482
TGO,2018,8.2848224271831,37.8032724271831
TGO,2019,8.728604940108,38.247054940108
TGO,2020,9.3528593299575,38.8713093299575
TGO,2021,9.7450064178607,39.2634564178607
TGO,2022,10.128055090131,39.646505090131
TGO,2023,10.545133384788,40.063583384788004
THA,2000,266.58681906878,221.14321906878
THA,2001,278.65693187897,224.22002187897
THA,2002,291.77899207615,247.65294207615003
THA,2003,305.22962199177,259.34221199177
THA,2004,327.0301371245,272.8840871245
THA,2005,338.87219450696,280.53176450696003
THA,2006,343.89792108755,282.50705108755
THA,2007,355.10252176872,286.70615176872
THA,2008,356.99055412476,287.80558412476
THA,2009,354.29965024226,283.10261024225997
THA,2010,373.95030959646,308.12257959646
THA,2011,373.98369592468,299.34751592468
THA,2012,392.5640698053,311.8681298053
THA,2013,403.86672511664,320.75588511664
THA,2014,395.70634490521,295.19809490521004
THA,2015,401.38253653418,314.04496653418005
THA,2016,401.08994442238,314.03534442238
THA,2017,406.63680870109,321.25598870109
THA,2018,402.11731623537,316.14901623537
THA,2019,410.46006129419,318.47154129419
THA,2020,403.90953636972,311.92101636972
THA,2021,398.69811090178,306.70959090178
THA,2022,417.77118043425,325.78266043425003
THA,2023,410.66283061029,318.67431061029
TJK,2000,10.50862402351,11.99244254651
TJK,2001,9.999226935391,11.579925493391
TJK,2002,10.857186204057,12.490053140057
TJK,2003,10.199688615271,11.884995165271
TJK,2004,12.334394273533,14.072023007533
TJK,2005,11.808893406205,13.599067085205
TJK,2006,12.488926862258,14.331719029258
TJK,2007,13.971814649019,15.866722370019001
TJK,2008,12.789472113731,14.736988200731
TJK,2009,12.006610793388,14.006656880388
TJK,2010,11.887497464394,13.942814861394
TJK,2011,11.854492608854,13.962431674854
TJK,2012,12.82961618748,14.326075210479999
TJK,2013,13.052522070734,14.324804037734
TJK,2014,14.517955610017,15.564601868017
TJK,2015,15.287949689115,16.108960239115
TJK,2016,16.322312213396,16.917701210396
TJK,2017,18.055080377643,18.424852644643
TJK,2018,19.42729917397,19.571459296969998
TJK,2019,20.410574415745,20.326212472745
TJK,2020,21.126411037543,20.819874555543002
TJK,2021,21.353209211726,20.765905054726
TJK,2022,21.848950302171,20.980907334171
TJK,2023,21.673821732673,20.805778764673
TKM,2000,59.589735614204,58.860055614204
TKM,2001,61.201225126927,60.442346626927
TKM,2002,67.583488289158,66.795411289158
TKM,2003,77.011753770127,76.19447827012701
TKM,2004,80.871705279429,80.025231279429
TKM,2005,81.221964253351,80.355448253351
TKM,2006,85.225550860249,84.359034860249
TKM,2007,89.799171155744,88.932655155744
TKM,2008,93.563043994318,92.69652799431799
TKM,2009,81.743983799864,80.877467799864
TKM,2010,88.856683388153,87.990167388153
TKM,2011,95.548305610703,94.68178961070299
TKM,2012,99.43910331525,98.57258731524999
TKM,2013,98.419854149282,97.553338149282
TKM,2014,97.034765036556,96.16824903655599
TKM,2015,102.82381033382,101.95729433382
TKM,2016,100.91360549923,100.04708949923
TKM,2017,105.30168082146,104.43516482145999
TKM,2018,107.15990880827,106.29339280827
TKM,2019,106.3271507725,105.4606347725
TKM,2020,109.88407093077,109.01755493076999
TKM,2021,128.43486723351,127.56835123351
TKM,2022,134.77888368106,133.91236768106
TKM,2023,128.31960361542,127.45308761541999
TLS,2000,1.0225592176246,0.7195592176246
TLS,2001,1.0805093640559,0.7775093640559001
TLS,2002,1.0619182698538,0.7589182698538
TLS,2003,1.0814678132267,0.7784678132267
TLS,2004,1.682526419053,1.379526419053
TLS,2005,2.0152145597055,1.7122145597055
TLS,2006,2.1607737362364,3.3437737362364004
TLS,2007,1.9758187828198,-3.6111812171802
TLS,2008,2.1780685057015,-2.3859314942985
TLS,2009,2.1721327374555,-0.24986726254449998
TLS,2010,2.0811302155222,1.8021302155222
TLS,2011,2.2237447490232,-1.2062552509768003
TLS,2012,2.6146442696843,-0.24435573031570001
TLS,2013,2.3782916920981,-0.26170830790190003
TLS,2014,2.16042986354,3.59942986354
TLS,2015,2.2114554369908,0.7334554369908
TLS,2016,2.0160142916992,0.5380142916992001
TLS,2017,1.8953452760857,0.41734527608569993
TLS,2018,1.8814235759496,0.4034235759496001
TLS,2019,2.1094838304764,0.6314838304764001
TLS,2020,1.914057194118,0.43605719411800004
TLS,2021,1.8925020203808,0.4145020203808001
TLS,2022,1.932907932729,0.454907932729
TLS,2023,1.8770238971866,0.39902389718660003
TON,2000,0.20813959531716,-1.78886040468284
TON,2001,0.20297064777483,-1.79402935222517
TON,2002,0.2136155313233,-1.7833844686767002
TON,2003,0.2353184646726,-1.7616815353274
TON,2004,0.22134456977249,-1.77565543022751
TON,2005,0.23106037524465,-1.76593962475535
TON,2006,0.24339644985408,-1.63560355014592
TON,2007,0.22473878518504,-1.7722612148149601
TON,2008,0.23478952996764,-1.7622104700323602
TON,2009,0.24213164299503,-1.7548683570049701
TON,2010,0.23781544165453,-1.7591845583454702
TON,2011,0.23149075853157,-1.7655092414684301
TON,2012,0.23082645633291,-1.7661735436670902
TON,2013,0.23227700175048,-1.76472299824952
TON,2014,0.24559570864365,-1.7514042913563501
TON,2015,0.24937015801692,-1.74762984198308
TON,2016,0.25892695720309,-1.73807304279691
TON,2017,0.27155751115839,-1.72544248884161
TON,2018,0.26437141329909,-1.7326285867009101
TON,2019,0.28361151443769,-1.71338848556231
TON,2020,0.3079604666918,-1.6890395333082
TON,2021,0.32897146706797,-1.6680285329320301
TON,2022,0.28370553828823,-1.71329446171177
TON,2023,0.28424192441385,-1.7127580755861502
TTO,2000,23.502162603664,21.198032603664
TTO,2001,26.294624913158,23.990494913158
TTO,2002,28.34492858402,26.04079858402
TTO,2003,32.405748762861,30.101618762861
TTO,2004,34.546976301408,32.242846301408
TTO,2005,41.54201560895,39.23788560895
TTO,2006,45.699209459516,43.395079459516
TTO,2007,46.509467952548,44.271847952548
TTO,2008,45.50181075603,43.225190756029995
TTO,2009,44.375298780632,42.096458780632
TTO,2010,48.074418696382,46.156438696382
TTO,2011,48.211733169758,45.939563169757996
TTO,2012,44.706039840354,42.443979840354004
TTO,2013,43.909570035654,41.732030035654
TTO,2014,43.775157491893,41.577597491892995
TTO,2015,43.362139411128,41.200989411128
TTO,2016,40.049957426838,37.921827426838
TTO,2017,39.076234175446,36.969894175445994
TTO,2018,39.279167116887,37.086747116887004
TTO,2019,40.068158144149,37.875738144149004
TTO,2020,36.523953821067,34.331533821067005
TTO,2021,35.306543610234,33.114123610234
TTO,2022,35.189277148688,32.996857148688
TTO,2023,33.675368740011,31.482948740011004
TUN,2000,31.604427662454,21.176187662453998
TUN,2001,32.579958140271,22.151718140271
TUN,2002,32.326272216074,21.898032216074
TUN,2003,32.034265267251,21.606025267251
TUN,2004,33.607421776028,23.179181776027995
TUN,2005,34.823734531635,24.395494531634995
TUN,2006,36.203509767996,25.775269767996
TUN,2007,37.060718095686,26.632478095685997
TUN,2008,38.341019399884,27.912779399883995
TUN,2009,38.227397720113,27.799157720112994
TUN,2010,40.141590424703,29.713350424702995
TUN,2011,38.317424857456,27.637924857455996
TUN,2012,40.324355562453,29.439835562453
TUN,2013,40.055253918109,28.951603918109
TUN,2014,42.013709406213,30.736869406213003
TUN,2015,42.436102195653,30.643702195653
TUN,2016,41.627445233745,29.174745233745
TUN,2017,41.840738996697,29.179938996696997
TUN,2018,41.830819867922,28.167659867922005
TUN,2019,41.883680903341,28.842350903341
TUN,2020,40.355521011783,27.085401011783
TUN,2021,43.31987702753,29.88898702753
TUN,2022,42.705448453523,29.274558453523
TUN,2023,43.602061434389,30.171171434389002
TUR,2000,301.8184139993,233.35951723929998
TUR,2001,278.60535446817,207.78641512817
TUR,2002,289.73731455343,220.30080650343
TUR,2003,302.70714455503,231.33927759503
TUR,2004,309.66871597951,239.69734127951
TUR,2005,320.73023821935,248.44136789934998
TUR,2006,352.19088899541,280.48155344541
TUR,2007,379.25637007571,307.11932989571
TUR,2008,378.80854399983,310.54716460983
TUR,2009,383.40980036596,312.49972585596
TUR,2010,394.85122395214,322.66948531214
TUR,2011,418.00671393517,342.28132333517
TUR,2012,434.13872298567,360.48707715566997
TUR,2013,427.84288246281,351.16496260280996
TUR,2014,451.7437153716,374.7247644716
TUR,2015,465.34766747609,392.32300578609
TUR,2016,492.36810102184,418.44845270184
TUR,2017,535.87723992478,459.62652382478007
TUR,2018,538.89424865381,468.34886283381
TUR,2019,528.91451266569,464.38266774569
TUR,2020,543.42886990345,485.46526951345004
TUR,2021,581.98482574219,532.7497586521899
TUR,2022,564.26141976552,507.86567144552004
TUR,2023,564.06213931786,494.68348691786
TWN,2000,259.16494338215,259.16494338215
TWN,2001,267.33157627462,267.33157627462
TWN,2002,322.42102268243,322.42102268243
TWN,2003,333.5155695941,333.5155695941
TWN,2004,348.35277570571,348.35277570571
TWN,2005,342.5018074386,342.5018074386
TWN,2006,332.47432314704,332.47432314704
TWN,2007,341.67219305766,341.67219305766
TWN,2008,324.80059020236,324.80059020236
TWN,2009,306.56814380894,306.56814380894
TWN,2010,313.73755013008,313.73755013008
TWN,2011,320.33784437462,320.33784437462
TWN,2012,314.58899966266,314.58899966266
TWN,2013,319.76641568342,319.76641568342
TWN,2014,324.67291254003,324.67291254003
TWN,2015,323.55902946413,323.55902946413
TWN,2016,327.0763431607,327.0763431607
TWN,2017,332.65062621671,332.65062621671
TWN,2018,328.54487896586,328.54487896586
TWN,2019,318.57234829518,318.57234829518
TWN,2020,317.03714678416,317.03714678416
TWN,2021,328.01532467443,328.01532467443
TWN,2022,318.56015234013,318.56015234013
TWN,2023,310.44051821254,310.44051821254
TZA,2000,39.196781054338,82.933755054338
TZA,2001,40.035878003587,83.77285200358699
TZA,2002,41.273647906793,85.010621906793
TZA,2003,43.049136156709,86.78611015670899
TZA,2004,44.614640927244,88.35161492724399
TZA,2005,46.440984144211,90.177958144211
TZA,2006,48.004402767261,91.74137676726099
TZA,2007,48.008550033271,91.745524033271
TZA,2008,49.440029180652,93.177003180652
TZA,2009,50.125574233872,93.86254823387199
TZA,2010,52.924342814063,96.661316814063
TZA,2011,57.727896140631,101.464870140631
TZA,2012,61.13525165896,104.87222565895999
TZA,2013,65.165516659252,108.90249065925201
TZA,2014,66.83646002838,110.57343402838
TZA,2015,70.41584585525,114.15281985524999
TZA,2016,72.557370995882,116.294344995882
TZA,2017,73.160761638746,116.89773563874598
TZA,2018,74.277012531663,118.013986531663
TZA,2019,79.442472147818,123.179446147818
TZA,2020,81.879657570976,125.61663157097598
TZA,2021,85.328244484359,129.065218484359
TZA,2022,89.522934303618,133.259908303618
TZA,2023,99.484975000449,143.221949000449
UGA,2000,19.633917305755,39.315132475755
UGA,2001,20.204426433725,41.879241603725
UGA,2002,21.055603670498,44.724018840498005
UGA,2003,21.940449560429,47.602464730429
UGA,2004,22.509997715218,50.165612885217996
UGA,2005,23.687872603761,53.337087773761
UGA,2006,24.488129426334,56.893544596333996
UGA,2007,25.817452210243,60.979067380242995
UGA,2008,33.381821372624,71.299636542624
UGA,2009,34.725611845722,75.39962701572199
UGA,2010,35.832401208548,79.26261637854799
UGA,2011,37.381057066678,82.73707223667799
UGA,2012,38.624703475325,85.90651864532501
UGA,2013,39.655313440948,88.86292861094799
UGA,2014,41.383711278869,92.51712644886899
UGA,2015,43.428425866074,96.487641036074
UGA,2016,45.398792045674,100.162807595674
UGA,2017,45.964659244576,102.433475164576
UGA,2018,48.07430573641,104.54312165641
UGA,2019,49.980419360983,106.449235280983
UGA,2020,50.91807767192,107.38689359192
UGA,2021,53.560191471655,110.029007391655
UGA,2022,54.269573764408,110.73838968440799
UGA,2023,56.602816822457,113.071632742457
UKR,2000,462.11092800913,428.48970603913
UKR,2001,460.265503121,435.039376061
UKR,2002,463.15764841687,440.28891717687003
UKR,2003,495.65790704567,463.13978769567
UKR,2004,468.9642603725,449.9444989625
UKR,2005,456.23518394363,437.75748755362997
UKR,2006,455.73434975784,433.23800891784
UKR,2007,471.21759045388,447.47146774388
UKR,2008,455.99248999514,445.26411084513995
UKR,2009,389.79411554159,373.85764763159
UKR,2010,414.19987045953,393.02953558953004
UKR,2011,441.13450410085,434.01329433784997
UKR,2012,431.65277176973,420.73202377973
UKR,2013,423.15490945062,424.51866473262
UKR,2014,372.05925081533,374.57470516933
UKR,2015,316.85929513759,320.78368186359
UKR,2016,322.8815300173,328.7810042743
UKR,2017,297.82488201818,295.13019892518
UKR,2018,311.19258704811,318.12701058411
UKR,2019,301.63754722443,306.51578251943005
UKR,2020,292.72726136996,276.59294208996
UKR,2021,285.0364430315,279.4440763745
UKR,2022,199.76947639321,183.90054523321
UKR,2023,201.61230024945,190.27817797945
URY,2000,33.828876436145,25.309896297145002
URY,2001,33.479990117115,24.961009978115
URY,2002,34.179687004724,25.660706865724002
URY,2003,35.132908141226,26.613928002225997
URY,2004,37.148849021478,28.629868882478
URY,2005,37.303043071841,28.784062932841003
URY,2006,39.334068921025,30.815088782025
URY,2007,38.502039555271,29.983059416270997
URY,2008,42.110139948509,33.591159809509
URY,2009,41.493451807241,32.974471668241
URY,2010,38.463701072647,29.944720933646998
URY,2011,39.678071104491,31.159090965491004
URY,2012,40.266970326256,31.747990187256
URY,2013,39.073098200162,30.554118061162
URY,2014,39.229112449497,30.710132310497002
URY,2015,39.672967590896,31.153987451896
URY,2016,39.87998532913,31.36100519013
URY,2017,39.014349300542,30.495369161542
URY,2018,38.661447648764,30.142467509764003
URY,2019,39.238148541415,30.719168402415
URY,2020,38.604940144212,30.085960005212
URY,2021,42.271809585648,32.475142985648
URY,2022,41.11042764077,32.04478776677
URY,2023,42.927177934819,33.861538060819
USA,2000,7219.8245266726,6173.0553556726
USA,2001,7157.7928391183,6121.665232118301
USA,2002,6992.3985811199,6000.6482446199
USA,2003,7058.6436863279,6038.8193443279
USA,2004,7157.7987293856,6220.9404689856
USA,2005,7160.6390468343,6184.0611000343
USA,2006,7041.3086154519,6027.4566284519
USA,2007,7129.181816994,6162.926639994
USA,2008,6941.7304889558,5968.6606343558
USA,2009,6487.7010143225,5572.686062922499
USA,2010,6754.1863885023,5812.6176778023
USA,2011,6546.8700055415,5545.0182445415
USA,2012,6311.6934513556,5320.3874012556
USA,2013,6448.6367475897,5499.2769541897
USA,2014,6488.4767561046,5508.1081583046
USA,2015,6364.0037224415,5467.7971668415
USA,2016,6237.7379601405,5263.9707668405
USA,2017,6183.6444640605,5191.7608571605
USA,2018,6370.4475659533,5392.1600941533
USA,2019,6248.2428848461,5326.6354555461
USA,2020,5703.9154192536,4731.1499611536
USA,2021,6000.5067145446,5017.0885337446
USA,2022,6074.2361549158,5152.444391515801
USA,2023,5890.9864277975,4969.194664397501
UZB,2000,169.40504937307,160.61460166407
UZB,2001,175.01424817489,167.07966851189002
UZB,2002,185.78778187766,181.36874132766
UZB,2003,174.13707407954,168.35425068654
UZB,2004,176.14120574206,169.56967589006
UZB,2005,177.25225657064,175.27978642163998
UZB,2006,189.40995935647,187.97939414347002
UZB,2007,183.60085907897,182.63047269697
UZB,2008,195.14118069026,195.87486529626
UZB,2009,176.54807338944,176.99575870644
UZB,2010,192.44408244687,192.27625671287
UZB,2011,198.3916122615,196.7479239575
UZB,2012,187.06149906342,184.90409874642
UZB,2013,186.46860019487,184.82021716887
UZB,2014,178.11406747351,174.03673910451
UZB,2015,173.18532580534,169.28831383334
UZB,2016,182.96665227874,179.91736519474
UZB,2017,188.05239983729,186.17195569829002
UZB,2018,185.51816310193,184.20151028393002
UZB,2019,189.63607707028,187.67592683628
UZB,2020,198.23833566075,195.24262058375
UZB,2021,210.47886876332,205.94856095832
UZB,2022,206.85465876135,198.39436398935
UZB,2023,211.3656942826,202.9053995106
VCT,2000,0.09236459861035,0.04296459861035
VCT,2001,0.098925587999478,0.047975587999477994
VCT,2002,0.10591694782307,0.05341694782307
VCT,2003,0.1096063225748,0.055556322574800004
VCT,2004,0.11439500181445,0.05879500181445001
VCT,2005,0.11683705174316,0.061237051743160006
VCT,2006,0.12436863248532,0.06876863248532
VCT,2007,0.13059924275831,0.07499924275831
VCT,2008,0.13436840455389,0.07876840455388999
VCT,2009,0.17899943799582,0.12339943799582
VCT,2010,0.15153533598806,0.09593533598805999
VCT,2011,0.1249753257228,0.0693753257228
VCT,2012,0.1428065165317,0.08720651653170002
VCT,2013,0.13564893847884,0.08004893847884
VCT,2014,0.14531085051658,0.08971085051658
VCT,2015,0.14762491477361,0.09202491477361001
VCT,2016,0.15340321190487,0.09780321190487
VCT,2017,0.16130377525668,0.10570377525668
VCT,2018,0.16218840291425,0.10658840291425
VCT,2019,0.16883448607133,0.11323448607133
VCT,2020,0.17601624905273,0.12041624905273
VCT,2021,0.16935967754283,0.11375967754282999
VCT,2022,0.18004950842622,0.12444950842622
VCT,2023,0.18070366581762,0.12510366581762
VEN,2000,222.84678939438,-84.43145640561997
VEN,2001,229.0593016287,-59.16309937129998
VEN,2002,230.27065558602,-66.19271331397997
VEN,2003,225.32101432961,-48.68280637039001
VEN,2004,235.96599885497,-55.01621804503003
VEN,2005,244.9699320081,-40.961837791899995
VEN,2006,247.85925265015,-40.90930554984996
VEN,2007,246.78920378327,-37.90260951672997
VEN,2008,258.04860213967,-30.81037616033001
VEN,2009,256.0193827142,-32.0310350858
VEN,2010,260.96711984591,-26.751440354089993
VEN,2011,258.04897084406,-40.70145665593998
VEN,2012,284.5547772545,-12.4013990455
VEN,2013,283.65620078494,-6.160178615060033
VEN,2014,281.46804076602,-4.855057533980016
VEN,2015,262.94895229995,-29.966269600049998
VEN,2016,246.14185914792,-43.712073752080016
VEN,2017,231.08141662598,-65.34028767401998
VEN,2018,210.63567007142,-74.88799452858001
VEN,2019,189.50281735305,-89.18996974694997
VEN,2020,141.50348367823,-128.33314952177
VEN,2021,141.32641671664,-159.83333318336
VEN,2022,160.26066809119,-124.65900320880999
VEN,2023,165.31150374865,-119.60816755135
VGB,2000,0.039790270829504,0.039790270829504
VGB,2001,0.040023574199348,0.040023574199348
VGB,2002,0.043469633012675,0.043469633012675
VGB,2003,0.047065235768304,0.047065235768304
VGB,2004,0.048183825599343,0.048183825599343
VGB,2005,0.050154781000737,0.050154781000737
VGB,2006,0.057968172746606,0.057968172746606
VGB,2007,0.06194500694971,0.06194500694971
VGB,2008,0.068434868061069,0.068434868061069
VGB,2009,0.077217367616759,0.077217367616759
VGB,2010,0.084498492412033,0.084498492412033
VGB,2011,0.069472129110273,0.069472129110273
VGB,2012,0.071393497468673,0.071393497468673
VGB,2013,0.079978542164812,0.079978542164812
VGB,2014,0.084912492272086,0.084912492272086
VGB,2015,0.086599395284719,0.086599395284719
VGB,2016,0.092303465730877,0.092303465730877
VGB,2017,0.082066237058719,0.082066237058719
VGB,2018,0.081414982065609,0.081414982065609
VGB,2019,0.10293718704032,0.10293718704032
VGB,2020,0.1002817834891,0.1002817834891
VGB,2021,0.10040000308437,0.10040000308437
VGB,2022,0.10462310135875,0.10462310135875
VGB,2023,0.10500230045284,0.10500230045284
VNM,2000,163.64243033624,124.15117033624001
VNM,2001,168.13075425863,128.63949425863
VNM,2002,182.8944836504,143.40322365039998
VNM,2003,191.03922857501,151.54796857500997
VNM,2004,213.41539352208,173.92413352208
VNM,2005,225.20493603289,185.71367603289002
VNM,2006,231.43666427557,191.94540427557
VNM,2007,245.1668134278,205.67555342780003
VNM,2008,256.19882965482,216.70756965481996
VNM,2009,275.68429743224,236.19303743223998
VNM,2010,292.74041444963,253.24915444963
VNM,2011,295.64140144123,256.15014144123
VNM,2012,295.46043066396,255.96917066395997
VNM,2013,304.03801192923,264.54675192922997
VNM,2014,320.08947278183,280.59821278183
VNM,2015,343.62626688589,304.13500688589
VNM,2016,364.37846545909,324.88720545909
VNM,2017,370.39054201213,330.89928201213
VNM,2018,427.73994572407,388.24868572407
VNM,2019,484.71004233454,445.21878233454
VNM,2020,492.95508878219,453.46382878219
VNM,2021,486.77943496699,447.28817496698997
VNM,2022,494.47437524804,454.98311524804
VNM,2023,542.92347455966,503.43221455966
VUT,2000,0.52377197290464,-6.49722802709536
VUT,2001,0.51392833047838,-6.50707166952162
VUT,2002,0.51338724253027,-6.50761275746973
VUT,2003,0.54457405160473,-6.47642594839527
VUT,2004,0.52647531200492,-6.49452468799508
VUT,2005,0.5350819220472,-6.4859180779528
VUT,2006,0.53463852047307,-6.48636147952693
VUT,2007,0.66221239817374,-6.3587876018262595
VUT,2008,0.66517090637808,-6.35582909362192
VUT,2009,0.6475748954314,-6.3734251045686
VUT,2010,0.67076647466341,-6.35023352533659
VUT,2011,0.70522464225899,-6.23177535774101
VUT,2012,0.67432785249983,-6.2626721475001705
VUT,2013,0.67831265382799,-6.25868734617201
VUT,2014,0.70485774744635,-6.2321422525536505
VUT,2015,0.63536547214449,-6.30163452785551
VUT,2016,0.56113568226488,-6.37586431773512
VUT,2017,0.52886623150438,-6.40813376849562
VUT,2018,0.59500447129693,-6.3419955287030705
VUT,2019,0.58731794401044,-6.34968205598956
VUT,2020,0.62265525831704,-6.314344741682961
VUT,2021,0.66577506999144,-6.27122493000856
VUT,2022,0.64761368943735,-6.289386310562651
VUT,2023,0.62263026183974,-6.31436973816026
WSM,2000,0.36078576641003,-0.7330713765899699
WSM,2001,0.38935463090183,-0.64835965509817
WSM,2002,0.39683419259237,-0.58473723640763
WSM,2003,0.40594942095488,-0.5194791500451199
WSM,2004,0.40434059410901,-0.46494511989098997
WSM,2005,0.41191437001749,-0.40122848698251
WSM,2006,0.41279189762606,-0.34420810237394
WSM,2007,0.42544877232542,-0.33155122767458
WSM,2008,0.4291095859613,-0.3278904140387
WSM,2009,0.43957875552483,-0.31742124447517
WSM,2010,0.46876046061792,-0.28823953938208
WSM,2011,0.48133088801851,-0.27566911198149
WSM,2012,0.48658328010094,-0.27041671989906
WSM,2013,0.50131494962748,-0.25568505037252
WSM,2014,0.51000842863202,-0.24699157136798
WSM,2015,0.56582489773963,-0.19117510226037004
WSM,2016,0.57209047484847,-0.18490952515153003
WSM,2017,0.52258522060581,-0.23441477939418998
WSM,2018,0.53373978907206,-0.22326021092794002
WSM,2019,0.5405521423537,-0.21644785764630003
WSM,2020,0.46663958331435,-0.54300327368565
WSM,2021,0.52858811175943,-0.23964045924056998
WSM,2022,0.5115598408111,-0.2566687301889
WSM,2023,0.50795917422605,-0.26026939677395
YEM,2000,32.433292475644,30.546292475644
YEM,2001,33.409807914473,31.522807914473
YEM,2002,33.739102417061,31.852102417060998
YEM,2003,38.946305314198,37.059305314198
YEM,2004,39.921691456615,38.034691456615
YEM,2005,44.197397526718,42.310397526718
YEM,2006,48.728334991531,46.841334991531
YEM,2007,50.956930927988,49.069930927988
YEM,2008,50.253029420743,48.366029420743
YEM,2009,53.511103463726,51.624103463726
YEM,2010,53.020240545527,51.133240545527
YEM,2011,47.410225490711,45.523225490711
YEM,2012,44.506902128024,42.619902128024
YEM,2013,52.941210452189,51.054210452189
YEM,2014,51.661282202231,49.774282202231
YEM,2015,31.475371871207,29.588371871207
YEM,2016,27.208253794057,25.321253794057
YEM,2017,28.29203060665,26.405030606649998
YEM,2018,31.816446442053,29.929446442053
YEM,2019,33.705398483042,31.818398483042003
YEM,2020,33.051043834226,31.164043834226
YEM,2021,33.603292293099,31.716292293099002
YEM,2022,33.562910785366,31.675910785366
YEM,2023,32.365880743118,30.478880743117998
ZAF,2000,449.68127648261,409.12063957261
ZAF,2001,461.08605885154,430.24683652154
ZAF,2002,475.91070520042,446.73400473042
ZAF,2003,502.8079804007,457.7886349407
ZAF,2004,537.00157678595,500.84864299594994
ZAF,2005,549.40256057746,534.83380237746
ZAF,2006,553.5642191437,533.8620104237
ZAF,2007,575.59944310494,545.3902102449399
ZAF,2008,604.93797972966,588.87834628966
ZAF,2009,573.05246483769,538.31237341769
ZAF,2010,581.50665009309,555.29552415309
ZAF,2011,561.31659269451,528.75200478451
ZAF,2012,582.71166931027,547.6678810202701
ZAF,2013,597.176312198,551.598338388
ZAF,2014,610.89302245593,573.07449544593
ZAF,2015,584.94993716962,570.61508372962
ZAF,2016,582.20418191814,550.53174190814
ZAF,2017,599.07159712591,584.37671061591
ZAF,2018,600.39290237711,589.7576479271099
ZAF,2019,604.70192096562,567.6152175056201
ZAF,2020,576.99902148253,529.66866082253
ZAF,2021,575.42920605833,538.34334895833
ZAF,2022,556.07994103405,499.37268707404996
ZAF,2023,555.4452876161,498.7380336561
ZMB,2000,14.009993641603,-38.434806358397
ZMB,2001,15.178592786469,-36.15088721353099
ZMB,2002,14.456214215236,-35.757945784764
ZMB,2003,15.011101322984,-34.087738677016006
ZMB,2004,15.273185438458,-32.710334561542
ZMB,2005,16.293509767048,-30.574690232952
ZMB,2006,16.294637093277,-28.227582906722997
ZMB,2007,15.76817826618,-26.40806173382
ZMB,2008,16.70262452179,-23.127635478210003
ZMB,2009,18.262530933163,-19.221749066837
ZMB,2010,19.940939233059,-15.197360766941
ZMB,2011,19.778905415259,-18.735094584741002
ZMB,2012,23.269153113668,-14.148946886332002
ZMB,2013,24.553695829287,-11.739304170712998
ZMB,2014,25.548037791706,-9.589562208293998
ZMB,2015,26.210874570434,-7.740225429565996
ZMB,2016,27.061094815467,-6.598105184532997
ZMB,2017,29.284646693783,-4.374553306216999
ZMB,2018,30.964710217615,-2.6944897823849985
ZMB,2019,32.391217215242,-1.2679827847579972
ZMB,2020,33.012913839822,-0.6462861601780006
ZMB,2021,34.149269234358,0.4900692343580033
ZMB,2022,37.109063724268,3.449863724267999
ZMB,2023,37.492002607558,3.8328026075580013
ZWE,2000,31.243551021075,34.143801021075
ZWE,2001,31.405986000587,35.540633000587
ZWE,2002,28.688619027616,34.057663027616
ZWE,2003,25.436690638211,32.040131638211
ZWE,2004,24.607813816175,32.445651816175
ZWE,2005,25.897753767114,34.969988767114
ZWE,2006,24.815709636112,35.122341636112
ZWE,2007,24.839835483427,36.380864483427
ZWE,2008,22.233171862533,35.008597862532994
ZWE,2009,22.813898937616,36.823721937616
ZWE,2010,25.989584028972,41.233804028972
ZWE,2011,32.486988558357,47.731208558357
ZWE,2012,29.533546082587,44.777766082587
ZWE,2013,29.659601373737,44.903821373737
ZWE,2014,27.409792730326,42.654012730326
ZWE,2015,28.469445122311,43.713665122311
ZWE,2016,26.592808877788,41.837028877788
ZWE,2017,26.051406086188,41.295626086188
ZWE,2018,28.031080455832,43.275300455832
ZWE,2019,26.469485062139,41.713705062139
ZWE,2020,24.793786060678,40.038006060678
ZWE,2021,27.149709492206,42.393929492206
ZWE,2022,28.025626825529,43.269846825529
ZWE,2023,30.124984826137,45.369204826137
